0.050080088084876545	0.7537318567740403	0.9936572685462908	56.940141167843066	4976	0.00020096463022508038	1.247883983573131	0.0011957375530599317	0.41814517096580683	2.0	2	-0.0	24.556906701793757	0.7124242098427568	554764
0.050040020008803685	0.7532724485885322	0.9943275344931014	63.66680323671003	4976	0.00020096463022508038	1.2461840229304884	1.7589547667637146e-5	0.4172733453309338	2.0	2	-0.0	24.542660968446803	0.7081926413977229	569029
0.050040020008803685	0.7532383973748661	0.995628074385123	58.40765765765766	4976	0.00020096463022508038	1.2866314861091341	0.00027726337802330323	0.4164335132973405	2.0	2	-0.0	24.52828841963762	0.7030816980672772	583425
0.050060048033622094	0.753356468995018	0.9958792241551689	49.93174526788579	4976	0.00020096463022508038	1.2564795035454792	9.951931484141368e-6	0.4156000799840032	2.0	2	-0.0	24.514017496628433	0.6971618802461278	597734
0.050060048033622094	0.7533240974196266	0.9950889822035592	61.05761680408324	4976	0.00020096463022508038	1.28274356757029	-8.516974052126231e-5	0.41473305338932215	2.0	2	-0.0	24.499649590411252	0.6903413950204156	612164
0.050060048033622094	0.753255194477892	0.9955592881423715	57.95223018903064	4976	0.00020096463022508038	1.2897597348911836	6.173119534828287e-5	0.4138516296740652	2.0	2	-0.0	24.485288989802743	0.6826493503995097	626607
0.050080088084876545	0.7531870890997989	0.9953449310137973	59.00009482268158	4976	0.00020096463022508038	1.2861250420515904	1.94887231933832e-6	0.413005398920216	2.0	2	-0.0	24.471060280486977	0.674149866211064	640924
0.050060048033622094	0.7537744729948206	0.9922975404919017	70.05985995030494	4976	0.00020096463022508038	0.8250807761477665	-0.000207847141500806	0.4121623675264947	2.0	2	-0.0	24.456837613761092	0.6647650694726036	655249
0.05012020430522633	0.7533950345270434	0.9952809438112378	60.9557166650338	4976	0.00020096463022508038	1.2368900649364523	0.0005109801788526293	0.41129534093181364	2.0	2	-0.0	24.442507018250488	0.6543925903945041	669704
0.05012020430522633	0.7532232252846445	0.9950489902019596	57.377548196660825	4976	0.00020096463022508038	1.293454282717242	0.00025697458653693364	0.41044591081783643	2.0	2	-0.0	24.42836176718396	0.6432305734057434	683985
0.050040020008803685	0.7536156504331614	0.9953497300539892	58.026485125431314	4976	0.00020096463022508038	1.2739511537515298	-0.00040752321294539615	0.4096076784643071	2.0	2	-0.0	24.41423058998598	0.6311398878553037	698263
0.050040020008803685	0.7551546259106553	0.9957432513497301	60.45687645687646	4976	0.00020096463022508038	1.2601413706948703	0.0011847776923472279	0.40872625474905017	2.0	2	-0.0	24.399741751402384	0.6177423742816639	712926
0.050060048033622094	0.7546331678137466	0.9951817636472705	58.42533809166041	4976	0.00020096463022508038	1.270460019446147	0.0009540422933596678	0.40787362527494503	2.0	2	-0.0	24.38578296779588	0.603846225724377	727069
0.050040020008803685	0.7591083243238956	0.9948986202759448	61.73062034739454	4976	0.00020096463022508038	1.2623582401493711	0.0024168613487700495	0.40704499100179964	2.0	2	-0.0	24.371791339278055	0.5889661144046636	741242
0.050040020008803685	0.7544792936669401	0.9952441511697661	58.72128362435111	4976	0.00020096463022508038	1.2685943656883516	-0.0008012426186967749	0.40622595480903817	2.0	2	-0.0	24.357963779131996	0.5732293118300311	755263
0.050040020008803685	0.7532089865273417	0.9953241351729654	57.03565863048859	4976	0.00020096463022508038	1.2758128994133016	-4.4085908569038095e-5	0.4053397320535893	2.0	2	-0.0	24.34363081117213	0.5558081937753692	769825
0.05010014017219782	0.7533919647370585	0.9950921815636873	56.17274697489615	4976	0.00020096463022508038	1.2865003621152336	0.0005761785817487697	0.4044567086582683	2.0	2	-0.0	24.32954525988676	0.5375515426686864	784152
0.050040020008803685	0.753348333764394	0.9956632673465307	57.301970171239184	4976	0.00020096463022508038	1.2731559336090768	-0.00011172080771539043	0.40363287342531495	2.0	2	-0.0	24.315608986754327	0.5182703489694284	798325
0.050040020008803685	0.7531964000087317	0.9953289342131574	57.01502794831852	4976	0.00020096463022508038	1.2754984760488484	0.00014457515510932708	0.4028026394721056	2.0	2	-0.0	24.3015510641232	0.49756749584614257	812634
0.050040020008803685	0.7532669545976932	0.9950233953209359	57.743594504270334	4976	0.00020096463022508038	1.2811872746967936	0.0004564116504665401	0.40194521095780844	2.0	2	-0.0	24.287559243970975	0.4756050592362085	826908
0.050040020008803685	0.7532699451693474	0.9952633473305339	57.59711164599148	4976	0.00020096463022508038	1.276711260387142	-5.784125934091541e-5	0.4010829834033193	2.0	2	-0.0	24.273622906280604	0.452316148103446	841144
0.050040020008803685	0.7532702825672726	0.994007598480304	53.5810123307752	4976	0.00020096463022508038	1.2968075001899273	0.00017666367125415014	0.4002367526494701	2.0	2	-0.0	24.259626893495913	0.42743208290213003	855441
0.050040020008803685	0.7532408784178819	0.9950441911617677	58.88176826959485	4976	0.00020096463022508038	1.2553838986299455	0.00012045503409402089	0.3994017196560688	2.0	2	-0.0	24.24576701055573	0.401153032092023	869612
0.050040020008803685	0.7532335625463253	0.99525374925015	56.922049405306495	4976	0.00020096463022508038	1.2922213976073025	2.3803753472705755e-6	0.3985490901819636	2.0	2	-0.0	24.231845807574697	0.3729015833467372	883877
0.050060048033622094	0.7535689447895304	0.9981267746450709	46.53594868735084	4976	0.00020096463022508038	1.2194105525187948	0.0003018554822420034	0.3976900619876025	2.0	2	-0.0	24.2179165458444	0.3427120581163656	898154
0.050060048033622094	0.7601859420600093	0.9568598280343931	87.60354422964265	4976	0.00020096463022508038	0.33767922453618454	-0.00018170910575118684	0.396877424515097	2.0	2	-0.0	24.20425692798784	0.31084360976568454	912164
0.050040020008803685	0.7532145572858459	0.9951545690861827	56.79167427423772	4976	0.00020096463022508038	1.2803378553779274	0.00021938887121317362	0.395997600479904	2.0	2	-0.0	24.190283461678398	0.2756307287116374	926537
0.050040020008803685	0.7532131588130252	0.9953001399720056	57.10233113069016	4976	0.00020096463022508038	1.3155759151187736	0.00032037207947506957	0.3951417716456709	2.0	2	-0.0	24.176470293597905	0.2571836765597257	936819
0.050040020008803685	0.7532105597828027	0.9951625674865027	56.55463636363636	4976	0.00020096463022508038	1.3015335541515998	-3.326860172798482e-5	0.3943195360927814	2.0	2	-0.0	24.162720400500625	0.24641023036015308	944019
0.050040020008803685	0.7533908761645028	0.993367726454709	50.24508455376649	4976	0.00020096463022508038	1.3018669488858776	7.468680502841849e-5	0.39349250149970005	2.0	2	-0.0	24.148962189284745	0.256392089459588	944662
0.050040020008803685	0.7532251366843347	0.9955816836632674	57.28672680412371	4976	0.00020096463022508038	1.246994177330114	0.00015225332530586046	0.39262867426514697	2.0	2	-0.0	24.135212095934516	0.2353214960021941	952209
0.050040020008803685	0.7533010669090099	0.9951833633273345	56.66399489935331	4976	0.00020096463022508038	1.294902820912853	-1.4236151110489995e-6	0.3917648470305939	2.0	2	-0.0	24.12145585481838	0.2367124301230027	952747
0.050040020008803685	0.7532055279541077	0.9948618276344731	56.29700371141487	4976	0.00020096463022508038	1.3012171621009208	8.65890821417343e-5	0.3909394121175765	2.0	2	-0.0	24.107772991907982	0.24057793948103168	951459
0.050040020008803685	0.7532101033705407	0.9951049790041991	57.13833011848994	4976	0.00020096463022508038	1.2799338923533996	-1.6890226064377862e-5	0.3901171765646871	2.0	2	-0.0	24.094144363211857	0.24381121580887197	949193
0.050040020008803685	0.7532536817333593	0.9944331133773245	59.52743464521689	4976	0.00020096463022508038	1.2741497377015896	-9.943647098838713e-5	0.38925974805038993	2.0	2	-0.0	24.08046307413917	0.25282161284964627	944300
0.050040020008803685	0.7532139177491124	0.9953993201359728	55.37993948024208	4976	0.00020096463022508038	1.2819817836326581	0.00026815502318207427	0.38838952209558086	2.0	2	-0.0	24.066804860457854	0.26295862388271307	937898
0.050040020008803685	0.7532083030731876	0.995368926214757	56.61268310435811	4976	0.00020096463022508038	1.2789301331063094	0.0003714173005664108	0.38755768846230754	2.0	2	-0.0	24.05319663362171	0.2849655732098587	927606
0.050040020008803685	0.7531972015239313	0.9952121575684864	56.49582273883037	4976	0.00020096463022508038	1.2990995429898344	0.00015564359966633868	0.3867402519496101	2.0	2	-0.0	24.03963176440575	0.31844116632032277	914532
0.05002000400080016	0.7535692593337553	0.9938476304739052	52.54833798528292	4976	0.00020096463022508038	1.2499166755966344	0.002272886099274176	0.385873225354929	2.0	2	-0.0	24.025718355029234	0.35029456892666305	901126
0.050040020008803685	0.7532420091725175	0.9947930413917216	54.75653781808576	4976	0.00020096463022508038	1.3063772953044963	5.3312886934811816e-5	0.3850445910817836	2.0	2	-0.0	24.012503135738662	0.378521008400074	888382
0.050040020008803685	0.7532706904875335	0.9941403719256149	54.41873905429072	4976	0.00020096463022508038	1.2859667836921995	3.985433587672413e-5	0.38420795840831834	2.0	2	-0.0	23.9990120100968	0.40558373257262337	875327
0.050040020008803685	0.7532493897803102	0.9954377124575085	54.162503263991645	4976	0.00020096463022508038	1.2509132659393898	4.814446539012165e-5	0.383374525094981	2.0	2	-0.0	23.985526933388492	0.43090996635482043	862287
0.050040020008803685	0.7532372609478828	0.9949386122775445	55.00672149995578	4976	0.00020096463022508038	1.263285428748564	4.26516339555921e-5	0.38252989402119575	2.0	2	-0.0	23.972034150995906	0.454726616376878	849232
0.050040020008803685	0.7532399315064666	0.9949690061987603	54.066411682892905	4976	0.00020096463022508038	1.2903754345575167	-0.00017311041169299532	0.38169486102779443	2.0	2	-0.0	23.958606932752655	0.477029335426645	836223
0.050040020008803685	0.7532235471901674	0.9954569086182763	53.835539406523054	4976	0.00020096463022508038	1.3018562182446087	-8.40838052298155e-5	0.3808598280343931	2.0	2	-0.0	23.945124130727468	0.49811444025834356	823144
0.050040020008803685	0.7532068664108653	0.9948570285942812	56.5218576751795	4977	0.00020092425155716296	1.2783739691225404	0.0002159681254086856	0.3800071985602879	2.0	2	-0.0	23.93171459277938	0.5179055289759418	810110
0.050040020008803685	0.7532076510170385	0.9949114177164567	55.55055376920329	4977	0.00020092425155716296	1.309216163704138	0.00022849050575665433	0.37915936812637474	2.0	2	-0.0	23.91831105495092	0.5364859591050212	797090
0.050040020008803685	0.7532066217585551	0.9949162167566487	56.041358803388	4977	0.00020092425155716296	1.2775972946864702	-8.538784586630824e-6	0.37834513097380523	2.0	2	-0.0	23.904954319068615	0.5539150654001316	784084
0.050040020008803685	0.75418280075705	0.9996432713457308	39.09302471066625	4977	0.00020092425155716296	0.8984873683135888	3.967102216453263e-6	0.3775244951009798	2.0	2	-0.0	23.891588696149316	0.5703148393957299	771059
0.050040020008803685	0.7532428714289137	0.9948586282743451	55.72679211469534	4977	0.00020092425155716296	1.299630910724609	5.0825007150892504e-5	0.37667026594681063	2.0	2	-0.0	23.878265924460997	0.5856654347345507	758082
0.050040020008803685	0.753304055784906	0.9947002599480104	55.45950767035319	4977	0.00020092425155716296	1.280931320333686	0.00011377692999207516	0.3758128374325135	2.0	2	-0.0	23.864922860997368	0.6000834243031913	745072
0.05002000400080016	0.7562233143170386	0.9925854829034193	30.167736289381562	4977	0.00020092425155716296	1.2232626622623872	-0.00445540813100072	0.3750961807638472	2.0	2	-0.0	23.853064059273798	0.6121255861536651	733473
0.050040020008803685	0.7534350959839804	0.9955528894221156	53.733811086168195	4977	0.00020092425155716296	1.39955489776052	-0.0005660372511275702	0.37419396120775844	2.0	2	-0.0	23.838470293108784	0.6259718181715137	719195
0.050040020008803685	0.7532323758163499	0.995128974205159	56.15454053078173	4977	0.00020092425155716296	1.275359347534448	-0.00021727814730443382	0.37333333333333335	2.0	2	-0.0	23.825157209085365	0.6376922067449177	706175
0.050040020008803685	0.7533020552232002	0.9963671265746851	49.42501190287256	4977	0.00020092425155716296	1.3884854534460846	4.378625757085364e-5	0.3724727054589082	2.0	2	-0.0	23.811873090565356	0.6485476408812799	693170
0.050040020008803685	0.7532324403483194	0.9944635072985403	54.085957891073605	4977	0.00020092425155716296	1.3008416855468563	0.00022408426368534268	0.37165526894621076	2.0	2	-0.0	23.798656949526023	0.658538325089662	680198
0.050040020008803685	0.7532087125234178	0.9948554289142172	55.696668457818376	4977	0.00020092425155716296	1.2967046840204144	0.0003608003061709252	0.37084423115376924	2.0	2	-0.0	23.785477958408368	0.6677120670375711	667247
0.050040020008803685	0.7532400617920063	0.995007398520296	55.08847754848995	4977	0.00020092425155716296	1.3085285391438182	0.00016875859172974626	0.370002799440112	2.0	2	-0.0	23.772329234844683	0.6760930072196079	654328
0.050040020008803685	0.7532220807441041	0.9952665466906618	53.64887470897646	4977	0.00020092425155716296	1.3297935300249595	0.00027508801469444026	0.3691533693261348	2.0	2	-0.0	23.759147032672832	0.6867091085650082	643710
0.050040020008803685	0.7533042972180833	0.9948490301939612	50.664358452138494	4977	0.00020092425155716296	1.2909512590000711	0.00023873185724745415	0.3683343331333733	2.0	2	-0.0	23.746102932628173	0.6937255741972813	632408
0.050080088084876545	0.753820685619162	0.9999808038392322	52.407193158953724	4977	0.00020092425155716296	0.8856288418975996	4.641941354116255e-5	0.36750569886022794	2.0	2	-0.0	23.732917976350844	0.6998585154715486	620303
0.050040020008803685	0.7532409271255488	0.994615476904619	54.18851316018825	4977	0.00020092425155716296	1.3175508578478266	6.503248572504838e-5	0.3666770645870826	2.0	2	-0.0	23.719874413157093	0.7048201874533232	608722
0.050040020008803685	0.7532774736322193	0.9943483303339332	57.0843970979888	4977	0.00020092425155716296	1.2628633800101399	2.8867841690310744e-5	0.3658388322335533	2.0	2	-0.0	23.70677406217476	0.7087960249943029	596999
0.050040020008803685	0.7532172985762312	0.9946410717856429	55.21490098570287	4977	0.00020092425155716296	1.2795837352919113	-8.282411203060974e-5	0.3650101979604079	2.0	2	-0.0	23.69374931174981	0.7101534842976075	585980
0.050040020008803685	0.753289732467725	0.9934253149370126	53.03740712272611	4977	0.00020092425155716296	1.2630616540898132	0.0005329534221733075	0.3641751649670066	2.0	2	-0.0	23.680678148652607	0.7116891807086265	573782
0.050040020008803685	0.7532486697269308	0.9948794241151769	54.278582649677084	4977	0.00020092425155716296	1.3059715387045105	0.00043430334944983374	0.3633417316536693	2.0	2	-0.0	23.66764952878604	0.714811144686418	560872
0.050040020008803685	0.753218160296421	0.9945530893821236	54.80123402379903	4977	0.00020092425155716296	1.3292326977275626	5.559347203871966e-5	0.3625274945010998	2.0	2	-0.0	23.654721467391305	0.7172331105035211	548043
0.050040020008803685	0.7532146725944645	0.9947770445910817	54.320405310971346	4977	0.00020092425155716296	1.2909303592546533	0.0001436133880487069	0.3617052589482104	2.0	2	-0.0	23.64174822251746	0.7189895307132513	535158
0.050040020008803685	0.753221450356934	0.9947930413917216	54.09446764091858	4977	0.00020092425155716296	1.2912070557058666	0.00018274824033323597	0.3608622275544891	2.0	2	-0.0	23.628782001932006	0.7200725241440515	522275
0.050040020008803685	0.7532594353134839	0.9948362327534493	53.91391417425228	4977	0.00020092425155716296	1.2198277381369762	6.146706406511573e-5	0.3600335932813437	2.0	2	-0.0	23.61584637266059	0.720485226111618	509404
0.050040020008803685	0.7532347080476246	0.9947642471505699	53.98020833333333	4977	0.00020092425155716296	1.301249995031955	5.142104265542048e-5	0.3592257548490302	2.0	2	-0.0	23.602949187214897	0.7202332166433608	519184
0.050040020008803685	0.753374006177	0.9948314337132573	54.61438482480021	4977	0.00020092425155716296	1.3225044297057524	8.064408499817875e-5	0.3584035192961408	2.0	2	-0.0	23.590015491548193	0.719314439267539	532596
0.050040020008803685	0.7532570797026132	0.9947866426714657	54.34466486061348	4977	0.00020092425155716296	1.2729172221323695	5.118533673121764e-5	0.3575572885422915	2.0	2	-0.0	23.577204763288968	0.717745745644847	545902
0.050040020008803685	0.7532691008124289	0.994506698660268	53.84470812402564	4977	0.00020092425155716296	1.341913782798656	-7.007902391419806e-5	0.3567126574685063	2.0	2	-0.0	23.56432860948155	0.7155067539262695	559288
0.050040020008803685	0.7532157300023292	0.9946394721055789	54.59425761699886	4977	0.00020092425155716296	1.3034826030435354	0.00021212810311192374	0.3559160167966407	2.0	2	-0.0	23.551514191543056	0.712616112795199	572611
0.050040020008803685	0.7532465619016774	0.9947066586682664	53.44357541899441	4977	0.00020092425155716296	1.2989830690913402	0.00013026761605741346	0.35510657868426315	2.0	2	-0.0	23.538710966779803	0.709064146054806	585939
0.050040020008803685	0.7532927649269825	0.9952985402919416	48.47573042462018	4977	0.00020092425155716296	1.3658172804337503	0.00021505327688801993	0.3542619476104779	2.0	2	-0.0	23.52589249172927	0.7048387602960859	599306
0.050040020008803685	0.7535856257198446	0.9919040191961608	69.34287631402371	4977	0.00020092425155716296	1.2641250801502295	1.36082735199397e-6	0.35340771845630875	2.0	2	-0.0	23.513093988724282	0.6999461768463282	612669
0.050040020008803685	0.7532766058743836	0.9949690061987603	52.61207917442057	4977	0.00020092425155716296	1.3641466748122748	0.00013635766501166193	0.35261907618476307	2.0	2	-0.0	23.500352257669167	0.694398530897962	625967
0.050040020008803685	0.7532569379603612	0.994378724255149	53.851771636489644	4977	0.00020092425155716296	1.345518862240263	0.00010250858136285574	0.3518176364727055	2.0	2	-0.0	23.48762385169884	0.6881756760576758	639268
0.050040020008803685	0.7532365146028202	0.9943963207358528	54.13882598850375	4977	0.00020092425155716296	1.2847912133430208	-7.744999889871445e-5	0.35097620475904817	2.0	2	-0.0	23.474934322436624	0.68128632810239	652555
0.050040020008803685	0.7534661191630025	0.9963367326534693	49.50206644412653	4977	0.00020092425155716296	1.2295540845665007	0.0003962520186265526	0.35011717656468705	2.0	2	-0.0	23.46210864960609	0.6736167762821932	666001
0.05002000400080016	0.7532388129480664	0.9943723255348931	54.17998779743746	4977	0.00020092425155716296	1.2897599751926743	-2.6906260732508818e-5	0.34931893621275745	2.0	2	-0.0	23.44953699601025	0.6653971155030657	679179
0.05002000400080016	0.7532626053037095	0.9947642471505699	53.446669531585734	4977	0.00020092425155716296	1.3183302941641544	0.00012805285993579935	0.3485190961807638	2.0	2	-0.0	23.436865194119804	0.6563969511691851	692473
0.05002000400080016	0.7532688708778815	0.9946074785042991	54.52069449316029	4977	0.00020092425155716296	1.2539132141749791	9.250932596140105e-5	0.3476840631873625	2.0	2	-0.0	23.424232636737123	0.6466977148847138	705752
0.050040020008803685	0.7532771196142893	0.993999600079984	54.02312641279777	4977	0.00020092425155716296	1.3449804890588641	0.00023097760683817627	0.34684583083383325	2.0	2	-0.0	23.41158584906853	0.6362435057829131	719060
0.05002000400080016	0.7533316521712196	0.9945306938612277	53.67400500733834	4977	0.00020092425155716296	1.3264193898276886	-8.283920646884479e-5	0.3460363927214557	2.0	2	-0.0	23.399001684269045	0.6250832612409618	732306
0.050040020008803685	0.7532543709402905	0.9943547290541892	54.17902902466661	4977	0.00020092425155716296	1.3270249313582623	0.00017867557550861463	0.34523335332933414	2.0	2	-0.0	23.386420706504055	0.6131513694756185	745559
0.050040020008803685	0.753548679174519	0.9947818436312738	53.92031561605827	4977	0.00020092425155716296	1.2767181590910728	-0.00012871569249786008	0.34440631873625277	2.0	2	-0.0	23.373816449698626	0.6004006007785679	758858
0.05002000400080016	0.7532749206227204	0.995631273745251	49.54971737918955	4977	0.00020092425155716296	1.341663546192727	0.00020650220371545193	0.3435872825434913	2.0	2	-0.0	23.361310050617973	0.5869351629941995	772066
0.050040020008803685	0.7543361611890751	0.9944203159368127	53.854024083860345	4977	0.00020092425155716296	1.2535142730752753	0.00013083392959507476	0.342755448910218	2.0	2	-0.0	23.348645565789575	0.572446232298646	785455
0.05002000400080016	0.7534167774375168	0.9940315936812637	52.13036912751678	4977	0.00020092425155716296	1.329189791500263	-0.00016838163391220772	0.3419508098380324	2.0	2	-0.0	23.336297015861568	0.557461464562979	798520
0.050060048033622094	0.810360185141765	0.9950457908418316	67.45775946209739	4977	0.00020092425155716296	1.363592422269934	0.012177458808028391	0.3409910017996401	2.0	2	-0.0	23.32171125108639	0.538627187209128	813972
0.050060048033622094	0.7558546249661409	0.9944523095380924	53.57264736297828	4977	0.00020092425155716296	1.327479802814833	0.0012050463387162213	0.34031113777244554	2.0	2	-0.0	23.311296139899586	0.5244498565959838	825006
0.050040020008803685	0.7543729522222806	0.994362727454509	53.03310297756164	4977	0.00020092425155716296	1.3179779815746537	-0.0004412705700298947	0.339504899020196	2.0	2	-0.0	23.299016665763162	0.5068410005045834	838030
0.050040020008803685	0.7537575596516967	0.9978548290341932	45.548302300109526	4977	0.00020092425155716296	1.2313324174373355	0.0006690918945329319	0.3386730653869226	2.0	2	-0.0	23.28642543655954	0.48777154278783996	851396
0.05002000400080016	0.7533505361924324	0.994501899620076	53.04052555242727	4977	0.00020092425155716296	1.288591739240241	-3.567996019681189e-5	0.33785882823435315	2.0	2	-0.0	23.27402772606608	0.46788814829616293	864571
0.050040020008803685	0.7535871641184869	0.9946458708258349	54.97109008929361	4977	0.00020092425155716296	1.239212528277109	0.0001513569258622918	0.3370589882023595	2.0	2	-0.0	23.26167832235427	0.4469828696830228	877696
0.05002000400080016	0.753246308053256	0.9944651069786042	52.93018305661984	4977	0.00020092425155716296	1.2731625510157645	5.927653446458192e-5	0.33624635072985404	2.0	2	-0.0	23.24923554639231	0.4246373542939076	890946
0.050040020008803685	0.7533530078759251	0.9942331533693262	53.08053633956786	4977	0.00020092425155716296	1.3155605349719899	1.6778436429684077e-5	0.3354129174165167	2.0	2	-0.0	23.236892776373296	0.4012172798951886	904107
0.050040020008803685	0.7536411593619357	0.9911937612477505	89.20529801324503	4977	0.00020092425155716296	1.455233677014515	-1.421124016575229e-5	0.3345938812237553	2.0	2	-0.0	23.224512250913534	0.37629435597430866	917315
0.05002000400080016	0.7532875791532185	0.9942187562487502	52.98925739619746	4977	0.00020092425155716296	1.2878537749799894	-0.0001438371991348262	0.33380363927214557	2.0	2	-0.0	23.21223156919871	0.35003207945542336	930418
0.050040020008803685	0.7532772466954251	0.9941019796040792	50.57275390625	4977	0.00020092425155716296	1.295047563523413	7.824547386714731e-5	0.3329878024395121	2.0	2	-0.0	23.1998804346778	0.3218817308300393	943623
0.050040020008803685	0.7533128025058579	0.9937948410317936	52.948606494502684	4977	0.00020092425155716296	1.3202875785872419	0.00023911014811072795	0.3321479704059188	2.0	2	-0.0	23.18756475185883	0.29189329303777034	956814
0.050040020008803685	0.7532570075801126	0.9940907818436313	52.811336789326084	4977	0.00020092425155716296	1.3369774549796263	0.00028516121594293023	0.33132893421315734	2.0	2	-0.0	23.175290691793972	0.2673112009010235	968496
0.050040020008803685	0.7532650872696279	0.994375524895021	50.365337870685465	4977	0.00020092425155716296	1.35255110107695	0.00012006496751673618	0.3305482903419316	2.0	2	-0.0	23.16304309103951	0.260041143081023	975349
0.050040020008803685	0.7532541795071727	0.9941899620075985	52.633214769647694	4977	0.00020092425155716296	1.318974214951594	0.0002155591040012088	0.32974365126974603	2.0	2	-0.0	23.150838499573677	0.2471723646475374	982514
0.050040020008803685	0.7532507661402906	0.994239552089582	52.106304493628436	4977	0.00020092425155716296	1.3576062055869902	0.00011819876686286467	0.3289022195560888	2.0	2	-0.0	23.138579167484256	0.24358232134113023	986370
0.050040020008803685	0.7532517639409108	0.9940395920815837	53.002302968270214	4977	0.00020092425155716296	1.2968955693160102	-2.20225546500227e-6	0.3280879824035193	2.0	2	-0.0	23.126396789703055	0.23999723562410305	989232
0.050040020008803685	0.7532330595438517	0.9941067786442711	52.10371426175904	4977	0.00020092425155716296	1.3232162621426313	9.803937081101654e-5	0.32731053789242154	2.0	2	-0.0	23.114222126981595	0.2420881904261884	989580
0.050040020008803685	0.7532471902535656	0.9944171165766846	53.12665584138108	4977	0.00020092425155716296	1.3235771636945795	-3.2246631380778846e-5	0.326501099780044	2.0	2	-0.0	23.10201172747312	0.24064235987938118	989993
0.050040020008803685	0.7532668094692557	0.9937020595880823	51.856415393605474	4977	0.00020092425155716296	1.4099102894364823	7.399530059319775e-5	0.3256500699860028	2.0	2	-0.0	23.089773509446786	0.24822605768856498	987023
0.050040020008803685	0.7532701303986643	0.9937052589482104	51.969380071948464	4977	0.00020092425155716296	1.479459696304376	-6.0163202168225655e-5	0.32481823635272944	2.0	2	-0.0	23.077452727267495	0.2551904748378122	983283
0.050040020008803685	0.7532907450199603	0.9939868026394721	52.21124275270986	4977	0.00020092425155716296	1.5229074022982259	0.00023526769694407412	0.3240119976004799	2.0	2	-0.0	23.06494479241892	0.26591476314667034	977558
0.050040020008803685	0.7533731591714339	0.9942875424915018	51.160918594122975	4977	0.00020092425155716296	1.667984657967402	-0.00012027093926096073	0.3231577684463107	2.0	2	-0.0	23.05213398706907	0.2857204193795478	968598
0.050040020008803685	0.7532628500603137	0.9940459908018396	49.80387913761321	4977	0.00020092425155716296	1.7249448590238983	3.148243135729877e-5	0.32231953609278147	2.0	2	-0.0	23.039669119020772	0.3077531531448335	958513
0.050040020008803685	0.7532382859439472	0.9940747850429914	53.36834421161113	4977	0.00020092425155716296	1.3369836874071048	0.00012603229148590439	0.3216028794241152	2.0	2	-0.0	23.02937540162056	0.31923308213046714	951056
0.05012020430522633	0.7506256489040388	0.994997800439912	37.003866976024746	4954	0.00020185708518368994	2.218073052346178	-0.000613522288896617	0.32902699460107976	2.0	2	-0.0	23.136886931661866	0.4197529427464713	916460
0.05010014017219782	0.737533137453558	0.9939228154369126	26.79284174213023	4954	0.00020185708518368994	2.2557712013906865	5.7178044375484075e-5	0.37133053389322135	2.0	2	-0.0	23.78677571583256	0.589153490709685	853627
0.05010014017219782	0.7207735821873774	0.9931709658068386	22.365935372311682	4954	0.00020185708518368994	2.232519838496237	0.001093847318625813	0.4139716056788642	2.0	2	-0.0	24.481087519577482	0.7109697017429093	798658
0.05010014017219782	0.7035486166925409	0.9928446310737853	19.739583995929014	4954	0.00020185708518368994	2.198251028424803	0.0014000664134343039	0.45202959408118376	2.0	2	-0.0	25.132852866079276	0.805744017208381	750005
0.05010014017219782	0.6869989456979841	0.992001599680064	18.26798444588464	4954	0.00020185708518368994	2.1580366326980327	0.0016049491437709743	0.4832969406118776	2.0	2	-0.0	25.692852931945612	0.8632444719453229	713413
0.05012020430522633	0.6834094239717304	0.9909666066786643	18.825685285358293	4403	0.0002271178741766977	2.1886920518769664	0.0011463411551099225	0.5167174565086983	2.0	2	-0.0	26.33149974626885	0.9611754575722162	678399
0.05012020430522633	0.6901934528620444	0.9907650469906019	18.42925580980153	3353	0.00029824038174768865	2.206532674880806	0.003576181919794454	0.5477848430313937	2.0	2	-0.0	26.82762359951928	0.9711842563200604	671969
0.05012020430522633	0.6927757463424088	0.991616076784643	19.25225169265172	2605	0.00038387715930902113	2.2396296049474547	0.003477005475091781	0.5889286142771446	2.0	2	-0.0	27.294342118014583	0.966751037303105	656104
0.05002392304233778	0.6926188058510366	0.9912620519278278	19.273565509937075	2476	0.0004038772213247173	2.2840513524279524	-0.0016467114245447803	0.6886405072944404	2.0006725826008234	3	0.005585159049199315	29.31658124029502	1.0932418768712056	573401
0.05000723591031961	0.6982855612817082	0.9917702928897126	21.271767537826683	2127	0.0004701457451810061	2.3335070391029396	0.0051046377204466715	0.7232867202380571	2.0014174611695497	3	0.010713425033329074	29.81254409054016	1.10229858180795	546700
0.04991471246977855	0.6981380411563081	0.9914177222509565	21.265814498346195	2588	0.0003863987635239567	2.3157124305212986	0.004654328978354195	0.7503011748227486	2.0094080297340198	3	0.05326330529533026	30.421772978891504	1.1112675978458402	528706
0.049776758343611824	0.6935852011710625	0.9911768020737736	21.109282309776088	2030	0.0004926108374384236	2.3088723041182826	0.002499111978638766	0.7920905182823745	2.033087923827314	3	0.14531744284107145	32.08569572158928	1.162407886564566	491021
0.04972554620272795	0.6950287951153717	0.9916302818433688	22.53857425452414	2070	0.0004830917874396135	2.336968818909843	-0.0007458720572934041	0.8360700522684306	2.0688588663442844	3	0.250677136552517	33.695468606005186	1.1788768961386176	458890
0.04973748768784798	0.7126236650400186	0.9924427972929423	24.22362935577755	2654	0.00037678975131876413	2.402820636922923	0.0002932988938017628	0.8582710280373832	2.053808840767475	3	0.2095809737798917	33.65619353659916	1.100811085568877	441370
0.04972410360721009	0.7145613346021451	0.9923746802636223	25.367805199620946	1662	0.0006016847172081829	2.4025009967278974	0.005359388425137462	0.8790175570931914	2.076431047578798	3	0.2699650179724211	33.03155013610769	1.0941226479840405	431800
0.04969941919501567	0.7142666438926979	0.9925482765571457	24.171536286522148	2584	0.0003869969040247678	2.446602664574943	-0.0014345746527861481	0.8959774239064705	2.125681230835152	3	0.3780936570588147	34.97879531409683	1.0735793266469347	434763
0.04927664364831869	0.5236617845151755	0.9932839751843615	21.61483761409467	3762	0.0002658160552897395	2.6094052628554048	-0.016360573909023346	0.9536665821270176	3.0534248429293482	6	1.2790378987089883	34.96262729754447	2.0130102166106947	123414
0.04927752488162233	0.49510868415458736	0.9923265383095949	19.20482647956455	3975	0.00025157232704402514	2.6054213179094297	-0.013784676200888085	0.94372442518131	2.9405151169004844	6	1.2316919751835858	37.72549382662264	1.9217911847022575	155695
0.04927872656340001	0.5478389997887705	0.995171689518502	27.749410698096103	3868	0.0002585315408479835	2.8501824198210985	-0.015489950101435307	0.9630837459886006	3.112022819560524	6	1.264284722613995	38.396399476684685	2.0388897401157795	127367
0.04929685490133849	0.5226966441443573	0.9918143657474695	20.98397138238228	3987	0.00025081514923501377	2.5540730165213903	-0.013900792540519421	0.9573721106418123	3.0456447308535726	6	1.2492388491055995	39.51433743764078	1.8934477141320616	162632
0.04927904701187406	0.5190083128750432	0.9933249448080556	23.485413383556907	4721	0.00021181952976064393	2.5889593648912355	-0.0044521082427165775	0.9441716006151585	2.873783693514269	5	1.1577147938050965	48.328532814820356	1.9161226505362292	173619
0.04927904701187406	0.5181999059089157	0.9936403273475678	23.42444333729353	4961	0.00020157226365652087	2.3286984275240354	9.561546144947223e-5	0.943023868280645	2.9405158386179417	5	1.2253252832903498	53.220578892863045	1.80346828705685	194745
0.04927904701187406	0.5275628309144498	0.9940955186417092	25.48528798866383	4901	0.00020403999183840033	2.4846674039957426	0.0006374832945582188	0.9547856861846191	2.9474213792290107	5	1.2035662737045791	54.46709458511725	1.8053811910051074	175274
0.04927904701187406	0.5220819134809433	0.9932973081937684	23.33230228739451	4961	0.00020157226365652087	2.444474852064931	0.0012062844012852207	0.9548759116018507	2.9472931542317515	5	1.210207459374531	54.455215488927735	1.8500017751208944	176993
0.04927904701187406	0.523378142295769	0.993425737166044	23.580243102450318	4961	0.00020157226365652087	2.4451581967797655	0.0012701984429222362	0.9561203720863692	2.948722512459013	5	1.2115780748520013	54.617796780459486	1.8445332293059136	177930
0.04927904701187406	0.5209686237754477	0.9933460786895693	23.87593779306033	4961	0.00020157226365652087	2.474305002980769	0.0007522892623302394	0.9524284455542442	2.9405799210978047	5	1.2124115516027052	54.12229862475442	1.848057251163928	182645
0.0492985142566725	0.5881975544877033	0.9981978292699177	42.130315500685874	4902	0.0002039983680130559	2.747785032429382	0.00043877188231057445	0.9706355048759362	3.1618345340878413	5	1.0770211554658398	59.84185867951887	1.753664349301335	145826
0.04927904701187406	0.5302683873825176	0.9931087289433385	26.57532518379954	4961	0.00020157226365652087	2.533853959569592	0.0002932367380076977	0.9556196616628138	2.949536991738357	5	1.2022499771390205	54.567305611273866	1.7715977838564256	189275
0.04927904701187406	0.5215262276756457	0.9928128546021465	23.14065401083703	4961	0.00020157226365652087	2.413546565489972	9.817222735958994e-5	0.9651331597103683	2.917159879614274	5	1.2276022051743614	54.989730715029026	1.8560358783794473	166402
0.04927904701187406	0.5351656891584842	0.9942190705644047	27.627846042645466	4901	0.00020403999183840033	2.5262677914581015	-0.00033255900068123974	0.9577444295965379	2.9715047336591662	5	1.1995367578672764	55.15118622972406	1.7833376496033562	180229
0.04927904701187406	0.5376080745378845	0.994368633418194	27.714635251472586	4901	0.00020403999183840033	2.5662146369733554	-0.0003163258528023552	0.9602764311701992	2.9856251105663523	5	1.2101836549595189	55.6356484567487	1.7668450480996831	174664
0.04927904701187406	0.5403956295180283	0.9941768028013773	29.419541059315918	4901	0.00020403999183840033	2.572755860068199	0.00019334655908179237	0.9596456660911749	2.987038353620431	5	1.1971967631389786	55.5901002073255	1.7565407289975663	176713
0.04927904701187406	0.5478354108472382	0.9946791389081261	32.24691683356171	4901	0.00020403999183840033	2.6423921208371093	0.0013752631786052277	0.9594725308310817	3.0104002754364263	5	1.1796154571407411	55.97908060865565	1.7083918562917506	179178
0.04927904701187406	0.539334862712065	0.993798018617324	28.662368717179294	4901	0.00020403999183840033	2.5907484245148975	0.00016396597217299087	0.956801533344388	2.9947793300140186	5	1.1943525650219822	55.411999628283965	1.7483772284401504	183216
0.04927904701187406	0.5498055426099273	0.9946059831644248	31.61471682513435	4902	0.0002039983680130559	2.6095750772243997	0.0005928522287601666	0.9623215406274487	3.004153905102173	5	1.1775571328437775	56.16401111519383	1.7208432844569448	178379
0.04927904701187406	0.5549996365052687	0.9951635924997481	33.30346553506338	4902	0.0002039983680130559	2.6873898219710206	-0.0004721096278535685	0.9612624080269734	3.0124282934085977	5	1.1627256222459728	56.18243541316276	1.704844754180649	176342
0.04927904701187406	0.5591936418135413	0.9951765979652949	33.372894292100526	4902	0.0002039983680130559	2.6670474893241454	-0.000808806403837434	0.9615241430211047	3.0203575659776125	5	1.149454183751071	56.33294929282781	1.7113730951090598	172530
0.04927904701187406	0.5620044366771834	0.9950969394888202	34.07805366885648	4902	0.0002039983680130559	2.6471083801096165	-9.753837938931696e-6	0.9629669368552134	3.0025953223370068	5	1.147465835161145	56.17671650023557	1.7326269233940106	169915
0.04927904701187406	0.5590361887231007	0.994992895764445	31.401467343902315	4902	0.0002039983680130559	2.624363649419061	-0.0002109191027332696	0.960636519997529	3.020121793839777	5	1.1504334265856822	56.22422442684528	1.7302328453911207	167537
0.04927904701187406	0.5622315492853907	0.9963942346771231	35.073419170243206	4902	0.0002039983680130559	2.7553240695391823	-0.00044000354420189975	0.9632733781371622	3.032953617706299	5	1.1620033153272893	56.72441304857361	1.736201681691083	163619
0.04928297250568115	0.5833371502509029	0.9973015808509773	31.409153739824912	4902	0.0002039983680130559	2.7090107619896626	0.000437989835048129	0.9653570122322916	3.093933402624196	5	1.1221730446319038	58.01727119814192	1.7194957607969525	141516
0.04927904701187406	0.5530877958416729	0.9947539203350207	31.008919069578877	4902	0.0002039983680130559	2.6392049132720117	-0.0001497128257392196	0.9556684321586146	3.013868203362719	5	1.1914705747478609	55.64757903643671	1.73215039103865	167136
0.04927904701187406	0.5637562733545338	0.9953911881468187	31.577668901495617	4902	0.0002039983680130559	2.6450135242055626	0.000585434322213297	0.9603609666962541	2.9939082178242913	5	1.139081059503806	55.79935902553633	1.7132123139111677	166141
0.04927904701187406	0.5637443552709482	0.9949896443980583	30.13362217517601	4902	0.0002039983680130559	2.5124351518963675	0.000680877222020423	0.9644032279565488	2.961638405527584	5	1.1806664994406537	55.69894469971621	1.7052675264508328	168545
0.04927904701187406	0.562917663522354	0.9950042755467985	27.863652918146226	4902	0.0002039983680130559	2.563187462591249	0.0005563869338304543	0.9574932615431635	2.993836746208646	5	1.1510048119108665	55.489375025524446	1.7312468524057771	158370
0.04927904701187406	0.5636992491074239	0.9949424995854508	26.924244423914477	4902	0.0002039983680130559	2.5756613865840428	0.0010232350654388249	0.9575135825830805	2.986598144631525	5	1.1566287530185169	55.3745333275978	1.7179562663736527	155358
0.04927904701187406	0.5616515379870346	0.9949685105165446	27.02362239491346	4902	0.0002039983680130559	2.6247558333281384	0.0012290967885848676	0.9585377629948986	2.97380114186572	5	1.160525752353724	55.24222238290641	1.726525636535874	145389
0.04928737867219932	0.5854562282182485	0.997610649675731	34.124318914711445	4903	0.00020395676116663266	2.7408630216089653	-0.0001533089436501625	0.9673097865838792	3.128133426545491	5	1.092289797650341	58.86144420362891	1.7486797162942	125533
0.04927904701187406	0.5643137533778888	0.9952091116291621	25.854337359574288	4902	0.0002039983680130559	2.6149607228552836	0.0006948581303457727	0.9530795316731857	2.950394299143966	5	1.1438777725911276	54.29638754423653	1.6994557035029942	137730
0.04927904701187406	0.5613425077064995	0.9949034831888101	23.509181007990165	4902	0.0002039983680130559	2.535316328694722	0.0005882718453152131	0.9519545589033791	2.924401894759447	5	1.1699495663186332	53.811927493510495	1.7059759827311118	150085
0.04928040891788876	0.5829014998496781	0.9970738511207963	31.85535473148437	4903	0.00020395676116663266	2.7061438701871587	0.0005025636847014332	0.9649618056289351	3.0849680505785715	5	1.097288781475006	57.850787240532185	1.7486594275410696	123138
0.04927904701187406	0.5714726405823756	0.9957943575787724	27.459497018872998	4902	0.0002039983680130559	2.7085665798102507	0.0007259683353082436	0.9571754404788613	2.9750213481953827	5	1.110542627060323	55.153449138899035	1.7284604055591881	134174
0.04927904701187406	0.575269013672584	0.9963503412309023	28.87406953735984	4903	0.00020395676116663266	2.7235591739592726	0.0010912020565612697	0.9597009393197491	3.000556565053306	5	1.104991262903874	55.85064899489113	1.7297765284635613	129470
0.04927904701187406	0.5775424017871914	0.9966250816905805	28.76953399971843	4903	0.00020395676116663266	2.6954257147596765	0.0005717772067636419	0.9610713902517533	3.0201460569974787	5	1.1041233348649022	56.32977885823998	1.7479535300422566	121717
0.04927912712399257	0.5757431651667125	0.9966413439826247	29.72561093871218	4903	0.00020395676116663266	2.745271184632089	0.0001979254103916646	0.9597863530620506	3.0178857591224273	5	1.1052058475688875	56.1354132002855	1.7428806561077956	122001
0.04927904701187406	0.5783766339737657	0.9967274997317622	29.31030691270676	4903	0.00020395676116663266	2.7172779376589924	0.0004912458261015137	0.9621321485354221	3.033856035596383	5	1.0958540827241212	56.67519421501003	1.745541888307217	114176
0.04927904701187406	0.5768580623279487	0.9967583877124362	27.607366382997885	4903	0.00020395676116663266	2.6807670225409903	0.00031663820451263496	0.9589108572877751	3.068337165388737	5	1.1334688790122573	56.92029300622057	1.7433702429923783	119482
0.04927904701187406	0.5793355705467796	0.9968786882687449	30.127051193868528	4903	0.00020395676116663266	2.7187379102602316	1.1822631978866504e-5	0.9614729340005137	3.0469122700366293	5	1.0985805300822638	56.81474927486757	1.7540183731697012	108037
0.04927904701187406	0.5795963065981562	0.997054262053628	29.76818909867495	4903	0.00020395676116663266	2.6868203411842586	-0.0001498451631452737	0.962089067930798	3.0622904334147454	5	1.1022782547671879	57.146455339354574	1.7617871311318265	104326
0.04927904701187406	0.5770278647861234	0.9966966117510884	28.40502223869533	4903	0.00020395676116663266	2.7092647453940755	-6.17059598071893e-5	0.9625442592249392	3.057726868970646	5	1.1296669860513433	57.113311279768226	1.7719443628288847	107355
0.04927920723611108	0.5725797062260357	0.9960821162424731	29.35035447403717	4903	0.00020395676116663266	2.7926631944322113	0.00011148879598836024	0.9597181399643652	3.034162951160908	5	1.1214396681332315	56.363892725465824	1.7801608825026318	113801
0.049287458784317825	0.5867598450453687	0.9978268325230686	35.05361731285331	4903	0.00020395676116663266	2.7397496026429438	-0.0004950948688926407	0.9694578134066716	3.1648793352294433	5	1.0891386774688379	59.77149736746994	1.7929168197226637	103394
0.04928024869365174	0.5805992637364592	0.9970738416070462	30.10410326887209	4903	0.00020395676116663266	2.7314541429623236	-0.0008780057866297839	0.9648974787894158	3.1116213722529777	5	1.161886836743661	58.296602960763806	1.8000432050239115	111459
0.04927904701187406	0.5683366848447409	0.9961520078813121	25.788434830183913	4903	0.00020395676116663266	2.7166575511166826	-0.00010073050133911365	0.9578094569242724	3.003772728779038	5	1.1271177565597572	55.72089036027441	1.7893925758816844	126691
0.04927920723611108	0.5806524032859295	0.9968852011288707	30.668267066766692	4903	0.00020395676116663266	2.6525822181132384	8.053323410201712e-5	0.9626533014266949	3.0841245618512403	5	1.1022177828506041	57.58202552318289	1.7824563359275156	120269
0.04927904701187406	0.47392796215183036	0.9919544938760514	18.3721847524991	4902	0.0002039983680130559	2.668118064662979	-0.002943041801856444	0.9329332526994469	2.931340699082091	5	1.190546744401233	52.138023664854494	2.1014563374612196	152769
0.04927952768458513	0.5809327076475436	0.9968917240527236	32.20016803192607	4903	0.00020395676116663266	2.7417984376158184	-0.0004891582132843167	0.9658049004116189	3.0719064928618334	5	1.1002684065484274	57.737685850583446	1.780730341266209	125829
0.0492800083572962	0.5802190939970551	0.996709681404823	32.96489058551535	4903	0.00020395676116663266	2.8118404140167086	0.0005001358601998593	0.9644071736748502	3.0737527395947213	5	1.1049011447325061	57.6070754295023	1.780075314640379	130575
0.04927904701187406	0.5738480684144871	0.9962284149914001	28.029364680053057	4903	0.00020395676116663266	2.73501532353903	0.0007168041626119537	0.9612713492845368	3.0413848440738818	5	1.1237807840159768	56.69025430897625	1.778561965047808	135304
0.04927904701187406	0.5724562999492377	0.996160136297279	27.892211752924574	4903	0.00020395676116663266	2.6957287273350037	-0.0001972188583351177	0.9600537125727087	3.024449452012701	5	1.121367539543767	56.306559334472915	1.773702566542998	141591
0.04927904701187406	0.5589278707712981	0.9950985651720136	23.61630464138277	4903	0.00020395676116663266	2.7066801404039413	0.0009622072665993411	0.9520350302214505	2.957878547581407	5	1.1406152093000363	54.394586894586894	1.7845977451868544	151399
0.04927976802094067	0.5787609490299952	0.9966901574451137	31.86088447747233	4903	0.00020395676116663266	2.8315717930886986	-0.0008619024661834153	0.9659985206499386	3.0470685362808214	5	1.11020295202881	57.313179823688024	1.7551709526856227	137824
0.04927904701187406	0.5701022160436646	0.9960365843745834	26.644400956729722	4903	0.00020395676116663266	2.753698599240614	0.0008279925648265817	0.959049040359211	3.0208899278236223	5	1.128453826020593	56.128491799518294	1.7780514939643624	146701
0.04927904701187406	0.46727230417387483	0.9920812971651336	18.43225202368008	4903	0.00020395676116663266	2.7173727449293574	-0.0008241729813477008	0.9380484648673605	2.92386038875489	5	1.1867997018804108	52.51690129659956	2.1217699384564055	170137
0.04927904701187406	0.5444438543714476	0.9942255732971781	20.57093844601413	4903	0.00020395676116663266	2.692517149295853	0.0010805397319197587	0.9446641826227472	2.8972310929292777	5	1.1577194131485251	52.73049854699069	1.8122320867961499	164514
0.04927904701187406	0.5660321978790991	0.9958089887275128	25.41271158313973	4904	0.0002039151712887439	2.7441596299209947	0.00030904812227024376	0.9551425236455621	3.0143500656706617	5	1.129465687720241	55.658147901520195	1.7378262805276445	162538
0.04927912712399257	0.5674156467945113	0.9958837768460822	26.583709425446973	4904	0.0002039151712887439	2.797758381453007	0.0006439262064564069	0.9578582959291333	2.9936210750939947	5	1.1178358606002348	55.57241579716857	1.7394300072456994	161102
0.04927904701187406	0.5573986206292548	0.9953407919678244	23.472626897715074	4904	0.0002039151712887439	2.7673764826921543	0.0007094762735687329	0.9519082269323683	2.945108364894703	5	1.1265582504615632	54.18426213252708	1.7413543063390104	171465
0.04927904701187406	0.5491311974015074	0.9946970214232531	22.65743380855397	4903	0.00020395676116663266	2.7547354989878734	-0.00025112136713098944	0.9480732402792273	2.9352068087333785	5	1.1443905825756129	53.64221902712086	1.7967551343126948	174178
0.04927904701187406	0.5377207186147824	0.9943214886055864	20.334219887629242	4904	0.0002039151712887439	2.70754329439324	0.0014312507606077827	0.9423703436369134	2.8810744452700403	5	1.1278914302488945	52.29080014776821	1.7994959088591682	183375
0.04927904701187406	0.5440065330935729	0.9944873082913094	21.793971997577398	4904	0.0002039151712887439	2.7552667433464437	-3.5562238912133854e-5	0.9462020789236677	2.9224637662966932	5	1.148459056848964	53.26500051142435	1.8114556273708786	181915
0.04927904701187406	0.5441133882409113	0.9935232781576457	19.981102465180147	4904	0.0002039151712887439	2.620803782514676	0.0011219841716782922	0.9402683352678963	2.8603464263194986	5	1.1793556375685343	51.78802238955887	1.716394106545911	191655
0.04927904701187406	0.5367267579338635	0.994251584228272	20.511453197840158	4904	0.0002039151712887439	2.714859547458113	-9.055801859218793e-5	0.9419013340356285	2.911570642478454	5	1.1536306012106665	52.6944398393851	1.8440187958756675	183584
0.04927904701187406	0.5276199160397493	0.9932631688467078	18.383138765194367	4904	0.0002039151712887439	2.6615618629366042	0.0013660696017026958	0.934011080656646	2.8469220896986753	5	1.1534364785414586	51.0344372655273	1.8338529877825211	194269
0.04927904701187406	0.5318529700896238	0.9932843027282215	18.587660856073743	4903	0.00020395676116663266	2.699816284788657	-0.000287546294988547	0.9335583278872946	2.8532332993814125	5	1.1750099989628986	51.039785590138315	1.7804263476371918	198950
0.04927904701187406	0.5296341126134406	0.9933038109265419	18.230851857377292	4904	0.0002039151712887439	2.662663698925221	0.0011158320621976298	0.9329161830259166	2.8356598953417698	5	1.1619751263063043	50.74285003369447	1.7982989318224183	198941
0.04927904701187406	0.536155548916772	0.9935232781576457	19.889413219643963	4903	0.00020395676116663266	2.740645413530957	-0.0001113825404550109	0.9404691071422765	2.879132637572102	5	1.1875422608033916	52.04272078859985	1.7506440279778344	196220
0.04927904701187406	0.5302165046511063	0.9939069393912792	20.194820638171368	4904	0.0002039151712887439	2.7511471711637787	0.00012008685968810105	0.9419037725604185	2.8872175767662975	5	1.1585357316933258	52.29770210764824	1.8435658168681057	190541
0.04927904701187406	0.5359313445552913	0.9938093983996774	20.3847410717263	4904	0.0002039151712887439	2.7527550462353805	0.00021920692369277632	0.9437993191638786	2.8859667437178436	5	1.1797084399430398	52.47154157823654	1.7670445998872275	194666
0.04927904701187406	0.5314724935422842	0.9932631688467078	18.4319415952697	4904	0.0002039151712887439	2.6668888410632756	-0.0009339588493461397	0.9346784236075211	2.8592777519451165	5	1.178215278403854	51.23779637377964	1.7724992408353082	200089
0.04927904701187406	0.5131409418300934	0.9929038928609748	18.829145728643216	4904	0.0002039151712887439	2.7692075457603935	0.00013479992344159138	0.935672528880262	2.871078531628647	5	1.1662274695709236	51.46800695473528	1.9170664858026183	191473
0.04927904701187406	0.5331347402136579	0.9935314065736126	19.882458195067994	4904	0.0002039151712887439	2.751161928744133	0.0008133279391305541	0.9444016347870192	2.9012283098067515	5	1.1948889491196735	52.78073072512008	1.7901330099859545	191856
0.04927904701187406	0.5214871308490512	0.9935297808904192	21.98287831372972	4904	0.0002039151712887439	2.866131849199369	9.064197150602467e-6	0.9520935548164116	2.9662705949685724	5	1.201244131366351	54.48854759432638	1.8179613641297885	193332
0.04927904701187406	0.5169926564864897	0.9933818437198233	21.368548048678136	4903	0.00020395676116663266	2.8676452599386213	0.0003995897715616513	0.9506288142591924	2.9818084932792135	5	1.2232814212243122	54.58842649021998	1.8501238248582117	188673
0.04927904701187406	0.5323394382414832	0.9934338655820109	20.69867560884734	4904	0.0002039151712887439	2.7830319959970566	0.00066283617441078	0.9518131244655567	2.9176872189068983	5	1.204914076747833	53.714810278831294	1.7644411559096462	190421
0.04927904701187406	0.5297487290125681	0.992949411990389	18.752540603604434	4904	0.0002039151712887439	2.715651624946951	-0.000207009038371838	0.9414908490293046	2.8881826659817773	5	1.207395585697585	52.29969146485819	1.7669895826381667	189808
0.04927904701187406	0.5205437430331639	0.9931721305878796	20.480941365784975	4903	0.00020395676116663266	2.8761875800428283	0.00026099178407857813	0.9486527963376609	2.9546753756376662	5	1.205487754143845	53.954550670397474	1.8233761087132054	190277
0.04927904701187406	0.5208034518960788	0.993178633320653	20.63046634923851	4904	0.0002039151712887439	2.8534129189293296	0.0009066398960200248	0.9489145313317922	2.9614209901472335	5	1.2093694111202313	54.09867249491761	1.82488145644233	188367
0.04927904701187406	0.5200241097488247	0.9932030185685534	19.70281862745098	4904	0.0002039151712887439	2.8377146166987393	0.0007180469215138242	0.9487413960716992	2.9425255191434543	5	1.2087014939030274	53.809677539952894	1.8336483377855186	183713
0.04927904701187406	0.5207212213597889	0.9931640021719127	19.86541150456866	4904	0.0002039151712887439	2.8490294240234766	0.0004092209917244461	0.9470661295409396	2.9346219041933965	5	1.2012441085217553	53.474575084764304	1.8130183202063659	189007
0.04927904701187406	0.5211113544071917	0.9935086470089055	21.08518492961634	4903	0.00020395676116663266	2.9600114289802733	0.0016178274835951486	0.9491201802557525	2.9627617600117735	5	1.1860889037137632	54.17907041099833	1.8936375815159467	179358
0.04927904701187406	0.5218038076740406	0.9928860103458479	19.460553148100942	4904	0.0002039151712887439	2.858205172641345	0.0002172358277004827	0.947335180109441	2.924722574946171	5	1.203816521534703	53.39118566104269	1.8130392690825807	186257
0.04927904701187406	0.5111279778541551	0.9932127726677136	20.51134761297254	4493	0.00022256843979523704	2.92821071797837	-0.00023434162809525874	0.9495014029645958	2.965803003567212	5	1.2097947648595146	54.177731213552406	1.8705421915439748	180958
0.04927904701187406	0.5084675722252971	0.9934517480971379	20.518349393949567	4904	0.0002039151712887439	2.9706006194220866	-0.0003354505401221378	0.9501029057461399	2.972859689861361	5	1.2149782764210002	54.33134993015455	1.8926866035134307	167614
0.04927904701187406	0.4929868109511142	0.9928177316517266	20.040296646321455	4493	0.00022256843979523704	2.945038882376891	0.0006850977878132859	0.9461191690808062	2.9744506428226445	5	1.2206764184548304	53.96511985011279	1.9745860603499088	172894
0.04927904701187406	0.5072475754341564	0.9932761743122547	20.454971543354535	4590	0.00021786492374727668	2.9400331265914463	0.0009293030257211379	0.9485089233750483	2.964607278233387	5	1.207062338491637	54.09107925957722	1.9118558626811177	170143
0.04927904701187406	0.4978056322637905	0.9928713791971076	20.235272679080246	4904	0.0002039151712887439	2.9462866829027266	0.0014005308424078974	0.9468450366266423	2.9818685411637618	6	1.2181521217434972	54.203476410074494	1.9569713863424085	170124
0.04927904701187406	0.5130474792996332	0.993084343695438	20.21349392806327	4904	0.0002039151712887439	2.9315458167812647	0.0012564267770375046	0.9469880967476582	2.955521336211817	5	1.1955349891136742	53.855835970475745	1.9223466084006677	166365
0.04927904701187406	0.5087531373554519	0.9926811742634842	19.46211952191235	4904	0.0002039151712887439	2.917634623863398	0.00032841368498914234	0.9456160201324607	2.955092398552105	5	1.2074975810287438	53.67526230299838	1.9043630072046733	168124
0.04927904701187406	0.48038513363497526	0.9919772534407585	17.655989583333334	3228	0.0003097893432465923	2.909500252804837	0.0007483086547215142	0.9393677067787738	2.922241889397426	6	1.1967703941375278	52.4834796220719	2.135260672544676	151740
0.049298778362028964	0.5649045892809846	0.9967648904452096	27.55295915157507	4156	0.00024061597690086623	2.937567883518892	-0.0015191227041053282	0.9566470934410186	3.3039048902363706	5	1.3115412131705924	60.48308754826302	1.9094041027804132	100816
0.04927904701187406	0.5123019061953694	0.9928437425828204	17.970398705311165	4904	0.0002039151712887439	2.896927609839912	0.0006892209810902043	0.9419021468772252	2.923760694974655	5	1.1959535606492735	52.835399358261036	1.8971014325313562	164264
0.04927904701187406	0.4471952127869588	0.9915854637911582	14.743419303376761	3369	0.00029682398337785694	2.829713531514395	-0.0004405687579281182	0.9128365570631057	2.750555980092484	5	1.0952459426755905	47.81817362689023	2.2946038608211246	107095
0.04927904701187406	0.48987833806980574	0.9921463244928681	17.74732464813307	4129	0.0002421893921046258	2.91295543949333	-0.0004186453154391304	0.9397513680124072	2.910489918913272	5	1.1849473931394499	52.309435637258794	2.0607115433519336	151195
0.04927904701187406	0.5132314807376535	0.9924714611315405	16.529349650728328	4904	0.0002039151712887439	2.8116529051880033	0.0010495342909125557	0.935297808904192	2.8958439244386502	5	1.2009693635689382	51.83870366250304	1.8850697950093638	156976
0.04927904701187406	0.447516862932852	0.9912326905381986	14.834270004622534	2544	0.00039308176100628933	2.842099164014188	0.0002569882189192317	0.9198172406954023	2.7862760257647685	5	1.118465234161898	48.881049661851215	2.262478519340035	123247
0.04927904701187406	0.46492247584244467	0.9916065976726719	16.56247963506028	2331	0.000429000429000429	2.9199797689961264	0.0008518560693824818	0.9291494750668968	2.8209071615418786	6	1.1617035832213836	49.97481036474395	2.2589975284148442	132389
0.04927904701187406	0.4661400938134491	0.9912391932709721	15.159290935309034	2769	0.00036114120621162876	2.8400757453233716	-0.0009236709674755649	0.9215453419299461	2.791270179308715	5	1.1222265213561293	48.966808589299745	2.2201549453850578	136179
0.04927904701187406	0.4368540364730639	0.9904052177927775	14.756188538487622	4233	0.00023623907394283014	2.769366777874601	-0.0023695546505733515	0.9148548427476647	2.757833040520839	5	1.1015340076218638	48.11892844484701	2.3506506212877336	121429
0.04927904701187406	0.5113384245159847	0.9921609556416083	15.471101196511864	4904	0.0002039151712887439	2.7635635894679025	0.0001462097041033575	0.9289356977269697	2.8632399401709185	5	1.1846482477051445	50.84864493326938	1.9127638285906332	144431
0.04927904701187406	0.44267251950381303	0.9909221850482666	14.688820878617731	2899	0.00034494653328734045	2.8454743396001483	0.00039784447547864404	0.9178639823385778	2.7827985607964907	6	1.1227512352238338	48.50599110848958	2.278855278931339	141232
0.04927904701187406	0.4507773996336824	0.9907921303927976	14.652994494265862	2192	0.0004562043795620438	2.858826000757118	0.0016326413998548738	0.9237993516775425	2.845013305029376	6	1.1527099575208646	49.912657870049856	2.3620114500275244	145173
0.04927904701187406	0.44143552949239445	0.9908831686516258	13.946503752516932	2798	0.00035739814152966406	2.7979741947557595	0.001629555154503081	0.9117359695411997	2.7376646262289	5	1.0794971194327116	47.47017545226787	2.3827352816096243	131434
0.04927904701187406	0.49217672961996983	0.9929477863071956	18.023193366579125	2448	0.0004084967320261438	2.9517625328597696	-0.0006578903234948891	0.9391588064884268	2.97877683189044	5	1.2183231143735511	53.439744651287775	2.2385167266294115	134091
0.04927904701187406	0.42202930406786865	0.9899922942616635	13.932370907593402	1380	0.0007246376811594203	2.805055158031941	-0.0032435163721240166	0.9105232098789516	2.7516458196181697	5	1.0870772963016526	47.563074760333485	2.446607062240569	123062
0.04927904701187406	0.43244781684805517	0.9898264745759405	13.813108282855781	2009	0.0004977600796416127	2.7764270302546143	0.0026547436493854102	0.9199741191235616	2.864895787453994	6	1.194322066231701	49.968109082944224	2.3815232209732042	157124
0.04927904701187406	0.42719818068331605	0.9899435237658626	13.429340155257586	1671	0.0005984440454817474	2.829716161410644	-0.0009739752997395959	0.9152059903174309	2.7798162646066182	6	1.1297240552377916	48.34243669154328	2.440785589935342	132461
0.04927904701187406	0.4699920901060183	0.9918114337550356	15.943786750294002	2917	0.00034281796366129587	2.887179011594155	0.0002765847925115206	0.9365373923391305	2.9521199729430574	6	1.209359782405473	52.72063527004804	2.318727069460997	130825
0.04927904701187406	0.42960791815034705	0.9900930866196519	13.554828514833856	1143	0.0008748906386701663	2.836929126286187	-0.004856481955391237	0.9141216596274584	2.7494517476841382	6	1.0969561288549907	46.69818198941292	2.3883137409507316	142391
0.04927904701187406	0.4691548746378628	0.991405012956695	15.299523331660813	2484	0.00040257648953301127	2.874290312863719	0.0017801682694359557	0.9297078972438167	2.8668195603679476	5	1.1551584623341786	50.95015256657356	2.2788226300513608	163503
0.04927904701187406	0.4257935067393365	0.9905141385667326	14.355173876166242	2829	0.0003534817956875221	2.8399058637604133	-0.0007100420551505539	0.9126951226252833	2.768410126432474	5	1.1234642341441163	47.982923161114805	2.426074232367835	129569
0.04927904701187406	0.4815320782060082	0.9919024720138638	16.083535428089412	1988	0.0005030181086519115	2.890716920098792	0.0021826720435095246	0.9382199744442602	2.9534584403754236	6	1.2174487874479398	52.95264564242036	2.2750289576136087	125522
0.04927904701187406	0.4338363740227934	0.9911676632104642	14.837267594665628	2584	0.0003869969040247678	2.916936505946235	-0.00013167220145650227	0.9243285115569818	2.7769876408143728	6	1.1055116642232723	49.12695468330161	2.366370724568432	154918
0.04927904701187406	0.42953008148605404	0.9903044254347889	14.012421503001864	2015	0.0004962779156327543	2.821749182925752	7.647932526126002e-5	0.919333599945377	2.75109763009197	6	1.0874731744165753	47.7889035761212	2.414782305719621	144605
0.04927904701187406	0.4520824491845332	0.9918520758348696	15.074965408183436	1139	0.000877963125548727	2.8486842180613237	-0.0010151198896633116	0.9205739962219123	2.8054367912329634	5	1.111400180869196	46.684257372308636	2.377685252368051	118829
0.04927904701187406	0.4279965491363208	0.9901971303440271	13.578313790182353	1228	0.0008143322475570033	2.8399890148544404	0.004178133396892827	0.9185288867646628	2.780812276678052	6	1.1117351606344097	48.555440366990766	2.492819965178196	128663
0.04927904701187406	0.42527751410002446	0.9906149309247211	13.32472502241368	1203	0.0008312551953449709	2.826453725390249	0.0003706358187528978	0.910677649782321	2.715024487886917	5	1.0564493583219765	47.006430408412086	2.4823306450794567	110573
0.04927904701187406	0.4333458952243119	0.990816515640698	14.63822173119416	1677	0.0005963029218843172	2.8805970370493728	0.00048647904411251	0.9222078078312411	2.784276192439458	5	1.101498425382062	49.08546188479426	2.428932360345506	114305
0.04927904701187406	0.47007500764097293	0.9913659965600543	15.619861171588843	1363	0.0007336757153338225	2.868787719497687	0.0003685236361686254	0.9353335739344459	2.927830644750903	5	1.1847035122277916	52.10548682029621	2.379829058704641	109394
0.04927904701187406	0.42058223636887554	0.989774452713753	12.779932829554996	1569	0.0006373486297004461	2.8248424433938695	0.001358441608930781	0.9114986197949688	2.722453131600542	6	1.0681303407324	47.219308381933246	2.505131833415973	121682
0.04927912712399257	0.46377574823284196	0.990988852708465	13.544806132651928	1480	0.0006756756756756757	2.8661923210172096	-0.007423376270610819	0.930182710237073	2.8264690409091244	6	1.1247370944531951	46.77213506553392	2.436639052651484	147382
0.04927904701187406	0.42451862553261127	0.9896817887717313	13.632330877577983	1009	0.0009910802775024777	2.8433924982365504	0.000782798631783514	0.919787165556325	2.806173944742996	6	1.133302765598209	49.095227841682025	2.4774386390195753	133855
0.04927904701187406	0.430478898979283	0.9901434827986462	12.972864171760847	1004	0.00099601593625498	2.820353278155696	0.0001966884558141778	0.9067686945438821	2.6975004292094567	5	1.0523602783507586	46.35648105678378	2.4546368799538243	127112
0.04927904701187406	0.4266200873216943	0.9900768297877183	13.598186973898676	1015	0.0009852216748768472	2.856090482112533	0.000957663469187322	0.9171129167032446	2.7479480747217417	5	1.0808641435396877	47.83177785527257	2.4205141961459664	151145
0.04927904701187406	0.4473713829117502	0.9909449446129736	14.439322515693474	1124	0.0008896797153024911	2.880987895803417	0.0004550154593939037	0.9246016263334667	2.8190097841926307	5	1.119148006299004	49.68256301067039	2.4435179311458612	116880
0.04927904701187406	0.43192263862170216	0.9903727041289102	13.866976236001092	1463	0.000683526999316473	2.8571207242614416	0.001788948592498968	0.9163732308502648	2.7712854347548204	5	1.0958389546719427	48.32177100567681	2.4881323036823866	125156
0.04927920723611108	0.4496172617404428	0.990766149484335	13.601928313172342	1220	0.000819672131147541	2.853568127468754	-0.0013255594682419713	0.9122711045505976	2.712094301186739	5	1.0559219374865279	45.628854271862316	2.3966296961734486	143219
0.04927912712399257	0.4580523218644464	0.991463551429217	14.362527376775075	1012	0.0009881422924901185	2.861325174601742	0.0011130432673099914	0.9224347167332925	2.837959362300719	5	1.1474134040206585	46.23506680478972	2.3944222595822917	123075
0.04927816577857042	0.4516621475205431	0.9908017200035766	13.567005030942523	1240	0.0008064516129032258	2.864789945892907	0.004546162145508645	0.9236159092202271	2.785285487717888	5	1.0960662765002174	47.108917565291584	2.462008522123066	136643
0.04927904701187406	0.4286212262306374	0.990192253294447	13.211569746003514	1542	0.0006485084306095979	2.8485377120354767	-0.0012775282191229414	0.9108442823096407	2.7344065319189954	5	1.0850218600417056	47.38142534490734	2.513938735492049	93902
0.04927904701187406	0.4594880732200339	0.9919154774794107	14.975284704496367	1580	0.0006329113924050633	2.8683989761092	0.005929637735602513	0.9288828630231855	2.8831874616818847	5	1.1608595738264902	49.059986886286566	2.484931770798577	101536
0.04927904701187406	0.4321189211353688	0.9901418571154528	14.084312274535195	1782	0.0005611672278338945	2.8492960718186153	0.0034863657287687836	0.9194953554231166	2.8003668761805267	5	1.1145293798079892	48.85638093861134	2.471394669362799	103308
0.04927904701187406	0.4419641547457854	0.9901483598482262	13.602814070351759	1126	0.0008880994671403197	2.8487991030488615	-0.0012777594039056338	0.9211511137555558	2.8044931363111045	6	1.118439825947511	49.036767818483085	2.499387864132993	96995
0.04927824589068894	0.4462066242438239	0.9903140220706338	13.132650641371132	811	0.0012330456226880395	2.8519325874782804	-0.001019255937661041	0.9256465447167689	2.8009986348710507	6	1.1148639435314922	47.17954843184095	2.4842447826969707	118255
0.04927584252713357	0.4670916712002479	0.9901021970911384	13.82766450206621	1361	0.0007347538574577516	2.8390187328667342	0.008148852047846935	0.9412976396796545	2.9858284040451966	6	1.2270518376537278	50.008647591420534	2.563110880495237	102968
0.049279287348229596	0.44687777015109675	0.9909157266199448	13.429858770132416	1047	0.0009551098376313276	2.8558580388842674	0.001384773867296687	0.9167345386089747	2.726356324923309	5	1.0562284381142384	47.408127408972625	2.533719290406867	117188
0.04927912712399257	0.4673471686720556	0.9907319951814828	14.815987163591277	1309	0.0007639419404125286	2.8735243833730557	0.0020142196170933884	0.9264883511860152	2.8551217630467565	5	1.1412907424417467	50.47492546244236	2.393810807066117	107334
0.049277845330096375	0.4586734963902292	0.9907008653722661	13.759731755780347	1339	0.0007468259895444362	2.8647962520113874	-0.003125321042801506	0.9348914261003298	2.9272690251972513	6	1.1912628300426393	49.20497650836789	2.5604202962557867	105160
0.04927920723611108	0.4327431225990578	0.9900784877293831	13.615582383188016	1932	0.0005175983436853002	2.8356242355812245	0.0015248912116025894	0.9184291724649178	2.818240319261707	5	1.1421086519004269	48.83655630580256	2.5203706805432233	87507
0.04927768510585935	0.46654709257282495	0.9904130812587688	13.379864710533251	1126	0.0008880994671403197	2.8357929914494977	0.007062368956839241	0.9338214852977277	2.87985761199268	6	1.1576703678392697	47.33047578586061	2.4654778124438326	120833
0.04927904701187406	0.4276192874616473	0.9903239336331093	13.268006882582275	1418	0.0007052186177715092	2.8742566903737323	-0.00225236924313327	0.9103053683310411	2.7381205608733388	6	1.0760974097243403	47.30545483531674	2.4973106400881098	85313
0.04927904701187406	0.4454524235297534	0.9901516112146129	13.727332146318375	1055	0.0009478672985781991	2.8522964681479603	-0.0012062141900688898	0.9194595903928626	2.805000644732535	6	1.1216785647746335	49.08751146069584	2.4806286182796695	94764
0.04927904701187406	0.4699046033342396	0.9908977998003661	13.853516068912223	1853	0.0005396654074473826	2.8326702775672636	-0.0043605268262156185	0.9214071588585103	2.8101337683200125	5	1.1281998486602476	44.594166160011476	2.2999030680510137	133868
0.049277284545266795	0.4514216918101417	0.9902715638331079	13.079103323885597	1209	0.0008271298593879239	2.8701475116274087	0.0028550412161418358	0.9200159647799396	2.7539454666673153	6	1.0889054147215953	43.98241672016549	2.3556955422697374	114326
0.04927904701187406	0.45564857358747546	0.990964452811294	14.125083999536555	912	0.0010964912280701754	2.864840396582548	0.0024764500676162466	0.9272563669882268	2.8114200794067417	5	1.123722478136579	49.717354987547196	2.4328796881762047	111577
0.04927944757246662	0.43448315096387147	0.9897290170711605	12.766854698345462	974	0.001026694045174538	2.827674067376692	-0.0026070070403340136	0.9097745033171796	2.7176027543607475	5	1.0662655708325133	45.59156485284548	2.487712654960463	102817
0.049278806675518524	0.43803831668097365	0.9898280506500325	12.874881055591974	993	0.0010070493454179255	2.8602668589150593	0.0026751265034585876	0.9194990270238635	2.7625659986617106	6	1.0939947477769698	46.92204705176807	2.5143559810492544	102017
0.04927664364831869	0.4645986489059756	0.9899056407455097	12.805463837304675	869	0.0011507479861910242	2.8247447292319103	0.00995109042541842	0.9355409562084618	2.891572470522616	6	1.1553107190668501	49.385102675556254	2.5736267869844753	113072
0.04927912712399257	0.4253679099180969	0.9891306998392202	12.782105417953405	1207	0.0008285004142502071	2.79621799613352	-0.0017742599281994496	0.9076580933693368	2.7449539209588965	6	1.091613765916074	47.21563666560601	2.50296344458176	84861
0.049279367460348104	0.46421620734406344	0.9908653455367158	13.425352422907489	1462	0.0006839945280437756	2.867323874513207	0.004274565039920947	0.9192601563897063	2.7595480010931523	5	1.072122800957822	44.31812053123525	2.341995254577218	131327
0.04927904701187406	0.42720946537849236	0.9898069663776202	12.142877086615744	1489	0.000671591672263264	2.803858132554267	0.003939054902552018	0.8999944726771426	2.650024532388737	5	1.005011155454856	45.53184497038328	2.520002016333027	105121
0.04927904701187406	0.4256254889332519	0.989155067417082	12.547016125706273	1085	0.0009216589861751152	2.833162868776384	-0.002395794857177716	0.9070605046770905	2.687392833060399	5	1.031160300349033	46.11711318431196	2.520328171846555	94710
0.049279287348229596	0.44444658878869	0.9901841727507563	13.018102932375823	794	0.0012594458438287153	2.8375193581947853	0.004372207858035722	0.9189308258918049	2.7950631812911184	5	1.1149329612556442	48.11214649995393	2.55733512962276	92885
0.049278085666451914	0.48452361078659834	0.9905692278179329	13.15726624919024	1256	0.0007961783439490446	2.815033865520613	0.009865741104786654	0.9285790926559955	2.7996921810054114	5	1.0977608042496179	45.30220560229909	2.2896998271632074	143678
0.049279367460348104	0.44049534902617504	0.9905710987921252	13.56055548137268	1725	0.0005797101449275362	2.872612045428099	-0.00353367775730363	0.9161250467380879	2.7273897619312653	5	1.067767642133484	44.88697512013732	2.4848325035297774	112425
0.049278326002807446	0.45360873203586877	0.9897970629977711	13.11902863668685	1668	0.0005995203836930455	2.853754983421324	0.0024044175569316252	0.9247590295829899	2.773451974646514	6	1.0922224286141564	45.40324605037764	2.3841611581114543	127606
0.04927768510585935	0.4528652840861891	0.9894116327350112	12.25426868556701	475	0.002105263157894737	2.858220355940318	0.001284387408563184	0.9268601174751142	2.7961107909611447	6	1.1033651035053973	46.402609734867006	2.5213583469900023	129084
0.04927912712399257	0.4354170757159684	0.9895680079073101	12.137060594580584	791	0.0012642225031605564	2.8075493930292694	0.005404196415143383	0.9115954916626973	2.7364057368449304	6	1.0808944397963738	46.23107774498275	2.5383301210230194	125060
0.0492800083572962	0.4385329095632404	0.9900282538227194	12.738004601547793	965	0.0010362694300518134	2.8185834114399557	0.002303726665548451	0.9099104591164909	2.694260525498747	5	1.0379985408489287	45.879555764417034	2.50370305894654	124971
0.049279367460348104	0.43184643836939834	0.9891128704501487	12.338436891628813	685	0.00145985401459854	2.817167576839395	0.003102901643108936	0.9142742184578869	2.7252562207738715	5	1.060139586255513	46.771042032427964	2.56332637744672	103682
0.04927904701187406	0.4514010403367312	0.9895387286507155	12.67419730979053	926	0.0010799136069114472	2.8266777722457253	0.0066080837732543475	0.9239903694527625	2.7936000432529142	6	1.1054021311512838	46.5840965878587	2.5116350810159394	117891
0.04927920723611108	0.4326558833166026	0.9896932020652612	12.018082754264055	1191	0.0008396305625524769	2.8177115269542528	0.005444102189687052	0.9088896945026076	2.6788346174486355	5	1.0273070216160112	46.3416059897159	2.5490298821449238	130272
0.049274240284763335	0.450590831337624	0.9896206260791525	12.97082702921559	602	0.0016611295681063123	2.8521290791320264	-0.004701837374875259	0.9316780638175415	2.8709809943461497	6	1.1498460987057422	47.25355740563415	2.4886208734304818	108453
0.04927912712399257	0.42735215681359084	0.98888034503444	11.848438808702936	710	0.0014084507042253522	2.7753460939307617	-0.0007535849929229523	0.9082750391382592	2.7199743924287274	5	1.0690239873681973	46.82894960089461	2.5522935730375282	110159
0.049277765217977866	0.4682804537260339	0.9898944904163482	12.687670604905087	684	0.0014619883040935672	2.862950332675383	0.011756369510328218	0.9322340719546097	2.8376703872048457	6	1.120851400204769	46.44184769545722	2.453092149812714	133157
0.049278326002807446	0.4492785412833321	0.9898377056722543	12.77707594485132	1027	0.0009737098344693282	2.8611386081611627	-0.010333347926153943	0.9217433431363464	2.7816385753779507	6	1.0931043837497152	42.26798997995992	2.429339799020678	118681
0.04927544196654101	0.4519233120542704	0.9895802341480228	11.795283219967832	1490	0.0006711409395973154	2.83135151098505	-0.011816222987978946	0.927443702536739	2.8100648510986264	6	1.1159659531113715	45.68542403439429	2.5612722290981877	141251
0.04927912712399257	0.4442589114460481	0.9898086086287873	12.053729806778588	636	0.0015723270440251573	2.827736467625692	-0.002441343364449545	0.9077605112440196	2.6614745190749463	5	1.008854813062765	44.04070735129547	2.4355256429283054	147013
0.04927920723611108	0.4520757550864632	0.9890656903928938	12.08681659249841	778	0.0012853470437017994	2.8350884272390706	-0.006659789555859984	0.923979236841763	2.7549167634064355	6	1.0712480990649285	43.95114388051363	2.487917183226691	137365
0.04927824589068894	0.46527388848758616	0.9907432094109079	13.289617724665808	1275	0.000784313725490196	2.8556876188855593	-0.011758459976463971	0.9258806469023729	2.8061175218518115	5	1.1135572750541185	38.815433945175826	2.279965098721568	155010
0.04923875061626247	0.5261405391222065	0.9912303965194924	14.255065749450138	789	0.0012674271229404308	2.932005250915603	0.006236756399157056	0.9601658252294496	3.135190271528069	6	1.2721675316585266	48.33296326057085	2.306205204165125	163181
0.049273999948407796	0.49415319307995403	0.9900709358228345	12.587977509508848	761	0.001314060446780552	2.8615667507910096	0.008124906282911857	0.9429968962529042	2.9246748204232187	6	1.1612870828887172	49.74092040097276	2.5306689286701984	151827
0.049272477818156066	0.5087894400780159	0.9906331904709257	13.310387766247953	687	0.001455604075691412	2.8762161206836967	0.0030438463937721466	0.944275531506689	2.945131011120859	6	1.1795970249631913	47.54854366812227	2.3278348468981096	173677
0.04927824589068894	0.44810563869960574	0.9890687284999903	11.694448715977241	741	0.001349527665317139	2.8279385111784276	-0.005344330370345143	0.919901286911737	2.7416879051873675	6	1.060797480913018	44.62943524979564	2.5002392145022654	147765
0.049234985346692406	0.509534849453239	0.9898434042331624	12.76859139852654	488	0.0020491803278688526	2.878534797803727	0.0015226953432695973	0.9542196571294681	3.0820275650037448	6	1.252528438208671	53.41573941778419	2.556616698611608	158564
0.049279287348229596	0.44470181171478196	0.9890787135706494	11.577093600745913	809	0.0012360939431396785	2.7815333729561718	-0.0004391063538753625	0.9109528245294889	2.694020163558479	5	1.035552113166651	46.28155328615229	2.5150319547746314	151734
0.04927952768458513	0.43775968113067054	0.9891876865453268	11.644232241273729	781	0.0012804097311139564	2.80809248930185	-0.0025435667727270366	0.9091674632436615	2.681617338559835	5	1.0260349329205267	45.05316637370481	2.5193242399247042	153413
0.049277845330096375	0.44311778491602244	0.9890312480186503	11.744478764478764	777	0.001287001287001287	2.8155705354950036	-0.0010553187669227978	0.9210516475888092	2.745453311946656	6	1.0693821657092057	45.555352680003644	2.4937355781141584	138393
0.04927167669697095	0.49819122812241573	0.990229808433355	12.444065303120084	666	0.0015015015015015015	2.858436448795107	0.004557320972153059	0.9396968297687608	2.8876411792479932	6	1.1508617023430303	46.72661412426611	2.3762205143912056	182199
0.04925821786106091	0.5242665363524681	0.9911330273588066	13.888511588687072	883	0.0011325028312570782	2.9238307762740385	0.007854393838478198	0.954795841695589	3.055173777623968	6	1.2329286778208117	50.0103202519714	2.329029599933118	172472
0.049279848133059176	0.45223192396246986	0.9892576600946783	11.916733574855575	535	0.001869158878504673	2.8291167361767107	0.005504669723511432	0.9203420056702908	2.7485641461342394	5	1.0666264172234985	46.52315825949211	2.4934773880112675	149967
0.04942496965424955	0.5092032778017846	0.9899354317735586	13.18327081933092	842	0.0011876484560570072	2.9102019676959556	-0.010856366225610195	0.9623628779911239	3.2028131544227807	7	1.3005528802798871	55.89643996383672	2.712338093835028	143719
0.04927648342408167	0.46497981959770346	0.9899104852266483	12.541462409886714	607	0.0016474464579901153	2.863443355093601	-0.01016876165372775	0.9305862193420843	2.8218422395369873	6	1.126178793605727	43.390701701349684	2.3830351800965635	147488
0.04927167669697095	0.4950005676839597	0.9904704455363443	13.194987761821213	911	0.0010976948408342481	2.888470387184789	-0.012349962664682352	0.942757636163204	2.9219973240675183	6	1.1737332422741333	42.35491138512498	2.335790561376049	179974
0.049279607796703644	0.4664609432417599	0.9897306761302027	12.122013380057343	609	0.0016420361247947454	2.8281750279029985	0.0018983485857465745	0.9227159004638021	2.7431348289627575	6	1.0623377332195312	45.34114560594394	2.452489748657317	173590
0.04927912712399257	0.4225318676439135	0.988087012925786	11.20201629252829	1125	0.0008888888888888889	2.790033921732199	-0.002986917364448756	0.9041124840886516	2.6654525063623598	5	1.0169542492181682	44.806928751376546	2.5528858453278143	148281
0.049278326002807446	0.45867135801484366	0.9891776686386492	12.143455873548078	636	0.0015723270440251573	2.835148027001519	0.003841811481484524	0.9247663452643968	2.7773942253937176	6	1.0959212732106085	45.56064006950981	2.4604433160427654	160294
0.04927952768458513	0.44626393895327804	0.9893730126216812	12.00953113900071	971	0.0010298661174047373	2.8061031906177356	-0.0025147448334441394	0.9073109511454452	2.6942601979242093	6	1.042483382717634	44.28908136442828	2.4551120720499195	166580
0.04925461281572787	0.5152931419306378	0.9901890143635302	12.898891878721106	896	0.0011160714285714285	2.8767815189766752	-0.0059544804966891	0.9523641840470641	3.0407767948255224	6	1.2305417313648699	50.12397072799415	2.3673177391700295	186626
0.04927944757246662	0.4432510668911945	0.9885829197357962	11.23400639190113	588	0.0017006802721088435	2.7845047711087596	0.0008628308635569887	0.9139232131042005	2.69748979772995	6	1.0335446794661127	46.159983774856826	2.5276873301810907	176929
0.04927912712399257	0.47272164705677533	0.9890640469366488	11.925670377920653	596	0.0016778523489932886	2.813550660205335	-0.0035169296418399508	0.9250414954960521	2.753921431025888	6	1.0670076305992398	45.437528348069335	2.428143009993794	180530
0.04927432039688184	0.4724601703731672	0.9898189953289641	12.208819636626158	566	0.0017667844522968198	2.854014892052191	0.009107716001813128	0.9357622828082144	2.865453884661245	6	1.141500184650596	46.298560992366895	2.501881478260792	171180
0.049172497894252966	0.5240782165916245	0.98951443150493	12.444371593656518	945	0.0010582010582010583	2.8595760456265538	-0.012573399282931635	0.9633510156468924	3.231462025057041	7	1.3046435517288897	54.08634445656913	2.5875117556744858	171476
0.04927912712399257	0.45467970973920885	0.9896444148931847	11.90466598873592	812	0.0012315270935960591	2.8213733886007226	-0.006109780951093279	0.9183607612736882	2.7281501353429936	5	1.058654834983288	43.52551694098858	2.413781555307792	175081
0.04926382570935676	0.4870329250319231	0.9896233103932767	12.372021631292185	535	0.001869158878504673	2.8833571751788063	-0.001898183920465665	0.9467342943005451	2.9764311313568204	6	1.19970747005675	49.677135097206325	2.620998044946373	164314
0.049249485640143094	0.5308266854340487	0.9910208423816239	13.519072450904249	669	0.0014947683109118087	2.9228281992351057	0.00156140590375463	0.9557386089137659	3.063746910425814	6	1.2265767242999412	50.4743314730107	2.351866257299849	185641
0.04923458478609984	0.5072052429537385	0.9896220290251249	12.54601151061328	781	0.0012804097311139564	2.8333274366561216	-0.0013676665340193182	0.9551784903615693	3.1108078747251002	6	1.2642547705948666	51.97061753919844	2.5616885173320094	175275
0.049275762415015065	0.4581296948153795	0.9887609029646309	11.48274299524205	669	0.0014947683109118087	2.804597629721564	-0.0018342817237953736	0.9265093442369754	2.7944981120972883	6	1.1042187055151156	45.867213347388905	2.486109686128871	172438
0.049279287348229596	0.48347623082767904	0.9896460742380866	11.892398757545566	662	0.0015105740181268882	2.821920361767621	0.0009916780658278867	0.9243361961474748	2.731839737091187	5	1.0427596448083867	44.96195458257677	2.382863286298916	206561
0.04907620312780142	0.4976402294529049	0.9882875117941083	11.385620792116448	516	0.001937984496124031	2.8184363718926115	0.026572258269423346	0.9645540113027552	3.322266234478183	8	1.3748851837339489	57.08090059826761	2.95928368107403	143595
0.04922777525602631	0.46765295214473684	0.9878467532213915	11.130796736041075	530	0.0018867924528301887	2.8276461967826214	0.015440008455805914	0.9497653323265298	3.041242619892549	6	1.2423343101776847	53.28248715812698	2.8000298058517767	156364
0.049259900215549664	0.45864022291422674	0.9881604262246559	11.172532362459547	469	0.0021321961620469083	2.7981585898952175	0.0058437107640935205	0.9435310878258932	2.9750525614071073	6	1.214460876043254	51.18162274679623	2.753757786843855	156485
0.049264867166897416	0.49587734690366286	0.9889584339514333	11.92421865809184	564	0.0017730496453900709	2.843775055253328	-0.008542573643762447	0.9458678687175684	2.9488865511603444	6	1.1800738275279874	49.19756594337782	2.473411709757288	192003
0.04907932750042339	0.5368926803987116	0.9890244240842396	12.695840754321635	836	0.0011961722488038277	2.8297747675355973	-0.015368281600421878	0.9698979650133114	3.453296719263069	7	1.3965312278076145	55.22120076693357	2.6503568914944795	155186
0.04909671183014052	0.5110836122549263	0.988431100595578	12.405996559351191	567	0.001763668430335097	2.8517276567682517	0.008214723526020705	0.9697895080362242	3.414514410136647	7	1.380731336255886	59.3717572732031	2.8489289886879416	145665
0.04925709629140174	0.5230291013798405	0.9902057730966152	13.027281480688991	547	0.0018281535648994515	2.894421809073112	0.006370914169663472	0.9550265755010962	3.0619774054017412	6	1.2244389336240555	50.055154565524994	2.437873009522885	187770
0.049185155608977876	0.48005085552600846	0.9875006922342716	11.130939267092606	581	0.0017211703958691911	2.8240031061732194	0.014986430868897699	0.9583258680617767	3.1842402922473276	7	1.304435653849159	57.05493334487951	2.9983110532202373	147027
0.049205423974961436	0.4721775892791256	0.9880561439384442	11.581507633587787	488	0.0020491803278688526	2.8466049071122974	-0.01072440149287979	0.9546382571348097	3.108327104438684	7	1.2670193806175243	52.84132662001612	2.7988462130562137	153291
0.04924588059481005	0.5056653723217173	0.9891412563932378	11.764511260738333	821	0.001218026796589525	2.817760790586414	0.0021594872225176886	0.9523915264383972	3.0629358738928216	6	1.2472920852224638	50.10854279887408	2.5653690913599947	182237
0.0492733590514597	0.47945409209041734	0.9890562632610091	11.75028490853953	675	0.0014814814814814814	2.817596102619906	-0.007485544673784299	0.9342798611506288	2.85605260476594	6	1.1437571796299357	46.18087155071291	2.4865888700685237	182894
0.04927568230289655	0.4734096433565175	0.9892730098653192	11.727815897001003	918	0.0010893246187363835	2.83168424163624	-0.0073187208708451025	0.9304379564417218	2.815309387767149	6	1.1097632579216337	44.114573093270344	2.4562217090469174	191248
0.049260380888260735	0.47633385904100645	0.9880710952962548	11.101613463190017	396	0.0025252525252525255	2.8128675645899204	0.006437650813504667	0.9449213115127347	2.98218721770551	6	1.2032266943248369	52.14094867600902	2.7133113584474726	175731
0.049228175816618876	0.505016031138379	0.9888899918794579	11.956711660304592	495	0.00202020202020202	2.83060954587803	-0.010370182012243552	0.9551938108125262	3.1024215948222325	6	1.2571216389766917	51.80870545245812	2.549477529572074	178368
0.04923514557092943	0.5007163351754329	0.9889615313271871	12.150290866201548	548	0.0018248175182481751	2.8871846132551227	-0.008749690519814547	0.9538406841767847	3.0751489812619344	6	1.2540276669114774	49.52702821278974	2.574510256816668	176962
0.04922961783475209	0.5367488835900055	0.9900457112914538	13.100038758020757	542	0.0018450184501845018	2.8924470079365534	-0.0029758110010874813	0.9593016538407086	3.128687621903486	6	1.2533952727294597	46.63572907732186	2.3997074114894117	192369
0.04905657565876596	0.5048171242659987	0.9871102916800714	11.3717876359258	588	0.0017006802721088435	2.7838472143041484	0.003925631166465386	0.9648876702664657	3.3658401811527123	7	1.399444584581603	60.80210030687303	3.0152445519158797	138466
0.049266709745623194	0.5186058965639182	0.9901946755299428	12.705349691203471	706	0.00141643059490085	2.8964592958968463	0.008280416050286107	0.9472162960264857	2.930602686039287	6	1.1616222280485367	45.36945754691217	2.2518866073035797	210763
0.049168732624682895	0.46717645501118843	0.9870240114444179	10.703860765085254	399	0.002506265664160401	2.7936346823949614	-0.0032981884338721527	0.9557335327633935	3.1557030226571516	7	1.3026374613349099	55.40243407226226	2.8471819169929993	157879
0.04926839210011195	0.47160210710831707	0.9881543367160277	11.182614456057706	517	0.0019342359767891683	2.828945882997403	-0.00019457108365293776	0.9377188033034523	2.8841807556407995	6	1.1561905919337438	48.99164611244133	2.6148641553628824	174384
0.04925132821886887	0.4958843783506204	0.9889098539314877	11.553600273655004	494	0.0020242914979757085	2.8323981044929782	-0.0020532832202007035	0.9515973193662773	3.025086547684607	7	1.21021110066422	48.91814056542434	2.506985013749402	186782
0.04927872656340001	0.49180553964571416	0.9897630063629654	12.269502831462486	740	0.0013513513513513514	2.8600149976626	-0.009321363272174933	0.9283735584160541	2.773281338021329	6	1.0743910724113066	41.44522749852588	2.2808794337902367	211289
0.04926030077614223	0.4988341825133361	0.9889948153496875	11.958958525889363	438	0.00228310502283105	2.8548564523731903	0.0062602144801222875	0.9464410010213176	2.960335324833215	6	1.188382508315348	47.43301204235846	2.4508788307669267	196912
0.04942163705055527	0.5007266016885064	0.9886807315290859	11.841562542640494	516	0.001937984496124031	2.857124148892579	0.0020350976916861754	0.9569517885420684	3.102391473532865	6	1.2524606709884019	48.488893675705164	2.488921472518597	174173
0.04924676182811368	0.5255623975874684	0.989305752346992	12.375089025903995	509	0.0019646365422396855	2.8635523738218596	-0.0006803037846258472	0.9566194855243744	3.0727220000052253	6	1.2247478056195389	50.43447225063138	2.4411843619556706	198311
0.04920958980512407	0.5267199674812989	0.9893041860192525	12.516508413832877	547	0.0018281535648994515	2.8942788460573396	0.007111532755107707	0.9610571436478749	3.192923340698093	7	1.2922310004345714	51.750603297054745	2.496589312980495	175191
0.04899368764573396	0.4856733373223398	0.9861388178506256	10.769795349833922	445	0.0022471910112359553	2.766672835875441	0.02284677558860712	0.9681734045823495	3.458214939652076	8	1.4288338622266599	60.79008409389821	3.1592851249914333	126952
0.04923266209525555	0.48403194128182164	0.9879634918077869	11.14793529552173	369	0.0027100271002710027	2.7983937923936697	0.0007201250689056486	0.9496035291035511	3.038809420904911	6	1.2380958904459027	52.403755943055494	2.6769658497204913	159073
0.0491330026198265	0.5407330500321653	0.9892288151207478	12.476032819922269	506	0.001976284584980237	2.872322210266762	0.009093564519411384	0.9686451884305147	3.3478803589794164	7	1.348852155576452	57.470932642620454	2.673862835695369	166577
0.04923899095261801	0.4971650442525607	0.988441751569247	11.57272935080768	513	0.001949317738791423	2.8279469730568727	-0.009847674797138174	0.952182302733695	3.0602655343892655	6	1.2387784157520023	49.8273861089339	2.607002167436351	177004
0.049260541112497766	0.4693964278072767	0.9872205823758528	10.615318702456937	833	0.0012004801920768306	2.7781109544700264	-0.004615335060120176	0.9423470673854886	2.9555125971982426	6	1.1916472887867966	50.237523878136905	2.6689133883096305	174063
0.04926935344553409	0.4964547329774071	0.9888342371200234	11.767831572429273	624	0.0016025641025641025	2.8559415063085978	-0.007472996810340695	0.9438630580239185	2.9501806760486073	6	1.180607418184377	49.28314008627283	2.5506830457705916	191392
0.049006505584695895	0.44393190404691735	0.9846760957556022	9.751655361103467	574	0.0017421602787456446	2.735684813243452	-0.001993197959297844	0.9636723424289385	3.3732157622332406	8	1.41419626737734	60.626429763242264	3.3101224043628035	112651
0.04916176287037234	0.5232670331113783	0.9883078958775352	11.898901314498724	626	0.001597444089456869	2.808942287995247	0.004228249499945455	0.9634864143453562	3.263960385654705	6	1.330071310776745	54.04014373461318	2.6516597166747373	163240
0.04911465694468723	0.46808018335772916	0.9859592806088662	10.419492182786616	378	0.0026455026455026454	2.757343120373105	-0.003348352518554922	0.9607673788156079	3.2467643783968514	7	1.3387385897198183	56.26711744999508	2.923665828895868	143059
0.049255333824794474	0.5166171328679525	0.9895954979425207	12.48272537031718	668	0.0014970059880239522	2.88327278194408	-0.004998456290716561	0.9533261226680546	3.009702281923306	6	1.1991969776513203	47.16666251841259	2.4241970032964097	189928
0.04918379370296317	0.5141812231817509	0.9880574065417136	12.00698719344431	502	0.00199203187250996	2.830362333123517	0.001732895919017894	0.9629644409768429	3.253336158176545	7	1.324733332107854	54.45032205999574	2.736481241222248	161965
0.049149265379884455	0.4757216534268154	0.9863962210638527	10.45921982751171	429	0.002331002331002331	2.764495383861216	-0.003175190248496435	0.9571047389919577	3.203093506146373	7	1.328151445677549	56.51159972675287	2.9654853039012643	142734
0.0489303990721094	0.47474474052391014	0.9843313566065354	10.119064851126858	350	0.002857142857142857	2.7151490200598163	0.005034207463271836	0.9702868818908467	3.5996464896482814	8	1.5038317599300726	65.37975505042101	3.4177920968183306	104805
0.0490668300099355	0.45047102695450436	0.9853512866605603	9.916446211735323	508	0.001968503937007874	2.7763441797130834	0.0047870807415322835	0.9619193863606307	3.305626236130788	7	1.3744509930165554	59.15397657910205	3.1756016738903985	125190
