0.04977292871242016	0.7648385086973066	0.9541630611638062	9.896784142495754	4835.0	0.00020682523267838676	2.3767895663446943	0.0008034838687160198	0.9157097467182963	3.458775278417516	7.0	1.5627930109463526	57.07198411545353	1.9354254785253076	143441.0
0.04976168961769568	0.7663260600556644	0.9557062547802467	9.966577073443172	4831.0	0.00020699648105982198	2.3674999609325775	0.000901228747068452	0.9184031758411142	3.452826567754885	7.0	1.5499528714957822	57.34172052808143	1.9202484250577092	142308.0
0.04977342758745695	0.7648180716536762	0.9541033830692851	9.920156317846287	4835.0	0.00020682523267838676	2.3774588485421204	0.0008246125427349498	0.9154675357651162	3.4637523148587066	7.0	1.5642680582088906	57.111114880007754	1.9318595162149748	148454.0
0.049713802680835646	0.7619750638880256	0.9687185895975448	9.08233206112865	4831.0	0.00020699648105982198	2.1291225989803735	0.0006002611708434001	0.9498019888229224	3.1723537886947644	6.0	1.3792373859445652	57.03556111551544	1.9784343065246677	158176.0
0.04977736519439459	0.765694914963543	0.9542676186388878	9.926138861645642	4902.0	0.0002039983680130559	2.3729645436069697	0.0008429492754113949	0.9150832975693496	3.464560919766612	7.0	1.556946803141	57.081104768277136	1.9306068794894107	155186.0
0.04971446893387022	0.7623418861592739	0.9686553512557292	9.03912771611693	4831.0	0.00020699648105982198	2.128391679600396	0.0005714559400988414	0.9498353279369589	3.1726230443832675	6.0	1.377651612674395	57.05860758787744	1.9810013938396958	162000.0
0.049773527923264074	0.7675853180259115	0.9836907143814635	11.165833865574633	4858.0	0.0002058460271716756	2.628812611871752	0.00028535241117217715	0.8873335352341801	3.373087145935234	7.0	1.5016204889581013	52.920802858764986	1.903997404167835	135665.0
0.04973058072784927	0.7757209774834084	0.9602812230814043	8.898219064316693	4853.0	0.000206058108386565	2.222372888753102	0.0002222181577781898	0.9436093282944212	3.1916679297820143	7.0	1.4007243328625067	56.62695747573279	1.9072329148667524	162552.0
0.049764604474721946	0.7659369673947005	0.9567397321712471	10.024126806003647	4831.0	0.00020699648105982198	2.368893165833966	0.0008024177678102591	0.9185493669106646	3.480956624038001	7.0	1.5624150233191698	57.70161452483828	1.8978227412432012	159367.0
0.04976185618095432	0.767262854909472	0.9568561688197579	9.923525531988753	4831.0	0.00020699648105982198	2.3624912745590314	0.0007777363935309419	0.9179591071658691	3.4777005649359296	7.0	1.5519940058490818	57.59753826121648	1.9040202017832817	160226.0
0.04977077716046952	0.7667444296577792	0.9841011081297119	11.652417232847661	4853.0	0.000206058108386565	2.656172224177914	0.00042620137451938005	0.8936903604987081	3.3454710814091	7.0	1.4678924390539154	53.26750148165443	1.9147363517100289	140537.0
0.049771602549229695	0.7666679026676658	0.9839123195712163	11.67146004642562	4853.0	0.000206058108386565	2.6640954848864964	0.0003576301832563093	0.893725290543409	3.3453354190332534	7.0	1.4665538106172162	53.2642943253734	1.9157710815550566	141848.0
0.049765602486369645	0.7689862320554173	0.9523638903428314	10.197178367484044	4864.0	0.00020559210526315788	2.427283880417854	-5.8722311318151635e-5	0.9108164515473892	3.4604968476522067	7.0	1.5109431052791287	56.53895472860867	1.9383756417786597	154932.0
0.049773088248997996	0.7667112905226748	0.9839144580830678	11.729055469892856	4853.0	0.000206058108386565	2.669742956301011	0.0003843798008035755	0.8938511772295059	3.34539772780169	7.0	1.4637511505635337	53.2760587416356	1.916440115339025	144717.0
0.049768564077497524	0.7821122495666109	0.9562641205936239	9.83560162699298	4838.0	0.00020669698222405952	2.443999805537516	0.0003020531260158113	0.9276716914009965	3.65686819421103	9.0	1.702905774343834	61.17425650196322	1.8046870503484849	201865.0
0.04972232684024758	0.7637010739224946	0.9689530901660163	9.068999269766792	4853.0	0.000206058108386565	2.1431104570528032	0.0004537120932534579	0.9518617687924025	3.168818680939131	6.0	1.3676827842366484	57.220881337307794	1.9808617229068088	171997.0
0.04972232684024758	0.763972839488601	0.9688186304698951	9.066473000683526	4853.0	0.000206058108386565	2.1412234985229466	0.00039360990269875505	0.9519522385879408	3.1705741368872378	6.0	1.3676449462244602	57.2596863335166	1.9808061769659795	173069.0
0.04977771042605495	0.7621170042426337	0.972177912787979	12.749043228668349	4853.0	0.000206058108386565	2.6244331273817707	0.0004411529883939931	0.894365111212074	3.297097639845713	6.0	1.3951200479949957	52.7805640123557	2.0026620384227773	145701.0
0.049768647121712424	0.7892609655479031	0.9611815725934961	9.892138343179008	4838.0	0.00020669698222405952	2.4501505575366886	0.0004681046189538455	0.9332015691561697	3.6886570944274792	9.0	1.7140846170394934	62.35994228238291	1.6961606942989684	209731.0
0.049778618353691136	0.7625430828333095	0.9725266252468525	12.749690237593201	4853.0	0.000206058108386565	2.628090376450846	0.00035701905789681606	0.8951861487365962	3.3000433990635583	6.0	1.3946438472978624	52.9086064760852	2.0005646468991225	148546.0
0.049717844820087564	0.7671237082074323	0.9842092444924542	11.750336260780125	4863.0	0.00020563438206868187	2.4183679981381263	0.00016971282487120636	0.9128327432440716	3.2565748449196597	6.0	1.3779033714511797	54.36593839476228	1.9120093716830966	158560.0
0.04978084474829312	0.7671034205211971	0.9538254221887004	9.926261122576717	4902.0	0.0002039983680130559	2.3892644899088866	0.0006438697373138514	0.9122348164054181	3.5237329800359785	7.0	1.567005047751814	57.466598186623145	1.8986158794784564	186827.0
0.049764024413302396	0.7708036431543022	0.9554161190061444	10.003567306683454	4836.0	0.00020678246484698098	2.4044876433320406	0.0006281726864117499	0.9153841528895599	3.520308937345451	7.0	1.530564250687984	57.82671427030102	1.893377660962355	176536.0
0.04976427134820466	0.769694844788793	0.9582740627437067	9.854728508734189	4831.0	0.00020699648105982198	2.3532068414360605	0.0006354086986548064	0.9176551606414277	3.5323968794892773	7.0	1.556550823492528	58.26469852884751	1.8608893669933955	185106.0
0.049684899519162114	0.7967620397593795	0.9555696921352693	8.616427659734214	4848.0	0.00020627062706270627	1.9918555997704097	0.0004180872377619032	0.9752427596749993	3.253605011319916	7.0	1.4967459943724752	61.618006756756756	1.6990715087279185	196090.0
0.04976468775635127	0.769985645599103	0.958570622896609	9.849554630807855	4831.0	0.00020699648105982198	2.35614271023013	0.0006345416733425044	0.9176650539622825	3.5415333245066476	7.0	1.5575928302149504	58.383457807388076	1.8523515008884877	187850.0
0.049670452275785065	0.7870186350580392	0.9500236830869403	8.113421738573077	4845.0	0.0002063983488132095	1.7195636847351319	0.0002678490717121548	0.977878829321663	3.303567705838935	6.0	1.43034964041175	62.776259115074325	1.6515147788052107	201559.0
0.0496706179588329	0.7873821008108212	0.950294036218324	8.105713147637067	4845.0	0.0002063983488132095	1.7211300770346416	0.0002752179601273534	0.9779739687050731	3.3059304738064634	6.0	1.432177441060197	62.83343699002238	1.647333298075522	202399.0
0.04968547870235825	0.7980550997479723	0.9558299944379498	8.56255873972521	4848.0	0.00020627062706270627	1.9883809307144338	0.0005477946576890651	0.9753046637957162	3.263195284075397	7.0	1.5000371211427772	61.82270814058041	1.6783512556366285	201378.0
0.049746548365095226	0.7677022236932344	0.9664827560816838	9.194657156957955	4832.0	0.00020695364238410596	2.218628269342865	0.00023931268255941807	0.9471152478441964	3.2175147666611714	6.0	1.3778139551132274	57.46880090122602	1.9609472342855316	174639.0
0.04967815814348592	0.7913864371246521	0.9580977958384465	8.509976473391108	4832.0	0.00020695364238410596	1.9485402487841852	0.0004570436516921771	0.9777387729921476	3.290496568338444	7.0	1.5005891394790074	62.62455835320578	1.5669656264903384	203351.0
0.049776600359499795	0.7685239112331311	0.9595204103126495	8.935517015910577	4834.0	0.0002068680182043856	2.1086487289935296	0.00023141081538262972	0.9329447087656183	3.2727747217302574	6.0	1.4171104611886878	56.59366788838344	1.9908391954070166	173803.0
0.04978246577262263	0.7671243872365792	0.9737561581453116	11.857295531537345	4857.0	0.00020588840848260242	2.625594634988974	-3.639357620301824e-5	0.8877458083212585	3.3821061530405596	7.0	1.430030151925949	53.085850485410866	1.9770642381158794	158946.0
0.049685147740531885	0.799416366895056	0.9562426935156721	8.493343982960596	4848.0	0.00020627062706270627	1.9870851859047876	0.00022719680894610957	0.9751504594550486	3.279100892052168	7.0	1.5060164271331793	62.05112541876047	1.646405135600296	208330.0
0.049672191947787304	0.79072000077202	0.9512128818138608	8.074980178955714	4845.0	0.0002063983488132095	1.7267689373304849	0.00020961629527247773	0.9791696199998332	3.3247823317052454	6.0	1.4472136839600684	63.34910245418497	1.6010041480022799	209585.0
0.04973318295186903	0.7706798229357478	0.9674551495449057	8.944655885671304	4902.0	0.0002039983680130559	2.213740995071076	0.00023090876974769586	0.944891620213538	3.25483058280859	6.0	1.3863607350035119	57.76988467780566	1.9436724881498422	191718.0
0.049790008718581476	0.7681279325564635	0.980360757321822	12.244228658978447	4854.0	0.00020601565718994644	2.600082299349608	-1.2128549278131608e-5	0.902892921617092	3.327598478715767	6.0	1.3861595974138246	54.037655799648306	1.9410246742869592	162053.0
0.04978361990968878	0.7687431001892722	0.9747917249693239	11.745834746692738	4857.0	0.00020588840848260242	2.622508962139235	-2.557972722137648e-5	0.8874329553941205	3.412478628668944	7.0	1.4376901176919858	53.375965474323664	1.9571489566266513	162551.0
0.049784396075012324	0.7672047119209332	0.9757776919340212	12.518409018398383	4854.0	0.00020601565718994644	2.6499360521105215	6.48912116156631e-5	0.8980242488348921	3.3611122315059867	6.0	1.3987294559576577	53.925685571493126	1.9698595865556294	161774.0
0.049678407988373884	0.7960001875604522	0.959197734828025	8.439861934684485	4832.0	0.00020695364238410596	1.9543467589920216	0.00024734170567595635	0.9775251420342626	3.317957574171228	7.0	1.5092637348897422	63.04588974142664	1.5400839576409668	211532.0
0.04978427941658371	0.7697299374353944	0.9754560794307638	11.677338143757682	4857.0	0.00020588840848260242	2.6177770426528424	4.503836215541153e-6	0.8870751138025194	3.4324469789197156	7.0	1.4425802645579768	53.554380831509256	1.9402471910920969	164763.0
0.04978491378751033	0.7683562380605433	0.9626897591065993	9.882190512125682	4835.0	0.00020682523267838676	2.4738254418339056	0.000265564195435115	0.9146271983318909	3.633545402350349	7.0	1.6224777114849613	59.09046002704418	1.8188680001169335	207900.0
0.04967688998570754	0.7687027840834004	0.9769188319459589	12.408529504908687	4854.0	0.00020601565718994644	2.654101136808589	0.00010519340109344622	0.8990236296906997	3.3872143487872544	6.0	1.4050851908708166	54.47402347155061	1.9318860059241365	163965.0
0.04978563415815258	0.7691350335958055	0.9770399450908356	12.39127417998318	4854.0	0.00020601565718994644	2.6464335976628703	-7.410769989253383e-6	0.8983169147415854	3.3897621170177827	6.0	1.4046250956699702	54.2827149966738	1.9410684418995878	164348.0
0.049689805053883776	0.7708374471753828	0.9801758935281734	11.22472166280351	4858.0	0.0002058460271716756	2.629865234122551	0.00014966708486588898	0.8900408294635762	3.431845805452847	7.0	1.4529379790393881	53.99272949449431	1.9071050215568335	170091.0
0.049699561526249436	0.770195541921845	0.9775965346822877	12.434178232904536	4854.0	0.00020601565718994644	2.6488968845485474	9.436030921547705e-5	0.9006116538608051	3.4071237531858656	6.0	1.4086239699639262	54.90891618985064	1.892927666119781	166105.0
0.04969665865545096	0.7711781428525742	0.9797334607795966	12.100787715624689	4925.0	0.0002030456852791878	2.6642062659712957	0.0001820438072411001	0.8896214716814188	3.4728623293456202	7.0	1.4627820447219861	54.38996699611169	1.8611721318519412	177240.0
0.049620596238869545	0.7985872981049303	0.9548926520490734	8.539948641629461	4903.0	0.00020395676116663266	2.0273587398341473	0.0004299079190242769	0.972043852779953	3.2979766250515463	7.0	1.5026357024346546	62.05395698187013	1.677220917105011	217048.0
0.049621649035665585	0.7730430814372116	0.9774356141223769	11.864246904603203	4854.0	0.00020601565718994644	2.508195396488338	0.00019328966653640975	0.9575561571985549	3.171685576570643	7.0	1.409642629030011	58.085095977503364	1.8013881983563977	190302.0
0.04969651255220549	0.7709371535736562	0.9864747868281437	11.297138904367543	4696.0	0.00021294718909710392	2.9202956853117805	0.000782333038407153	0.9238202141617925	3.7711082268575753	8.0	1.657491335240705	62.33742164077405	1.7495586585121077	135740.0
0.04970635182764124	0.7669087242794453	0.9822182259828623	10.927271709310789	4697.0	0.00021290185224611454	2.82803903105313	0.0005718273324320963	0.9278965838863577	3.649844935664797	8.0	1.601471025934629	61.335447914660115	1.8765258757538454	130043.0
0.04964110349895899	0.7677587188824768	0.983921288301138	17.048618144986253	4850.0	0.0002061855670103093	2.1482255346979335	0.00022323041332135825	0.9998864285451831	3.5345962078340727	5.0	1.1454141052300462	70.9468480418724	0.8347717222643998	241267.0
0.049665951954602626	0.7852322839644963	0.9783527859501351	11.147624380706517	4855.0	0.00020597322348094748	2.076744648510385	3.3528221408234894e-5	0.9836054922683761	3.3683006489338942	7.0	1.4956164695768197	65.05638980434234	1.4111087804211613	222319.0
0.049644011906187537	0.7646916806065641	0.9735698156750788	10.974657995066158	4730.0	0.00021141649048625792	2.435647651672286	4.588824719200942e-5	0.9754034490876596	3.2020311420003376	7.0	1.43549295230801	60.899263663528906	1.894862731373443	176572.0
0.04959553448008372	0.7931629485792109	0.9826182198362057	12.2243532836468	4799.0	0.00020837674515524068	2.4743376938715813	1.549242137609862e-5	0.9964809943825352	3.500893494832889	7.0	1.5376366863578006	69.7087936483826	1.0601242757974156	208511.0
0.04972143419523351	0.7695581182591927	0.9532226065041958	8.33396328689257	4701.0	0.00021272069772388852	2.6266437380606904	0.00018153903957467374	0.9003115029893562	3.7534116907385737	8.0	1.6642050690668633	58.84404714627183	2.1352212081541837	163035.0
0.04963249950525248	0.7941690735712192	0.9724194855824645	11.762544998906105	4751.0	0.00021048200378867606	2.4378995990555143	0.00027132313484044975	0.994369293452793	3.493976982540471	7.0	1.4835186152394475	69.1567536818153	1.1901765194661567	191929.0
0.04965665542518703	0.7680181325142332	0.9664704944624218	8.665649912323357	4751.0	0.00021048200378867606	2.373507431159567	0.00016520198235854596	0.9704221509698774	3.3354789146503006	9.0	1.559910414793784	62.53740486163226	1.9454785082643253	156936.0
0.04963345314123249	0.7571415954776328	0.9931277130154009	28.348718189501362	4888.0	0.00020458265139116204	2.9678972133586967	0.00026766386230025823	0.9998758119513315	3.5170232154480363	5.0	1.1055362280938954	70.52152739476865	0.8592757780653724	174823.0
0.04962283304922618	0.7576879110555069	0.9923155511601867	26.052701600789664	4904.0	0.0002039151712887439	2.8981212690697387	1.6581914498741534e-5	0.999875767259769	3.512852761793184	5.0	1.2088703881664784	70.53379728037737	0.8984934229729931	181966.0
0.04962304011541096	0.7784571020035221	0.978465244924191	11.788308740068105	4834.0	0.0002068680182043856	2.5927920152290347	1.1373885676681556e-5	0.9927892218550846	3.522997014925373	7.0	1.4492405234447998	69.46263756056798	1.0327494806140736	158748.0
0.04960546026884763	0.7934470668706798	0.9779937461039169	10.085633588050804	4700.0	0.0002127659574468085	2.5644127504399234	0.0004872091716821563	0.9832369709098058	3.429793481796682	8.0	1.5629843630031464	66.21707950319276	1.5953098569244615	149550.0
0.049673081735277964	0.7643805572767618	0.9612131263670501	8.566506590069267	4699.0	0.00021281123643328368	2.579689284997707	0.0007912370173905934	0.9264717978503215	3.618628315537911	9.0	1.5963503566195485	60.73949744544655	2.1106377027934498	119255.0
0.04968780972208643	0.7626242038919182	0.9806957125627163	9.984782757207268	4701.0	0.00021272069772388852	2.8426759237797667	0.0005795990880489658	0.9152770252475522	3.6965709040036043	8.0	1.649008839791638	60.255937032825216	2.103136065799127	125300.0
0.04966309238282475	0.7778877652310091	0.9819300785750998	9.092685051249747	4699.0	0.00021281123643328368	2.8000340835036157	0.000419669669855106	0.9299215256805194	3.8778065343087986	9.0	1.7542035998977648	64.67407718696869	1.9562857562450384	116538.0
0.049580861823255225	0.7733961620196315	0.9809579548960946	10.135268127869704	4705.0	0.00021253985122210415	2.83259069234167	0.0009638115789850474	0.9682188183367096	3.698302533388848	9.0	1.7074021571017035	68.47897005405217	1.4482928816205696	152870.0
0.049651530712657904	0.7600922799529257	0.9899458878929324	21.897591462300355	2265.0	0.0004415011037527594	2.8490744851540146	0.0003036413535333199	0.9997364616464951	3.4607405755074727	6.0	1.193506319984847	69.31242990085408	1.2358957761066744	157825.0
0.04963805759800207	0.7578757353735699	0.99181650473897	22.266220711335308	1447.0	0.000691085003455425	3.1635738223196634	0.0009781278093627512	0.9988374421774024	3.4604664543769936	6.0	1.2817071994225717	69.2548491133701	1.3739846193461753	137039.0
0.04961083204843764	0.7541847118986068	0.9942378365423025	25.6078364127406	1361.0	0.0007347538574577516	3.309209328919895	0.0006751223888136802	0.9976665068839712	3.491094829293294	6.0	1.2357655713222813	69.7674861546576	1.285036007849264	149391.0
0.04960161420524592	0.7534477777969142	0.985635212610266	13.678506544929427	1318.0	0.0007587253414264037	2.8046145979918897	0.00010364308736633853	0.9850855610306261	3.3963117374586633	6.0	1.4645156266082493	65.80774337517434	1.6305186595272119	152121.0
0.049611162338123994	0.7611722644549378	0.9893462268233414	18.63966760740044	1277.0	0.0007830853563038371	2.840583920702352	0.0005406968031389243	0.9972346126959821	3.4798985927272517	6.0	1.2765324650711918	69.35606334683207	1.3244604664310315	135362.0
0.04962000178772009	0.7533593743645043	0.9889477858007429	19.46807112104381	2099.0	0.0004764173415912339	3.0925866691611374	0.0007773446574366926	0.9958295421344797	3.470653951112223	6.0	1.3822844049719252	68.8469400814427	1.3986723430395476	149120.0
0.04962448071511794	0.7571136529821131	0.9901273838062037	21.660121990832643	1144.0	0.0008741258741258741	3.125038399050723	0.0001303341494686996	0.9987213774147407	3.46465354666453	6.0	1.2288357081436767	69.31738238353948	1.3675712737652477	132803.0
0.04963766910657354	0.7584050684498084	0.9911752197921303	18.72715335313428	1068.0	0.0009363295880149813	2.9674332399853376	0.0003142303864971842	0.9984139224021671	3.468876483304204	6.0	1.1813224493108774	69.31901776445137	1.3932434115516381	132489.0
0.04960473129862474	0.7557610719512456	0.9918728798195571	24.806788938360363	1010.0	0.0009900990099009901	3.3872988275951816	0.0005608153549254501	0.9985970264801044	3.4591909476661953	6.0	1.2933417616940015	69.18737615705712	1.411696761931423	134451.0
0.04961991894619617	0.7555310985864823	0.9913618955079854	21.07317765632763	1422.0	0.0007032348804500703	3.087406632567079	0.0005908573978735529	0.9981418225165032	3.473149449859996	6.0	1.1172490658860579	69.43520697933134	1.2913339175812606	147807.0
0.04962602401072889	0.754405404437481	0.9948800265685108	31.049486840768214	1198.0	0.0008347245409015025	3.589009640053686	0.0007027203205771434	0.9990614738685998	3.4531752909135927	6.0	1.2306905448435261	69.15803379958021	1.3812696142967424	137752.0
0.04961551597106121	0.757822755975985	0.9903056618374103	19.480338266384777	1208.0	0.0008278145695364238	2.9783035595013057	0.00011127954998680697	0.9983961268944718	3.469100373156838	6.0	1.240298668688761	69.30391821643205	1.3641185834188183	133313.0
0.049640239799722374	0.7529621729021551	0.9897784073332356	23.658766296944933	876.0	0.001141552511415525	3.120843570948251	0.0003573660631402341	0.9974633256809782	3.444539402662828	6.0	1.2418143722531978	68.71171558168125	1.5349799031301241	126104.0
0.049544907536571044	0.760584112983728	0.9799061367471945	11.343503726333404	1543.0	0.0006480881399870382	2.832556166214167	0.0009861286522029362	0.9682950977293968	3.6344086360711176	9.0	1.673515501826713	67.40729708328212	1.861607940412762	146926.0
0.04963613795519944	0.7580362042384279	0.9891997456021471	19.034631895944127	999.0	0.001001001001001001	3.019805272504097	0.00023594459203417283	0.996574452994669	3.472857445382734	6.0	1.2621306310701224	69.05950788592165	1.3936710668488883	149228.0
0.04962286295167573	0.7563661844565142	0.9899096607422686	20.456580404096318	1625.0	0.0006153846153846154	3.0112241441064103	9.907246873504518e-5	0.9983341815892744	3.467920907240477	6.0	1.0921093590879396	69.31683754868378	1.3188962536704045	150272.0
0.04958812654576454	0.751216029344996	0.9917873985710407	19.326959909105664	1186.0	0.0008431703204047217	3.159218701216722	0.00016284435112440718	0.9940612730031968	3.500674637162535	7.0	1.3867359402870862	69.20875421856694	1.412012134704101	160533.0
0.04962519131906655	0.7592378106605625	0.9879939961814669	19.48733973326461	1065.0	0.0009389671361502347	2.832962556914938	0.0003012203124382863	0.9976701721606397	3.428239103837649	7.0	1.3120181927929673	68.31658301387188	1.4840194154206834	142178.0
0.0496339780751242	0.7551965768972501	0.990374789588039	18.600776397515528	1005.0	0.0009950248756218905	2.9535757576639905	0.0011582959065059844	0.9973072229589627	3.4720343324909475	7.0	1.2670472459779676	69.18155076965795	1.4505231708651651	148299.0
0.04960978526070869	0.7446286009901059	0.9904357880337427	19.547052773671016	725.0	0.001379310344827586	3.1947727054367165	9.364539281214197e-5	0.9942098492004039	3.4222926669301335	6.0	1.3126065619299059	67.69996294325303	1.6638467197409055	138512.0
0.04961116794986617	0.7565289678675222	0.9903792252117877	17.837061083479764	923.0	0.0010834236186348862	3.0746262701695795	0.0009514874407609951	0.99702347978364	3.4729563153771714	7.0	1.3134348127181725	69.15265807194011	1.4839348005277877	141856.0
0.04961641002439852	0.7462216675937099	0.9897922630271175	22.417502581501697	672.0	0.001488095238095238	3.155885562035073	3.5005143740873516e-6	0.9958250697721374	3.4264856248826936	6.0	1.2538365764374027	68.09598001769733	1.670368294324257	134808.0
0.04959661889142551	0.7524553298754784	0.9922041022192334	18.729981909930498	1308.0	0.0007645259938837921	3.191810196810573	0.0001354559043377908	0.9955337928715534	3.490794670753994	7.0	1.3424670766667819	69.32428724519237	1.3628070153940626	158059.0
0.04960657381426386	0.7514615906898652	0.989868971368185	18.038424446989332	793.0	0.0012610340479192938	2.9674434111986754	0.0006436713580633087	0.9959226165374241	3.483931526027746	7.0	1.2781915144720484	69.23158631622186	1.5270593969028519	141284.0
0.04962141899206644	0.7338615638502372	0.9934321495789672	26.538361169102295	674.0	0.001483679525222552	3.5586512786583526	0.0001583989228537212	0.9948127983536414	3.375790055248619	6.0	1.248469870239892	66.91522032862855	1.722547104673709	137792.0
0.049613259222155794	0.7389592271049824	0.9890230140546455	21.000726115971094	749.0	0.0013351134846461949	3.1169587921872126	0.0006852167162641953	0.9946100247026964	3.399498529260345	6.0	1.2644626429825112	67.3445980386725	1.7652104085597287	130397.0
0.049566433995597174	0.7460616274787646	0.9928352494288724	22.233988848704037	1192.0	0.0008389261744966443	3.2018081114310877	0.0002803748933721443	0.9969256676053684	3.4834135201779883	6.0	1.1526880794152474	69.38696393489047	1.4348177708855803	140871.0
0.04961149761394398	0.7538321568762023	0.988488913719747	18.164692303019258	1030.0	0.000970873786407767	2.941511249994318	0.0006452048749893734	0.9967321341791987	3.457280295385744	7.0	1.2913963053533748	68.7886327046918	1.4483889430382446	133777.0
0.04958980651296898	0.7512315227924585	0.9922184313848356	22.33119317127482	1584.0	0.0006313131313131314	3.0949616130886977	-0.00030637371006831944	0.9968471372765004	3.4507380726770402	6.0	1.2231496128647228	68.65942149328264	1.4161989372286918	143103.0
0.04961406712016675	0.7277960502862184	0.9929540654570087	25.0579823299774	665.0	0.0015037593984962407	3.5694154076690214	9.226204819347398e-5	0.9930265276911578	3.385192052024325	6.0	1.2768399824909877	66.80458124355891	1.8983195147718386	123650.0
0.04957403011387718	0.7509299777406641	0.9913334771621569	19.30910808521728	813.0	0.0012300123001230013	3.1733880434791826	0.0006457775186586984	0.9953874430747257	3.4922576821747726	7.0	1.3108081857942206	69.25937174185538	1.479959274789609	136377.0
0.049545982594016644	0.749484429783321	0.9878004600102787	14.843393933255685	810.0	0.0012345679012345679	2.8116792406578988	0.0004547991366480688	0.9943299099357165	3.531133032340296	7.0	1.2359782421587893	69.93932243233995	1.5429022772347156	131353.0
0.049543768818388775	0.743488399053495	0.9910760155706516	18.80178308941011	902.0	0.0011086474501108647	3.1748949336081904	-9.264117731546866e-7	0.9942915471440049	3.498928612709054	6.0	1.297558212593036	69.25137567088824	1.5643980771569561	144552.0
0.049577804682716185	0.7440429347338877	0.9869596703790905	15.790101576552745	914.0	0.0010940919037199124	2.9040257318854032	-0.00022996907594285913	0.992367926774424	3.51090650646669	7.0	1.3831438590356102	69.09195790762902	1.773445046358534	120537.0
0.04958752406509881	0.7235826547222411	0.986916347321571	18.392676193076667	587.0	0.0017035775127768314	3.118682075877408	-0.00024852780550448957	0.9873689111444656	3.3760488941211833	6.0	1.3339010261637474	65.65770425669409	2.1791409350030873	100247.0
0.04959836369312827	0.7346439075580129	0.987685187908737	19.154175249564254	564.0	0.0017730496453900709	3.182454535001443	0.00034349977913487027	0.989825899670886	3.419963526110449	7.0	1.3802700740960103	66.9097187471489	1.921086818894855	123725.0
0.04958768551487909	0.7079846095396068	0.9857524256039591	16.258404038234346	432.0	0.0023148148148148147	3.1957790575965275	0.0010455832397433503	0.9835091489223156	3.316526087827693	6.0	1.3738566161404966	64.08825536152243	2.315220126379941	95206.0
0.04958465407918679	0.741050402555599	0.9872608023680729	15.861614540863298	707.0	0.0014144271570014145	3.0099883883842526	0.0002367665513637862	0.9890691102699446	3.4447168773111256	7.0	1.4354827511563442	67.27181167874676	1.9377170344893004	118291.0
0.04958284202147072	0.7074874732797899	0.98587151183615	17.339843078861463	561.0	0.0017825311942959	3.164299197934704	0.0006388711005339112	0.9844037966852268	3.3417553264984665	6.0	1.3409714927081702	64.5677272666835	2.4021391671123706	81429.0
0.04954189399070098	0.7352850190850825	0.9906534314927341	16.546360089648875	1136.0	0.0008802816901408451	2.8214184168345633	-0.00029925329790344044	0.9944445732915427	3.453061095356155	7.0	1.228239240020527	68.41904421233367	1.6267854017338426	141289.0
0.0496066471686155	0.7104731050683043	0.9870382308699135	15.740031152647974	490.0	0.0020408163265306124	3.1415146590947463	0.0011132446947055713	0.9843301295200141	3.3177362404009973	6.0	1.361217689229977	64.0986698630788	2.2415491757730046	110748.0
0.049583972169932676	0.703410472017643	0.9856211150799207	17.136120467604517	532.0	0.0018796992481203006	3.1778932587387656	0.0009922581685853425	0.9837977057603454	3.329313208836193	6.0	1.3392489864233108	64.26466222312774	2.3737544027296247	88026.0
0.04950185093421168	0.7427201514148052	0.986209414341738	13.349897517649739	864.0	0.0011574074074074073	2.8891189544463414	0.001530144477304893	0.9896103743158965	3.626348593763486	8.0	1.5054868636969418	71.00226905645822	1.7129083561733682	119354.0
0.04956431470005348	0.6972219063988182	0.9826700125633865	13.491710608633479	580.0	0.0017241379310344827	2.874328777067248	0.0004950547421234345	0.9774843608621218	3.266293442382255	7.0	1.382778398602456	62.19663893953984	2.4869563210278103	92228.0
0.049489064275534546	0.7209140678280119	0.9872408610596051	17.969266497768125	936.0	0.0010683760683760685	2.849815697535558	0.0019143885217786233	0.9907753082491976	3.5619005635447323	7.0	1.278282777804561	70.00428169079993	2.0208649861130397	102446.0
0.04953076815620425	0.7147411067533218	0.9827495725762266	11.962455555332356	466.0	0.002145922746781116	2.8726026527614446	0.00020290231163974708	0.9806586616850068	3.4196795179821544	8.0	1.490612157907255	65.58192314207187	2.4166816953320835	93044.0
0.04959947892034452	0.6970390375186823	0.9880163924558261	15.617224265178594	351.0	0.002849002849002849	3.182294162399156	8.509274033784403e-5	0.9774969780680134	3.2461661061361213	7.0	1.3745345080669713	61.89681671010833	2.6100606204149623	76790.0
0.0495825998468003	0.6878714587024728	0.9841033380710726	14.510935061817309	313.0	0.003194888178913738	3.178589784294831	7.037832378006031e-5	0.9790684725430915	3.2758657318886764	7.0	1.3733234547723507	62.574863035771834	2.641804036977693	72011.0
0.04950923748467636	0.7227440188600024	0.9836650185925945	12.73858858858859	501.0	0.001996007984031936	2.9704054878154063	1.342315278995996e-5	0.9868253455572396	3.504655964517021	8.0	1.4618782955650762	68.05112592140918	2.263500055237729	87857.0
0.04950186977461555	0.7144896010731645	0.9890218208046537	14.455617249223394	494.0	0.0020242914979757085	3.1309160587826126	8.462039019174815e-5	0.9871048232027834	3.541061699860421	8.0	1.3780963584199115	68.76259097483114	2.169979275540568	107400.0
0.04951242474969826	0.7071986843553344	0.9795651893298117	11.330468406041232	592.0	0.0016891891891891893	2.775442666151503	-0.00010358432787002548	0.9826880017475834	3.483159117305459	8.0	1.4406919830649425	66.77272357962744	2.505611980866665	76975.0
0.04958146969833835	0.6857950983498424	0.9833491532929667	14.356112286373037	403.0	0.0024813895781637717	3.167626600619365	0.0011664792917884211	0.9767275640138521	3.3146707480136586	6.0	1.3886303911542446	62.77459696661618	2.693052611919693	76450.0
0.04957552644802952	0.6930634121109415	0.987963353144936	15.477404226034206	345.0	0.002898550724637681	3.2060268859489036	-4.340416603689371e-5	0.976693029710896	3.296493174155144	7.0	1.3903650274230313	62.610133833845964	2.7205390089317683	75218.0
0.049465610122579114	0.5812480198511804	0.9837768794839922	11.715082171024516	335.0	0.0029850746268656717	3.1041130575140974	-0.00780465271099977	0.9641688444309592	3.3905783009505455	10.0	1.4951908248965962	59.83961835763749	3.0870613057537444	43567.0
0.04946831204877784	0.7199225950618214	0.9863509656312073	14.245389455413322	581.0	0.0017211703958691911	2.862921437925545	-0.0005659384090605918	0.9883698609557829	3.6193528077799986	7.0	1.3512257032212525	70.60737645186717	2.121872238164762	99624.0
0.049461442263525134	0.7240844056253251	0.983660333814274	13.061086578348721	570.0	0.0017543859649122807	2.7511823312332595	0.0005138904439459724	0.9891855529670234	3.6058319302005204	7.0	1.3212486699186392	70.50096529135062	2.1204346804640193	108705.0
0.04947295808276879	0.7000805215649483	0.9865706630944407	14.30916818457802	569.0	0.0017574692442882249	3.0754742452659447	-0.0007248744087669328	0.9851188881446752	3.5675441309344054	7.0	1.4222898888395161	68.88281952210302	2.2626940798545916	108859.0
0.04957955945089859	0.6826432090212879	0.9881188859767714	15.632109950069491	326.0	0.003067484662576687	3.254902428279857	0.0005601402447889581	0.9757594688557981	3.207282216643004	7.0	1.3496351430293598	60.88314084980267	2.715346660411657	79338.0
0.049575445787972135	0.6879071934420465	0.9871693496165123	14.834621026894865	330.0	0.0030303030303030303	3.1903253025311353	0.0008987894557769123	0.9768207125680499	3.2469491007520097	7.0	1.380405712933014	61.8062529715217	2.733902014303778	77818.0
0.049424913872468765	0.713340392886385	0.986532934384087	12.232682580159691	619.0	0.0016155088852988692	2.9022889442053303	-0.0005310068073256847	0.9868742888448734	3.6023770186660267	8.0	1.4432346968655612	70.01289555760106	2.170636898609975	92269.0
0.04937484644949594	0.6733827660950858	0.9851129934926274	12.03883495145631	485.0	0.002061855670103093	2.85450204275741	-5.93878230905238e-5	0.983229768615505	3.5909450722749434	8.0	1.4168890567297692	69.19426925998552	2.568554665334249	88247.0
0.04954678674135669	0.6832587448798423	0.9855949317611804	14.02361310654864	325.0	0.003076923076923077	3.1620567382375038	-0.0013014368836634163	0.9750252434774112	3.3395250247528203	7.0	1.4333469315152665	62.80582087143905	2.771051017644347	74282.0
0.04949067206766411	0.6211307263965924	0.9766905541493975	9.76930977144534	317.0	0.0031545741324921135	2.741326823683726	-0.004552236546944693	0.9621021854031563	3.369827746143198	10.0	1.5160818352041998	60.35756463779359	3.1283560484987945	51477.0
0.04942336426832862	0.7013007212952891	0.984806152932601	14.315051886334983	566.0	0.0017667844522968198	2.8353521328224347	0.0004466862806974238	0.9863674045359697	3.567052720472916	7.0	1.3250046685969432	69.18494005411458	2.3332546095652433	90045.0
0.049493979130016755	0.5954612529801971	0.9802252889448055	10.832171736272445	252.0	0.003968253968253968	2.9989433256030873	-0.0015427570775257938	0.9633408407919011	3.3027844593254385	10.0	1.466235549890338	60.322797803771785	3.2009573044664807	43027.0
0.04947480906347439	0.6065237664456268	0.9856522618441826	15.75091221851543	362.0	0.0027624309392265192	3.4268783930457647	-0.004676427172574237	0.9687577471588315	3.3003147668141875	8.0	1.446435011665967	60.4525156569034	2.9798847224144804	51617.0
0.04935555664324947	0.6592007834506389	0.9815866966037009	10.13642945620126	384.0	0.0026041666666666665	2.806585035172323	0.0011331645991720979	0.9799724281941987	3.698183278769003	8.0	1.5251405930675825	70.59557958875558	2.7774544920873487	71217.0
0.04949925888006445	0.6071026217271749	0.984607885809488	14.110903441347569	436.0	0.0022935779816513763	3.337575711418896	7.425635442314871e-5	0.9636560591166733	3.221039812340109	8.0	1.4000855715363563	59.62941869357905	3.0110781613906976	54102.0
0.04947763329971416	0.5908841920602491	0.9739433070814775	9.816487219528232	334.0	0.0029940119760479044	2.8261728428504056	0.0006271166870540795	0.962346064586415	3.342746595363803	10.0	1.4701965394219167	60.00814224837662	3.1436738936386006	44106.0
0.049498694032816495	0.6165205830748315	0.9806887242755419	12.74934830984423	357.0	0.0028011204481792717	3.1250007956652572	0.001183426701037628	0.9628079436083362	3.2432983802988993	8.0	1.4118239157104604	59.880251649380384	2.990446865921259	55360.0
0.04938101554192619	0.6909696437397613	0.9828757225433526	11.287707448861443	465.0	0.002150537634408602	2.626267516535764	-0.0005854180442181011	0.9847955034278801	3.6285886759743677	8.0	1.4102263943642692	70.03310411288116	2.554251081642919	72066.0
0.04932732963182185	0.5870485052117836	0.9769813033187748	9.265995744068094	404.0	0.0024752475247524753	2.651085047422465	-0.004878694702586869	0.9722004322015456	3.5238977500985995	9.0	1.4686832479181218	65.38985050586966	2.8788481039488243	64139.0
0.04947238828955458	0.5902860899277657	0.9854688809945555	14.949252771179731	374.0	0.00267379679144385	3.4177686296650327	0.002007071452083276	0.9677800286414244	3.2918749479874614	8.0	1.4094317025275522	60.759211675505995	3.070714883944345	48868.0
0.049472146212162595	0.5849754410344312	0.9869041502540389	14.975027843088727	348.0	0.0028735632183908046	3.4400159299758766	-0.004970306150645345	0.9631631313254879	3.266323722602503	8.0	1.4167609228436386	58.01760997209784	2.910680600876145	55541.0
0.049502890040944166	0.6031501657898366	0.962254432121224	8.820488300511013	241.0	0.004149377593360996	2.6103788267240398	-0.0006963517353906736	0.9529623000736785	3.208211232206162	8.0	1.4114645104232835	58.000644802508255	3.103434985852294	47987.0
0.049339681984245015	0.620845614121725	0.974920719619319	8.845158028587624	380.0	0.002631578947368421	2.6282761689097693	-0.0022864260183811775	0.9740392636296399	3.538040678132437	9.0	1.4764920815500664	66.47256013525994	3.007264182339021	51845.0
0.0494810735208357	0.5977369689104586	0.9673959820817276	9.095452664490322	274.0	0.0036496350364963502	2.7105504646129104	-0.004408806662859289	0.9550339716880865	3.298134950122723	9.0	1.473562095231528	58.07599819462976	3.130754609509867	44955.0
0.04950531081486397	0.6052076194482673	0.9701567710829234	11.328454510848877	399.0	0.002506265664160401	2.9089259956286675	0.0008787984245568018	0.9582913614536777	3.166754644417273	8.0	1.3642931603502568	57.88535568862275	2.956973769434193	50437.0
0.04937689841342415	0.5981472340436127	0.9815037611452866	9.982834863624088	333.0	0.003003003003003003	2.8085548336293042	-0.0007483592529546126	0.9712773954587469	3.497975502837284	10.0	1.4980439081776473	65.29953996739148	2.9711253673280598	47197.0
0.049389261785078346	0.6318689744279572	0.9803347876826778	11.76510961683842	445.0	0.0022471910112359553	2.888208406364079	-0.005194534282107679	0.9750906758082911	3.5391962792264833	8.0	1.4512916606646755	65.62929604569395	2.8992354487995287	61971.0
0.049506924664143845	0.6059648399820854	0.9698464286762093	10.278740347907203	272.0	0.003676470588235294	2.861236387240175	-0.0008701044263249565	0.9557101084550614	3.1804870375543435	8.0	1.3819054568382965	57.943910524729596	2.9713971581301255	51639.0
0.04950526540204668	0.6058427626031312	0.9816912593211025	13.462833758218167	297.0	0.003367003367003367	3.2354925486955697	0.001456288801916286	0.9619809900873856	3.2011693526507137	8.0	1.3774029287693963	58.97265673562815	3.012705728791739	49338.0
0.049426181060061226	0.588692936559814	0.9685297749623505	8.204279392819133	306.0	0.0032679738562091504	2.7069156949683517	-0.004619785900258454	0.9616867326477342	3.4782617794160293	10.0	1.5527203763381188	61.67273206119664	3.204790298362349	43080.0
0.04933662018163723	0.5880988630705093	0.9812578176827755	10.425294571279974	373.0	0.002680965147453083	2.8049428051813154	-0.0053831354210181785	0.9727653454466271	3.4401482861133994	8.0	1.3823350399779695	64.09476530809349	2.97639572941885	48403.0
0.04948933370699324	0.6037088745661328	0.9843129390126983	11.685998567529376	306.0	0.0032679738562091504	3.1517105915323005	-0.0025570710504753645	0.9684440770379646	3.3265164392346187	10.0	1.4374306234597138	60.07066827693142	3.0755807707365674	47309.0
0.04939343726904354	0.6335787901602422	0.9796369627663895	9.890785554105165	333.0	0.003003003003003003	2.71449265529528	-0.005542703317696784	0.9728318793831914	3.550200523842073	8.0	1.5081746259340567	65.5287125453668	2.9190164430840047	52196.0
0.04945669044376663	0.5909560211759969	0.9750862411884004	9.067691514682918	302.0	0.0033112582781456954	2.753359632564919	-0.00014207753132502275	0.9618835140757357	3.368918263054215	11.0	1.5031897380205166	61.21070741698678	3.253420849622379	43369.0
0.04944534111541567	0.5859437157719268	0.9815125063416688	10.662531676974606	297.0	0.003367003367003367	3.02533920811266	-0.004870580126899509	0.9674988458570755	3.3633257532366634	10.0	1.4510307581851103	60.78964290229937	3.179366912204036	47339.0
0.049506037047039916	0.5960270410785367	0.9846246628036804	14.6181879779305	276.0	0.0036231884057971015	3.4137797546984654	0.0017416202586503062	0.9617955551209016	3.161903435045989	8.0	1.3644634975715322	57.325604139366376	3.0113086029715155	54249.0
0.04936469139138542	0.5990502103990898	0.9827550734755964	10.172284382691267	382.0	0.002617801047120419	2.8934228965727513	-0.0032033516780197975	0.9731140364190722	3.4563614473707855	9.0	1.4229514381503192	64.56941207766549	3.0452305290564414	61056.0
0.04949914137368917	0.6063938270379088	0.9823261786349801	11.133417057585048	226.0	0.004424778761061947	3.0867691626597944	-0.0006918635405246792	0.9623457655179606	3.3285529096801465	11.0	1.4813675825347299	60.94946222985256	3.2042972330766117	45673.0
0.049458569364826246	0.5785532076542558	0.9811619233071254	10.883767208784848	270.0	0.003703703703703704	3.0758615100925697	-0.0025723580948297897	0.9632746386419493	3.298738652198074	10.0	1.456785245863148	60.2455024700939	3.2382313989240212	47474.0
0.04949365648978723	0.6052567765920366	0.9779582404401507	10.742047509084726	268.0	0.0037313432835820895	2.9975237135858737	-0.0028834691660507587	0.9631034797460267	3.3362953261108883	10.0	1.4687581797260059	60.10861945301234	3.2676834366435186	49829.0
0.04937206848590401	0.6433471111278392	0.9772087205808334	10.807312804855345	411.0	0.0024330900243309003	2.747253938823563	0.002242305554618966	0.9770681583656402	3.5505696676811085	8.0	1.420122853725101	67.29938816819792	2.7624939731407405	74475.0
0.04935811869817503	0.6114382652596151	0.9780982518726323	9.362672476397966	424.0	0.0023584905660377358	2.685528750339647	-0.002102048387747648	0.9712686019870218	3.450672336857237	8.0	1.4310039341347551	63.90175605779347	3.046114909938487	66541.0
0.04948297506428041	0.5975549209070459	0.9791517983712495	10.259979511695407	283.0	0.0035335689045936395	2.922514572075709	5.195674422991978e-6	0.9604926986485738	3.2739362736113655	9.0	1.456023215721005	59.82114665147048	3.1687146681121305	56122.0
0.04935062499969161	0.5865010891221271	0.9751623073641551	10.023139901342834	332.0	0.0030120481927710845	2.698097980148743	-0.0003755878644641912	0.9687541660001067	3.507204802195979	9.0	1.512963130003934	64.96343376025533	3.075614918613904	51772.0
0.04945768210419505	0.5781926288857151	0.963812173618065	8.172317946732306	235.0	0.00425531914893617	2.6158103135509285	0.0030008174647431613	0.9509721737485363	3.3004290387946162	10.0	1.4837546330894646	58.66319206439357	3.239801237032606	47311.0
0.049479104936106605	0.5793123687039239	0.9782245948174438	10.294987223679923	267.0	0.003745318352059925	2.992850436871553	0.0019321749387099473	0.956328604438187	3.274418345143112	10.0	1.4697375577735627	59.085038383590245	3.235032560629984	42458.0
0.04946168935932447	0.5855402887900031	0.9808739962638029	10.148844661831674	245.0	0.004081632653061225	2.9515570059253973	0.0034121897328223505	0.961525483407177	3.3646618256906375	11.0	1.5061032993536998	60.191676976259934	3.2335477411983673	42880.0
0.04929506820573614	0.588247037693444	0.9750402019462298	9.083408001257565	460.0	0.002173913043478261	2.616758819449407	0.002644052256246029	0.9725766199317284	3.5538270874181497	9.0	1.4881425493462952	66.68450256841531	3.080510227492808	57976.0
0.04951841912740337	0.6420909869857163	0.9856136435825806	11.99538092500446	227.0	0.004405286343612335	3.125549851098225	-0.0008675386071611884	0.9696562227669955	3.323747494430517	9.0	1.455921118646824	61.97358851037457	3.126032792119287	56046.0
0.049476282967646536	0.5991445652223056	0.9816048197718854	11.037932235069908	236.0	0.00423728813559322	3.0857410473113096	-0.0020937310364340335	0.9624437169084755	3.339485387457839	11.0	1.4923590709653425	60.718064385400574	3.1923725583899185	56419.0
0.049477250499689984	0.582984797515243	0.9769461795059406	10.075358811468522	273.0	0.003663003663003663	2.9585787327233626	-0.0001409016055989493	0.9567180693912338	3.2761774553571428	11.0	1.46091531765202	59.2854711156481	3.2887367333049493	48924.0
0.04945435224132829	0.5763464374104673	0.972469989419059	9.491455031506588	236.0	0.00423728813559322	2.8650451047657164	-0.0012931718804913028	0.9579379066692535	3.375078982135677	11.0	1.522390863929159	61.10032320653303	3.403460551857296	43336.0
0.04948200753223696	0.5900159457030103	0.9701194375193495	9.881856960281498	319.0	0.003134796238244514	2.8663198461772565	-0.002305799388423448	0.9572037281452151	3.2845525045988	10.0	1.4639525362051313	59.202484416872714	3.156279690746656	54216.0
0.04947865371911426	0.5773936647473105	0.9752878116533154	9.824178530962117	360.0	0.002777777777777778	2.909933614868129	-0.0008311310015265573	0.956484279989958	3.3508003952004843	11.0	1.5049081180495787	60.642617735898284	3.364981869822535	41387.0
0.049421129975096074	0.6112070265905207	0.9732090875301377	10.784618188445416	401.0	0.0024937655860349127	2.669292156337872	-0.001212188672225171	0.9693820492663335	3.47198496754356	9.0	1.4749061641850247	64.05725121032813	3.0295299675219596	58983.0
0.0494621731253462	0.5858792734271229	0.9773923164195454	9.952940590608037	237.0	0.004219409282700422	2.921921955018287	0.0020831352978714205	0.9614525057705098	3.362013389536325	10.0	1.5041158815090356	61.285881057324744	3.29732176141	51676.0
0.0493340849717221	0.5957348724354449	0.9745560753963973	9.564599632796863	365.0	0.0027397260273972603	2.7049635749541037	0.0008882487155113113	0.9712679322618919	3.4958917072845233	9.0	1.4612651164042243	64.89890661658576	3.0814782793210305	53623.0
0.049385352917226684	0.5811942529835981	0.9744462301610289	9.028616120721384	321.0	0.003115264797507788	2.6240648932684345	5.928720732949514e-5	0.9661216828843203	3.4337208002682464	9.0	1.470574089576876	63.42097395809783	3.01831963909044	55421.0
0.04947144530742927	0.5751683254338644	0.9717379506143463	9.570894264571328	192.0	0.005208333333333333	2.8715828758172894	-0.00010029606815795979	0.9556471130856825	3.3140323510461527	10.0	1.4900032629418842	59.59885547381549	3.2979454371707178	46424.0
0.049460318688929576	0.5777104252594386	0.9729183409651458	9.711784424122108	227.0	0.004405286343612335	2.9038882730554167	0.002206716975319491	0.9572762498757011	3.327369670596168	10.0	1.5025506693418798	60.31965794462079	3.3356614676404486	46376.0
0.049472815977824165	0.5824165594901782	0.9768577370126272	10.203527168732126	292.0	0.003424657534246575	2.9957759913797397	-0.0005579976310764697	0.958832032803343	3.323919988926585	11.0	1.4922243513656628	60.408235032049596	3.378548806042764	40024.0
0.049468381455958346	0.5750683790430813	0.9707647899651368	9.501994192910246	195.0	0.005128205128205128	2.8560017821479384	0.0012222046933527807	0.9536322755936442	3.3134135222529917	9.0	1.4965735223563774	59.44248515100795	3.304361083228984	47270.0
0.04933251684017147	0.6001053031681981	0.9771024596531761	8.315243324039209	373.0	0.002680965147453083	2.667862944168939	-0.0005829921919221555	0.9726168521033041	3.559531866630818	10.0	1.5222567913680674	66.31461723809903	3.153506411602361	57112.0
0.049357495213746674	0.5808371898375586	0.9750854712359006	10.70849963045085	297.0	0.003367003367003367	2.8778510563989457	0.0022492513382472976	0.9712729157132474	3.5128870606061526	9.0	1.4793901859530287	65.75678545283851	3.072727580234947	53907.0
0.049459673667567275	0.5973596057939674	0.9796554798975601	10.485091162871848	217.0	0.004608294930875576	2.972012969674645	-0.0012788843121701364	0.9650026979311515	3.382142132762753	10.0	1.5029372691220753	62.13501372404995	3.3288366174067923	43461.0
0.049458061114161525	0.5769920581122273	0.9772469771589452	10.241683894004886	259.0	0.003861003861003861	2.9580398216147743	0.0010682392386254025	0.9604866541791582	3.344962472606706	10.0	1.512177740181545	60.69795864738596	3.3186615655863543	39338.0
0.04947462071624518	0.5791581629229926	0.9805599212223577	10.079064233405393	204.0	0.004901960784313725	2.971947650641431	0.002194194528718462	0.9613073306248084	3.3821599421812802	10.0	1.5222362426602771	61.71072740613104	3.3933821510834887	42967.0
0.04946644639187144	0.579304160210702	0.9778310951448778	10.30996081666323	183.0	0.00546448087431694	3.0106682917654144	0.0011546983419584477	0.957649910271435	3.3365959065921587	10.0	1.5078025899735492	60.36072863742497	3.3853004247675877	49525.0
0.04945580353939347	0.5697617516368115	0.9722327738695925	9.440595861894284	206.0	0.0048543689320388345	2.8963908610726943	0.0006225825602471938	0.9581730886800297	3.3545888591136492	12.0	1.5139620056619834	60.89977566607012	3.4605377972126954	40660.0
0.049481557481179994	0.5810336865695559	0.9736966507894591	9.780139173147768	199.0	0.005025125628140704	2.9310724582461978	0.0008227021849435727	0.959017569254945	3.3648205395110486	10.0	1.5178398669383628	61.147223685010026	3.4041581590015992	40202.0
0.04936536994236932	0.5717151678008731	0.9667897045271425	7.818305882982567	287.0	0.003484320557491289	2.4002253294153775	-0.0047556021144316285	0.9647828252161986	3.492537402824527	10.0	1.5424484276934534	63.804389718745796	3.1550153052108136	48001.0
0.049459109273875264	0.5793077514104307	0.9799649835513982	10.673200525549518	267.0	0.003745318352059925	3.057293979237302	-0.002886166142180608	0.9633753704603326	3.346326008850535	11.0	1.4947825402158201	61.47667157577191	3.4262345405108525	44546.0
0.049485313266718754	0.5987665321410023	0.9781588950567901	10.312742639227677	223.0	0.004484304932735426	2.9591612765610504	-8.920745557873896e-5	0.9620644202616371	3.3146568540770245	9.0	1.4759130871862542	60.48701798128981	3.3963252340874996	39625.0
0.049471008700988285	0.5742102626514275	0.9718956697403147	7.9616842386227145	229.0	0.004366812227074236	2.695505811833555	-0.001418465264896439	0.951293538822456	3.3253018223234623	12.0	1.5224567107893892	59.18670321767059	3.5990864880769218	34287.0
0.0493371953163493	0.5903204610267445	0.9721897253518423	9.283342098133895	457.0	0.002188183807439825	2.581970701763522	0.0018515234347285334	0.9693784910956721	3.525843440045647	8.0	1.5001496673294255	65.44461699441935	3.0066697411558843	63640.0
0.04945144964519794	0.5828243248051224	0.9757749078393233	9.811354470638381	225.0	0.0044444444444444444	2.9568118882695824	-0.0017335437710077944	0.960469958309624	3.4090526358430675	11.0	1.5300300125273476	61.582342600730904	3.465202126293036	38752.0
0.04947096154140755	0.5756316073694673	0.9713546717342517	9.652085897518948	200.0	0.005	2.893126296938067	0.000987501764257984	0.9548211867210584	3.3156144769235123	11.0	1.5055319743571798	59.814503548382305	3.436533018336139	43748.0
0.04948007246815005	0.5879374822052522	0.9736445022373005	10.017301502145923	179.0	0.00558659217877095	2.961821422328241	0.0017722500796306096	0.9600202709528978	3.3043422174361736	10.0	1.471531503775697	60.393057250603356	3.4798619266388977	34152.0
0.04946564011516857	0.5885096905956154	0.9779236422730303	10.03483976717736	191.0	0.005235602094240838	2.9563165438354257	5.745911824469984e-5	0.9630452464275061	3.340570430239757	11.0	1.4995417823608481	61.31573591953148	3.4292075052599738	42187.0
0.0494018668192547	0.574767698556618	0.9786625644738033	12.172300892199395	239.0	0.0041841004184100415	3.0258549452030783	0.0007696121751577832	0.9693676425827362	3.3879693281696093	9.0	1.4316484588291953	63.025860141074446	3.1780018089246957	42206.0
0.0494706390307264	0.5768532502667129	0.9779959548151879	10.084837484454305	211.0	0.004739336492890996	2.9907465321953937	-0.0011294923008531475	0.957388655554632	3.3195016995222124	11.0	1.494697982188609	60.25410489796325	3.449363950625662	36683.0
0.049474136755900885	0.5697381460217097	0.9783326757596607	10.13676137707355	171.0	0.005847953216374269	3.0176017022273407	0.0003570293138797491	0.9592942875868568	3.4061779101505403	11.0	1.5375044043343131	61.844623615980986	3.5494902864767637	34506.0
0.04947149227280446	0.5906119379988553	0.9715619735886065	9.614528922422132	198.0	0.005050505050505051	2.9121918368232693	0.0013175050949152584	0.9565797147725903	3.359212220029177	12.0	1.5376298208649786	60.88993212015813	3.527303814232002	39232.0
0.04948998967159544	0.5880604553406309	0.9741629725207679	8.963558140580732	161.0	0.006211180124223602	2.8144000508591827	-0.0009154511838312058	0.9548467031275201	3.331837277652396	11.0	1.5269642873312215	59.72143072000875	3.535579511702332	34179.0
0.049375180011300736	0.5819895320742942	0.9667958178769918	8.391978801117238	239.0	0.0041841004184100415	2.4627395655281004	0.0006144542765181651	0.9646143285237159	3.4728809279805137	10.0	1.5258416256465754	63.42253066149813	3.28666372273472	38769.0
0.04949700427891046	0.5966894896908053	0.970775180160809	9.060509312048652	200.0	0.005	2.795334739116588	-0.0009611565769561566	0.9563476549773903	3.3302777793534553	10.0	1.5101297129489124	60.107519591616985	3.56434493905688	33582.0
0.049487651469157096	0.5913996145499468	0.9777021082472547	10.000399953338777	185.0	0.005405405405405406	2.941500601501949	0.000177426547091078	0.9598862784711134	3.3019795321309675	10.0	1.4824530643425482	60.07046214370657	3.386215213459089	37962.0
0.04948027716079835	0.5791271270788706	0.9770105955842231	10.024751813350269	202.0	0.0049504950495049506	2.98772765140198	0.0003776462465866395	0.9560702680251166	3.317432820805557	11.0	1.5146347681973462	59.91598749816916	3.436769357085785	38997.0
0.04946370505108166	0.5701630612033742	0.980266771858389	10.117889530090684	170.0	0.0058823529411764705	3.034316526774035	0.0014520350845699116	0.9597054849115624	3.3576159884574697	12.0	1.5083212338952081	61.13183587324564	3.5531602936020508	33962.0
0.04946241500835706	0.567497235906627	0.967437531277151	9.045877852123946	196.0	0.00510204081632653	2.8237270945254918	0.0020764489931358668	0.9536927006668655	3.3607566396971604	11.0	1.5312398348750946	60.379473102634485	3.545092911010046	36180.0
0.04946443070011425	0.5882715070619654	0.9816411623949457	10.273789620935549	186.0	0.005376344086021506	3.012160634762646	0.0003029311367797568	0.9620581849478069	3.3792805327012374	12.0	1.5159429952268046	61.785698022170315	3.4931939509823398	33076.0
0.049490473437617165	0.5903406730492077	0.9775746764090157	9.636416194253963	225.0	0.0044444444444444444	2.942633810216785	-0.00010245544444343947	0.959368865211831	3.359212556652396	12.0	1.5413071080256882	61.024692981236264	3.539853116700164	36988.0
0.0493616483532562	0.5672511527582225	0.9695969610208532	8.413953154188821	354.0	0.002824858757062147	2.5203582462797263	-0.002167491162048969	0.9659439597143175	3.4024194630285285	9.0	1.4742134692415425	62.67101066566069	3.320775018131246	36503.0
0.049335162515829464	0.5569601928544137	0.9658682585084774	7.6276222402639915	253.0	0.003952569169960474	2.3974664631385045	-6.61177252527648e-5	0.9644380881316585	3.4498970894402494	10.0	1.5252690850020811	63.18786553994615	3.316091533011018	41328.0
0.04947370288219733	0.5761256616616641	0.9718745059948795	9.44023365151731	202.0	0.0049504950495049506	2.908711169368038	0.00011707855698499858	0.9552832676289547	3.3137926648293408	11.0	1.4930764231264577	59.93143110534178	3.50599469928303	33585.0
0.04948801028577052	0.5689165625301622	0.9696726201148095	9.1385846607579	189.0	0.005291005291005291	2.8523102169961083	0.0009351032349801446	0.9551706658756263	3.3029928138650133	12.0	1.5039328741427345	59.696070876371415	3.5831984929422718	36266.0
0.049337383580412765	0.5672788429955838	0.9675187785936433	8.968473646297914	233.0	0.004291845493562232	2.5202609090118724	-0.0009413135443320334	0.9671748695046882	3.5057024194080033	10.0	1.506409594950407	64.70383316868765	3.4125130209982526	40175.0
0.04926916494547993	0.5456443855438287	0.9546875498153372	6.06514508666823	1879.0	0.0005321979776476849	2.3252703713141445	-0.0012311190533439028	0.9628736255161918	3.801994335028408	11.0	1.7371988853707026	65.94107836872989	3.689986369374086	35148.0
0.049466688274882306	0.5792525694165669	0.981239405398357	9.86174133835695	169.0	0.005917159763313609	3.0182235755846594	-0.0024126866320339736	0.9598179358456123	3.328975671527462	12.0	1.5125717906648612	60.64905564640306	3.6074426788384564	34904.0
0.049491399312570426	0.5815817907123965	0.9819223447375149	9.564607721836236	230.0	0.004347826086956522	2.958191787462227	0.0023529529826327423	0.9557634027224776	3.3214029031436576	12.0	1.52081620702766	60.01576897006354	3.589114330292101	33699.0
0.04934396863258587	0.55710946573114	0.9766303629645365	7.962686160056735	203.0	0.0049261083743842365	2.7160870554128604	-0.0009522288066131476	0.9658672157664341	3.4410165340230208	12.0	1.5343443166815514	62.99537544246894	3.5075137282978743	35731.0
0.04931308557779227	0.5674606389790973	0.9673785171780592	7.845892910235965	291.0	0.003436426116838488	2.4839589655978735	0.001441084111426981	0.9679050732679471	3.49889165973954	9.0	1.5115976375087499	64.85671422163387	3.4394524261261417	37335.0
0.04945677107143692	0.5729229329892491	0.9738603221078681	9.220556910443614	169.0	0.005917159763313609	2.8600980004228274	0.00308164980293283	0.9594120936359324	3.382643632904444	11.0	1.5366220723014314	61.235145546528294	3.7195992960805597	32188.0
0.049343072990419824	0.5619274470647222	0.9689827658123507	9.770984594328443	277.0	0.0036101083032490976	2.614251870641416	-0.003653955979051188	0.9684630256162398	3.4519999174014497	9.0	1.4720087326865423	64.08732150630674	3.3262874269031117	41826.0
0.04948833669106797	0.5871808521516431	0.9695896813699545	8.806609076386012	217.0	0.004608294930875576	2.7468464448137304	-0.0008141126058299342	0.9530735218676459	3.3159599061681946	11.0	1.5044954173449683	59.435491784080966	3.4523365710791674	37031.0
0.04932532899421192	0.5666135274512695	0.9701109319488027	7.642009144453375	239.0	0.0041841004184100415	2.6105895768077114	0.0016299922324930396	0.9654458353684239	3.5657489520879473	10.0	1.587673326554275	65.47555723397579	3.464028118951892	42873.0
0.04946023806125929	0.5678840935920355	0.9785781820552947	9.391411138923655	151.0	0.006622516556291391	2.925729890849836	-0.0007629513929065867	0.9563828573291602	3.355007777294874	12.0	1.5302428867947457	60.54993170359359	3.6848234952966052	38321.0
0.04944854704906758	0.5617245060655045	0.9749093013965546	9.422090201393047	167.0	0.005988023952095809	2.946675895145033	0.0006911070710521231	0.9537832527576452	3.4091203142484146	11.0	1.5715227618735599	60.898658299398285	3.724268806723994	28402.0
0.049471572868107154	0.5779249871385298	0.9731536735920707	8.180720086552816	223.0	0.004484304932735426	2.7768999891263952	-0.00023937808123513214	0.949182750188571	3.3277208213153613	12.0	1.535427719574784	59.219302205756065	3.706043869364895	33938.0
0.04946023806125929	0.5697444844951863	0.9779896974439228	9.007401846708206	146.0	0.00684931506849315	2.9286813233798745	-0.0007224511394596014	0.9536702856025039	3.3759564891222804	12.0	1.539552666200471	60.37293065887621	3.6460344053087077	34138.0
0.04946459195545482	0.5730515397775877	0.9767463088473562	9.6857452276658	160.0	0.00625	2.973472081683896	-0.000543005176223487	0.954064750429507	3.3194087239587025	12.0	1.5053209651456927	59.7847553942946	3.714903790264352	35705.0
0.04947096154140755	0.5724727219096205	0.9696678308856485	9.185765014667284	181.0	0.0055248618784530384	2.867848243788101	-0.0007361125579221579	0.95066357222368	3.2883175673390235	11.0	1.4961135060098643	58.46367557819316	3.569873533990093	36970.0
0.0494588673908644	0.5677121976840824	0.9759187379671124	9.546340296603413	157.0	0.006369426751592357	2.969011615385802	-2.718940873575944e-5	0.9541719172577487	3.3658874608240605	11.0	1.5357458862082638	60.198291352257606	3.641739114276738	34862.0
0.04946112496563246	0.5836726463474045	0.9758627828465517	9.536496001529295	204.0	0.004901960784313725	2.9033851336290026	-0.0006419474386386142	0.9612454784489715	3.3913163502100603	12.0	1.5301734279771557	61.627531256405	3.706481061684825	32799.0
0.0493145322685881	0.5609686018327177	0.9692848480350568	7.80794576013261	303.0	0.0033003300330033004	2.6140919438612737	-0.0015287517439588087	0.965914783585526	3.5123403785527656	9.0	1.5369703493940052	63.88943339454413	3.4994348616414275	32297.0
0.04945717420978836	0.5711041518843396	0.9775155607578717	9.477003319108583	254.0	0.003937007874015748	2.966554540139254	-0.0018259901852235051	0.9584228613535658	3.378600799395425	12.0	1.5345276453710581	61.06918167167891	3.605250074607743	34762.0
0.04934257627514468	0.5526870811211285	0.9693448726614105	9.458807024333607	258.0	0.003875968992248062	2.6953078855821926	0.0018819161709500004	0.9689152051084167	3.560227831652326	9.0	1.547890611670215	65.755273072801	3.705971515049029	28580.0
0.04933159028755774	0.5453118743184183	0.9638910405583734	9.028620049504951	285.0	0.0035087719298245615	2.569737645586652	0.0017099718901455554	0.9630734979098985	3.515070227259027	10.0	1.5460722794824233	64.38083690184288	3.534989702117742	35621.0
0.049477133943993196	0.5816371635278416	0.9724660203031132	8.696310215735116	167.0	0.005988023952095809	2.8073204864410903	0.00021076732999825864	0.952676837770567	3.3248314402337664	12.0	1.5320976272445042	59.51908396946565	3.64526166232518	32998.0
0.04946544762510224	0.5713863177954831	0.9707845689864456	8.434717365761124	164.0	0.006097560975609756	2.7781930754566972	0.001057917046761627	0.9512033381615671	3.38472241950586	12.0	1.5667106492655931	60.45952860268834	3.7916327761303243	25790.0
0.04934386064039466	0.5679619594269655	0.9698412964141025	7.247904416364319	204.0	0.004901960784313725	2.539086174123556	-0.00019889924636130003	0.9669811162821843	3.5136426540140215	10.0	1.5517869767821846	64.86786620644855	3.541083870774271	36587.0
0.049467736434596045	0.5745966957360923	0.9745620854949938	9.211474172328264	142.0	0.007042253521126761	2.8809827032036806	-0.0013171158600562495	0.9578360088210414	3.34197169642324	12.0	1.5202423553353017	60.55532075092862	3.6398143728304504	32841.0
0.049455534402870614	0.5771451855822127	0.9740249793034216	8.9146108641828	166.0	0.006024096385542169	2.8677328990440967	-0.00046485327581415536	0.9564451100666853	3.408175768274837	14.0	1.5814698950190118	61.593420299077316	3.778003357210103	28005.0
0.04947144530742927	0.5705263308918672	0.9752419818800839	9.269141998543923	166.0	0.006024096385542169	2.877879498431594	0.0015541444055591808	0.9548786708801964	3.2961103328776447	12.0	1.5043759046138219	59.398625742808434	3.6223541820607026	32860.0
0.04932690652576645	0.5476576804385994	0.9729301844440982	8.825531210995655	229.0	0.004366812227074236	2.7133596368812367	0.002872074198162543	0.9658373921202617	3.4630239988112046	11.0	1.5194788436335214	63.6413532220851	3.5971303274748174	35431.0
0.04946209249767591	0.5644913903547739	0.9774330318209901	9.552636609845468	157.0	0.006369426751592357	2.9779237018907425	-0.0006937512244294097	0.9577211665577223	3.389318503690585	11.0	1.5440392370461598	60.89036564265043	3.7487613387780847	30883.0
0.049457952261951495	0.5830885795894581	0.9814522095369081	9.327922932767512	172.0	0.005813953488372093	2.962755648994035	0.0006417744570710603	0.9582731749606458	3.4356357262835027	14.0	1.5889681447248705	62.034255477401935	3.8555875086340063	29149.0
0.049461498455270134	0.5641723144851379	0.9759296857432435	8.77244631924305	161.0	0.006211180124223602	2.864278377752451	-0.0015724908059551543	0.9565245021199213	3.3510833545028214	12.0	1.5491509251634117	60.34726614717486	3.7898562948563024	27750.0
0.049379058612705265	0.5467387961620288	0.9717959920533513	9.772012135479699	206.0	0.0048543689320388345	2.8451938816567157	-0.004064533303876833	0.9639729945840787	3.4661517074573247	11.0	1.5255537454275099	62.965385586855085	3.5747823522642705	37235.0
0.04945190761424928	0.5596924189725717	0.9744859293689688	8.81756647151642	156.0	0.00641025641025641	2.8594911018663765	-0.0009152631193496534	0.9554485701200979	3.383908961560329	12.0	1.563688561447894	60.94249035153479	3.782475053194378	33756.0
0.04946636576420115	0.5740759018867836	0.977252426994569	9.405600439250136	167.0	0.005988023952095809	2.9754361261929807	0.0032056102355269276	0.9588796380208503	3.399270785783212	11.0	1.5541194575902562	61.52891109993182	3.724183002719675	32421.0
0.04936607653513144	0.5543922785372102	0.9646928939237899	8.2922296818787	233.0	0.004291845493562232	2.52301138577599	-0.003112680764655834	0.9637882595262616	3.4626311661017954	10.0	1.5109437865085418	62.98642867757892	3.5582219530990518	35337.0
0.04933977287185861	0.5441132177180401	0.959820196950749	8.03928269983811	229.0	0.004366812227074236	2.4718597918177974	-0.001284631179995527	0.9603124912237808	3.5215986090622984	11.0	1.5680819925441007	63.73633204457341	3.696191742418915	41316.0
0.049471653463409856	0.5754835229184058	0.9749490085170439	8.843275752515774	197.0	0.005076142131979695	2.8768715902789204	0.0009104101379601583	0.952551040356582	3.34688509763853	12.0	1.556360355987879	59.855674429924555	3.801562186530974	32760.0
0.049488614561286774	0.5816379937270205	0.9780492768014847	8.881676398846922	183.0	0.00546448087431694	2.902922386541169	0.0007530900965477843	0.948492149409476	3.3231875295875706	12.0	1.5449633962633293	58.98047673542847	3.762166125231197	33820.0
0.04932052823680788	0.5355031947112762	0.9662250887024572	7.148873268808499	223.0	0.004484304932735426	2.413167264514538	-0.003379003708807527	0.9630956328547269	3.4781865430790324	10.0	1.5601980511435822	63.0565419547568	3.5594499910316597	36000.0
0.04948160439388552	0.5806755137076722	0.9811261110794274	9.410950125818603	190.0	0.005263157894736842	2.970251884774833	-0.002004236019420453	0.9574665352245786	3.4082654215364983	13.0	1.5556113857040001	61.25121291737877	3.756995491284666	34461.0
0.04944999834713276	0.563656810254176	0.9757089773084868	9.077208949563898	150.0	0.006666666666666667	2.928253488871992	-0.0009808131426274906	0.9572534741640891	3.4012959889229735	13.0	1.5578700625946986	61.2176928091925	3.7620348855699093	29565.0
0.04947044453386941	0.5689500721141071	0.9741207827139536	8.707773861882155	147.0	0.006802721088435374	2.852743168500374	0.001271429836225165	0.9522134591479815	3.3361454138638615	11.0	1.5432767381331307	59.67467845997362	3.780780634876539	33434.0
0.04935982409049588	0.5462386016609773	0.9735358956363787	9.82385189628741	223.0	0.004484304932735426	2.856470444071219	0.0027026619458241988	0.966617677414028	3.457936554820416	10.0	1.5110237513963392	63.294105065595815	3.57881046118312	37508.0
0.04947133108219907	0.5821873331968849	0.9818922036284016	9.54983204461909	163.0	0.006134969325153374	2.9873429504229474	0.0007232403826404282	0.9589646217808362	3.356027628829538	13.0	1.5360331225776818	60.881438927367086	3.7232775357197094	32689.0
0.04946799044491133	0.5777523534203782	0.9782453271751008	9.093084864815768	131.0	0.007633587786259542	2.9315139690767116	-0.0011514745414907828	0.953382494963593	3.398199908282976	13.0	1.582509980426264	60.86805443548387	3.726849096726606	34299.0
0.04948043835140374	0.5716258213646992	0.9745983708426109	8.853832494820953	146.0	0.00684931506849315	2.8735899474842794	0.00010742183373791787	0.9522654604625556	3.324250789652496	14.0	1.5315002678077325	59.28184121392431	3.7467624771011128	31848.0
0.04946007680591872	0.5600747519378493	0.9739468373331942	8.864858448572615	190.0	0.005263157894736842	2.8942667807056877	0.0009336827501394582	0.9536685043965323	3.3792445146588648	13.0	1.5580315180826352	60.69411126378112	3.7840032172091815	38405.0
0.04938677312926915	0.5511852600463588	0.976732987574106	9.384086444007858	246.0	0.0040650406504065045	2.825339644657124	-0.001215957454204536	0.9646319643136899	3.3262896915658264	10.0	1.4280359750740959	61.03272457564045	3.502378197032994	43106.0
0.049474378736073035	0.5700284900808074	0.9708283268309941	8.753653015023668	153.0	0.006535947712418301	2.8279589152163824	0.0007203739114883441	0.9569207116760058	3.419302502381209	14.0	1.561424235929069	61.72809100786093	3.7956640722102852	29892.0
0.04946496405328607	0.5653146371912372	0.971959038362838	8.401546413531822	142.0	0.007042253521126761	2.8104857780852286	0.0016309504650612167	0.9521584697227676	3.3472184434739027	14.0	1.5518414622619778	60.02790421777352	3.880855041433318	30809.0
0.04946705953115617	0.5824471478014921	0.9805383441055378	9.322686081635814	161.0	0.006211180124223602	2.9762706354184196	-0.0004512392851101679	0.9567941463510006	3.4215693414708754	14.0	1.5787216829601614	61.42106635046868	3.748821154430932	33875.0
0.049470074637034386	0.5652006583074198	0.9766836929275281	9.163356117253086	138.0	0.007246376811594203	2.940705170076777	0.0004417493766747073	0.9557999028623024	3.340619997835362	12.0	1.5208668115253825	59.88271321237311	3.7275363937854733	36136.0
0.04943717854755702	0.5573079929403242	0.9656513698026923	8.54674711664766	137.0	0.0072992700729927005	2.804549001404034	0.0012648864177846665	0.9538851577254653	3.4135349974612033	12.0	1.5720340356734193	61.29097928207626	3.813673140740176	34605.0
0.0494685102466047	0.5776407132053272	0.980102282706272	9.376038403391469	142.0	0.007042253521126761	2.9642558647807475	6.739078724691221e-5	0.9580499161764059	3.4009456059685954	14.0	1.5670195545320549	61.53802880804239	3.7968978208293267	31542.0
0.04944870830440816	0.548816406515328	0.9628141014875338	8.141334620157176	172.0	0.005813953488372093	2.7386342254204843	0.0005298978947808875	0.9495456524326713	3.372970640533324	13.0	1.5555646038301452	59.94762908743735	3.822332675687046	33669.0
0.049450159602473336	0.5584743938838059	0.9765357116652943	8.956944382131693	146.0	0.00684931506849315	2.919794795165251	0.001892640623109449	0.9547010916087165	3.3695833573113885	13.0	1.5470122556526207	60.59154777454034	3.7812167560176455	32650.0
0.0493179832526726	0.5508010593666578	0.9619151883091571	6.94139544905019	205.0	0.004878048780487805	2.3839276341116022	-0.000931047488852808	0.9626674296898974	3.4637412154399367	10.0	1.538312752226574	62.74750045979279	3.7482492638762452	32313.0
0.049368122627456636	0.5521735538287135	0.9702243279893626	9.4614939107772	189.0	0.005291005291005291	2.696985152950898	-0.001101503647914915	0.9655548150176684	3.441151310084105	9.0	1.4965258211111205	63.02133602852231	3.6106936836130052	36202.0
0.049477133943993196	0.561571415667235	0.9732674589832806	8.719226559649762	156.0	0.00641025641025641	2.847934403003494	0.0008559843476242265	0.9517239076325632	3.319156490642034	11.0	1.5242133906379887	59.346677659103214	3.740252804632223	32378.0
0.04948051894670644	0.5675965241518814	0.972049294879939	8.61935092508341	150.0	0.006666666666666667	2.832544893555148	-0.0005430735449088864	0.9505780714013468	3.310243902439024	13.0	1.524609179501482	59.21048596858177	3.7871445420283556	35752.0
0.049481566685641486	0.5676013668498174	0.9778093039998306	8.91208562818248	174.0	0.005747126436781609	2.9113354033485384	-0.0018745331596799297	0.9499691343445975	3.3502376678394485	13.0	1.5588594281952344	59.61562871484107	3.8163434517181027	34543.0
0.04945056274082477	0.5605033362729036	0.9753260940455227	8.94364870522098	126.0	0.007936507936507936	2.922332526460023	0.00061978746164238	0.9562903541381335	3.39513923259267	14.0	1.5635862628384938	60.83067730599922	3.8529941142006163	34085.0
0.049434275951426666	0.5636856199774732	0.9704559318108423	8.514653692043503	138.0	0.007246376811594203	2.7766068548030214	0.0017841251718712177	0.9566388525536683	3.432473555617328	14.0	1.5837943732640118	61.56161316712016	3.8549140239918005	32972.0
0.04936041563580774	0.5455072525233406	0.967065028796865	9.204530470000941	206.0	0.0048543689320388345	2.678732800843085	0.00274041803149136	0.9622342145020089	3.4236839557176517	9.0	1.4952909818789732	62.43956210958789	3.626145040489893	46580.0
0.049492044074992	0.5768507415430018	0.9796476360610408	9.035219729055902	156.0	0.00641025641025641	2.93971553505748	0.0003218103479616722	0.9516008474452068	3.297398409308283	14.0	1.5268117803668988	58.967510075911726	3.7358773872208983	37396.0
0.04946665655464269	0.5697541064061271	0.9728626219112821	8.577934204855625	122.0	0.00819672131147541	2.848364471483943	0.002163974599137856	0.9516542134950453	3.3947250652392493	13.0	1.5755743518200636	60.27488343145669	3.808188345159814	35626.0
0.049472735350153875	0.566479689868411	0.9736927452146774	8.6841623303003	155.0	0.0064516129032258064	2.885240761491069	-0.0009853669715628433	0.9517857870419414	3.2756147971989535	12.0	1.499944439033938	58.50528527329561	3.8175138475840558	34823.0
0.04949207876833422	0.5795521872981341	0.9832630125926215	9.336393706142385	154.0	0.006493506493506494	2.9994489805740816	-0.0021169660992699816	0.9516064708103814	3.37380933830807	13.0	1.575518550983163	60.073596776244756	3.8271858441724613	36913.0
0.04946096371029188	0.5665995790809919	0.9710244861431023	8.875026073482523	150.0	0.006666666666666667	2.887929752691666	0.000930366423812645	0.9531053111179576	3.3461902758820012	12.0	1.5270450558058315	59.78862021188475	3.7067138219272304	37918.0
0.04946649536403729	0.5766037327985541	0.9798179756388449	9.102670057215512	161.0	0.006211180124223602	2.9489416956705172	0.00034054693099680705	0.9558054887546353	3.4103151396066713	14.0	1.5814562016535745	61.29518058504214	3.890611623579663	31241.0
0.04946190143178361	0.5694576400420212	0.973943591974672	8.640136457595514	156.0	0.00641025641025641	2.8584178696132883	-0.0016376610463050523	0.9539853708691607	3.399078627288192	13.0	1.579989543939285	60.79112023617414	3.8994271409906966	35247.0
0.04934432416099946	0.5491028448444013	0.962923681415108	6.854524006134246	190.0	0.005263157894736842	2.3680477228602355	0.0013393324134927788	0.9614810972588416	3.4198481606573417	10.0	1.527792476785875	62.3756482329989	3.5694895555754265	44496.0
0.04946238500359979	0.5600797223102276	0.9750225268162805	8.565596415637213	136.0	0.007352941176470588	2.8527672293797504	0.00040427910370263606	0.9531222248836182	3.3281850535832653	13.0	1.5346129083539366	59.57100996626764	3.8563912873975204	33340.0
0.04934942523457994	0.5350148309474446	0.9674140232042905	9.20985017432547	205.0	0.004878048780487805	2.676768776769154	0.004716238493944245	0.9643291360171302	3.500902837875471	10.0	1.5382292845957606	64.05377828880913	3.706523404669521	41574.0
0.04946918773266122	0.5598821425543963	0.971834452229725	8.707468091941937	171.0	0.005847953216374269	2.8802038640420355	-0.00019589532369813556	0.9522003875798426	3.318631474607128	14.0	1.5286366131444158	59.23092639190451	3.796675038820101	37820.0
0.049462576263697634	0.5654095005526513	0.9760167180411724	9.001142513529766	154.0	0.006493506493506494	2.9367593844517823	-0.0004740291105307926	0.9548779155914969	3.3406405401706283	11.0	1.534067104558278	60.17866715202166	3.7713315053312195	35324.0
0.049476972753387805	0.5712110717414608	0.9799721124493805	9.074712643678161	130.0	0.007692307692307693	2.948938586845286	0.0010397770225762269	0.9539032797193001	3.350980094819274	12.0	1.5383289612082827	59.97738825635285	3.8512945047596276	37188.0
0.04948498922833015	0.5751831784669343	0.9765905834852826	8.670641631614703	120.0	0.008333333333333333	2.895160233265975	-0.00023724796328212808	0.9473104975253972	3.321247959451592	14.0	1.5594350998729274	58.941665833611694	3.911574834889935	30002.0
0.04947684736133855	0.5589465043254891	0.9748128399761425	8.962453553877502	158.0	0.006329113924050633	2.9297077402391207	0.002710302143123555	0.9519714949661531	3.2744417165534405	13.0	1.5025446066220052	58.62404843574644	3.7793842195646805	36800.0
0.04947016564468531	0.5830707955609383	0.9788618627617025	9.067917810699091	153.0	0.006535947712418301	2.9547080787423905	0.001848045663819478	0.9514734812460102	3.438561385646226	14.0	1.603254548542543	60.99486102977155	3.8628804540786352	34057.0
0.04945206880485467	0.5616580509428974	0.9710455764075067	8.360494485448882	157.0	0.006369426751592357	2.82118234023064	0.003250536493326761	0.9507908439743474	3.3988726568303305	13.0	1.583070998584324	60.27768148948925	3.982067634873821	29313.0
0.04931141094101839	0.5236889169092909	0.9623412723694049	6.686391911096615	235.0	0.00425531914893617	2.4776400265214913	-0.0026155059458487263	0.9609136877118744	3.445986285762385	10.0	1.5445612085407547	62.58045058954893	3.7445042804393185	36814.0
0.049474393703701526	0.5676566706670917	0.9734402846242315	8.496971248187014	121.0	0.008264462809917356	2.8402906307162845	-0.0006638806179879823	0.9532468209467274	3.3481833266578933	13.0	1.5491442967948033	59.6867999820875	3.8188639910390503	36810.0
0.049384056035614396	0.5538079141260238	0.975652657067568	11.425298862301961	203.0	0.0049261083743842365	3.023695130616179	-0.001454201875877806	0.9674209833295251	3.464816221276295	11.0	1.5110021975689718	63.30309983305509	3.773761771657514	32832.0
0.0494730659110506	0.5713643355430482	0.98272245852413	8.963180798764277	151.0	0.006622516556291391	2.960554180939558	0.0006857927072255054	0.9521439784266853	3.4103569855846767	15.0	1.5986105858784219	60.838250715927884	3.971872721583915	29553.0
0.04948329740628373	0.5766268673647418	0.9766728153964628	8.810524615203853	134.0	0.007462686567164179	2.9139306469327755	0.0015671323234272895	0.950591727055008	3.3472440786890134	13.0	1.5590398759206678	59.46613854044367	3.9213749800223465	31394.0
0.04936041563580774	0.5441825748847546	0.97130539190785	10.004382835592702	178.0	0.0056179775280898875	2.803170963803319	0.004554483128433879	0.9651345173144037	3.4167199455825212	9.0	1.4718736926780038	62.20571085599661	3.711690689455649	40843.0
0.049329272482747114	0.5318326574299611	0.9652456123767211	7.2502896149678	217.0	0.004608294930875576	2.521988722231287	0.0018834606777282596	0.9592448130440479	3.4454100611435905	11.0	1.5522894717071234	62.59814353276188	3.673547516171169	42237.0
0.04935114455615273	0.5446890221431442	0.9618036925078378	8.17709312934241	221.0	0.004524886877828055	2.5317782787929892	0.0007763555326062116	0.9609245632832711	3.443805765271105	11.0	1.512018726808626	62.44926682825012	3.6993462366761376	42040.0
0.0493230647961738	0.540735263286977	0.9696969193556961	7.909899044650722	168.0	0.005952380952380952	2.6722654957956937	0.0003242168675920956	0.9658070743182181	3.57925536008373	11.0	1.5815052204479618	64.51745482240531	3.782231282179929	40260.0
0.04930358093941872	0.527744032201307	0.9672743416107393	7.368252504291241	162.0	0.006172839506172839	2.605026121518702	0.0004331478639063816	0.9639035702094099	3.5360573215794897	11.0	1.5732038580908634	64.26634145264106	3.7781940684913327	39667.0
0.0494386298456222	0.5525295926038465	0.9681100898279765	8.70841768623654	492.0	0.0020325203252032522	2.8597958816528632	-0.008810753682734011	0.9487036263886806	3.4816972809269866	16.0	1.6238907437549082	58.35163231993471	4.028496570171673	29529.0
0.0494373398028976	0.5536954191156982	0.9718766512926563	8.572423218010501	206.0	0.0048543689320388345	2.8456222703717486	0.0019317151132323988	0.9537075393537697	3.5003786076218355	15.0	1.6312650039375354	61.923138716205884	4.071593841028471	28120.0
0.0493424572745539	0.5392040986185522	0.9700630009565591	8.549865542553965	238.0	0.004201680672268907	2.6996221915859326	-9.732166257381076e-5	0.9647969785928687	3.509657640469998	11.0	1.5633340055410827	63.509438182264034	3.7636795332651025	41082.0
0.04946921649240061	0.556140077872713	0.9694523931812068	8.426565002338469	126.0	0.007936507936507936	2.8499798233278204	-0.0010333040900097964	0.9506974506974507	3.3717258867104034	15.0	1.5630864968067733	59.541865268707625	4.00379132426769	32758.0
0.04978137833091975	0.6142705667212008	0.913628825992861	6.228677059029069	4600.0	0.0002173913043478261	2.1656604363913923	-7.236286754908705e-5	0.8230185353885223	2.679663129109618	6.0	1.0877866820586077	40.900326504746026	2.9241603298113077	115553.0
0.04942785177278035	0.589472609817623	0.9209157776180287	7.0357955933991025	3017.0	0.00033145508783559825	2.1275824681259965	-0.019695472738163952	0.9248291629278081	3.1055435894826697	15.0	1.4040095324541657	36.672791298473676	2.8703550301795677	119260.0
0.049463352147232145	0.5616668824418883	0.9777261802924763	8.791628206818748	129.0	0.007751937984496124	2.9146413324313505	-0.001068420962139905	0.9518245142368325	3.3968430723784824	15.0	1.5824999101589017	60.38319341663024	3.957061093868351	34131.0
0.049725822706777	0.6125393628337624	0.9297463619390633	7.879629110088654	4767.0	0.00020977554017201594	2.251408969969538	0.00012491490876039815	0.8416400736219065	2.5488895739502895	6.0	0.946267310228311	40.54855229668096	2.3906597862376255	142326.0
0.04947092810568559	0.5667587968298261	0.9710859390145955	8.529312441868784	170.0	0.0058823529411764705	2.8409186401327426	-0.0022936739431251682	0.9499925873913971	3.401882598651203	15.0	1.5871634359517226	59.9047137178482	3.8510827293034606	33138.0
0.049349147478835315	0.5911355247076606	0.945430698464892	6.710879853139267	2505.0	0.0003992015968063872	2.23659859042936	-0.02085249856459112	0.9447102506788835	3.3899489886618035	12.0	1.5603533312659759	39.43095165967023	3.116322773915835	94997.0
0.04946407750495641	0.5704173156937882	0.9711650324081769	8.649248316693754	130.0	0.007692307692307693	2.8648632022047056	0.0002407329767723957	0.9521600563110403	3.407581694772934	14.0	1.5917781473921377	60.888230994152046	3.9575262486055776	30663.0
0.04947133108219907	0.5658426289926117	0.972296619226358	8.509453062621192	136.0	0.007352941176470588	2.848304831707574	-0.00038892024839439306	0.9496199236263163	3.348496076471467	13.0	1.5634318083978302	59.58033573733578	3.825025881079755	34097.0
0.04946106982660507	0.5571691534046211	0.9761123541268485	8.96739977227782	163.0	0.006134969325153374	2.94682225810299	0.00047657322515022273	0.9515495658867196	3.3380950065360975	14.0	1.5419613986138876	59.18304152620819	3.9068794156060314	33437.0
0.04947934982150875	0.5668426670509188	0.9829086409300356	8.396125119959944	115.0	0.008695652173913044	2.880156903893541	0.003421399783509701	0.9481267401533777	3.369845573363503	16.0	1.5841065175105489	59.49795712434336	4.031260598376258	32680.0
0.049457388094832626	0.55718273000356	0.9713599423776706	8.207021891780256	120.0	0.008333333333333333	2.803237345006643	-3.597158975933719e-5	0.9503414807439408	3.40936089610177	15.0	1.576089733498779	60.14041711885526	3.9740290664748517	35872.0
0.0494642386955618	0.5474240919065104	0.96562039704368	7.956768078193389	114.0	0.008771929824561403	2.7480278555765745	-0.0008179532478830206	0.9465543816885436	3.332011276200964	15.0	1.5581253497244245	58.635335535380975	4.004326017079887	30187.0
0.04945190761424928	0.5625542315862027	0.9716273104046234	8.592632094779626	130.0	0.007692307692307693	2.859373846330427	-0.0006376023852975493	0.9532948272686825	3.4700499513537886	14.0	1.6208001604110571	61.72327909598137	3.956738852837054	31698.0
0.04998129512987277	0.7558959061356838	0.3233021723632396	2.667272968667021	33.0	0.030303030303030304	1.105383069170577	-0.0005026767321221123	0.33952207686873287	2.5445094373756256	10.0	0.9968435398323551	24.31939242125894	4.077642632087274	46424.0
0.04997662997198251	0.7564727413729704	0.3029570009286396	2.5984429137390777	32.0	0.03125	1.044494369931456	-0.0004011134422103226	0.3318639261337209	2.4880394321671404	8.0	0.9386469368862715	24.0272393093657	4.0777342910548	41093.0
0.049468993818420876	0.571702715030613	0.9767788919753337	8.706174488847584	158.0	0.006329113924050633	2.909083091965198	0.0010981228782007012	0.9504598440847514	3.4308839096683132	14.0	1.609898963666814	60.74877307664135	4.042106437255405	29664.0
0.049469155009026274	0.5491394826235644	0.9705130523609597	8.319688272510161	129.0	0.007751937984496124	2.8212375314679004	0.000587585185194537	0.9501113560346499	3.3147025054565296	14.0	1.5259783925796266	59.15080280989589	3.9877930262179118	33524.0
0.04947596045696538	0.5677770243914817	0.9718562337545935	8.394541257284423	143.0	0.006993006993006993	2.840340122159702	0.0004887567060678598	0.9519910044244543	3.4043724922856367	12.0	1.587063878048744	60.13042898007695	3.9217622589199257	29897.0
0.049408334062345086	0.6057174339928901	0.9432486939864356	8.16349732198888	3045.0	0.0003284072249589491	2.1619449975236518	-0.020827621374237146	0.9237225686563489	3.0225730894122775	9.0	1.2932120457794145	29.855495019340093	2.3292409501520472	170617.0
0.04946564011516857	0.5605999795404563	0.9692081752938434	8.27740965532602	141.0	0.0070921985815602835	2.8201617786313355	0.0008089196923036708	0.9520331471360555	3.4984741168895344	15.0	1.6359103253514993	62.07770723304176	4.068686374034772	28803.0
0.049362677097783386	0.6024442642131349	0.919676342412714	6.753861027789484	2691.0	0.0003716090672612412	2.0799753567384913	-0.02160922696906229	0.9327240842697957	3.175430027667723	13.0	1.4339838845709694	35.29870010097451	2.82549029476521	136401.0
0.0494943157912277	0.6038359979729166	0.9284143972474068	7.557821171634122	3402.0	0.00029394473838918284	2.075711226512145	-0.017769077652015484	0.90710587181723	2.8046315910001716	13.0	1.1821754988751516	33.094551743429854	2.560284160771475	137376.0
0.04931203687591477	0.5391307741655564	0.9591472866909454	6.643121677668088	184.0	0.005434782608695652	2.526856727413161	-0.0024733693915584675	0.9624745081700367	3.5617051026363673	11.0	1.59321620333682	63.75273823247545	3.9187361360650357	33022.0
0.04935138898451017	0.5286349936712523	0.9662465577927609	7.350157609855954	163.0	0.006134969325153374	2.5806863065765984	0.0007790350947607802	0.9590245263456801	3.462818735935381	12.0	1.5771484078051563	62.69141339084919	3.8677473932028814	34406.0
0.04947806081423528	0.5542048185337269	0.9722170660778893	8.349872044078367	121.0	0.008264462809917356	2.8485833736404724	-0.0028943340474636	0.9467877763557675	3.3625373712607054	16.0	1.5721702966401296	58.80605718955857	3.9865402235375598	35604.0
0.049420696585498074	0.569966160214113	0.9289112364491904	8.40554403909879	2782.0	0.0003594536304816679	2.1257662211658563	-0.018642044816395097	0.9180647362075626	2.9983643622104865	14.0	1.308105052066167	38.75444471054408	2.7229745410384907	154168.0
0.04950592900928744	0.6036112847416788	0.9627508793536792	9.274858137735363	3609.0	0.0002770850651149903	2.419919131289018	-0.016614333440419644	0.9045738104879869	2.893433497299641	9.0	1.2516126418978808	32.608856753476466	2.2328429739927933	149454.0
0.04944808355736664	0.5587595849776433	0.971695297067253	8.621707288832281	147.0	0.006802721088435374	2.882798589977427	-0.0029266537225298324	0.9544297871438056	3.3855235902005485	14.0	1.5634810639985175	60.38651740929689	3.9674486220076375	30811.0
0.04973184563923499	0.6353705312442964	0.9011695517556252	6.56527749878886	4719.0	0.00021190930281839374	1.859450526306791	-0.0031557285207946153	0.8401399050540012	2.5337694894527667	6.0	0.9498161953670252	38.920363037401835	2.470169543484151	155747.0
0.04929337432832121	0.5608891022896656	0.9372278455704696	6.314858154004224	1858.0	0.0005382131324004305	2.2057550496344023	-0.020854001850180614	0.9579573295741429	3.588979486902786	14.0	1.6525919046577646	43.85249933990189	3.4210189532052797	88743.0
0.049399381285708505	0.6158176448964122	0.949493754531366	6.94501582278481	2404.0	0.00041597337770382697	2.225773007234133	-0.020833076694311472	0.9411061856419287	3.3707170766106453	11.0	1.5340161681446325	42.41055699924343	2.737450226251018	147221.0
0.049473265369463774	0.5584702953762803	0.9695136255229307	8.325182553227206	146.0	0.00684931506849315	2.815242972936311	0.0010019124170251115	0.9494500267167116	3.319443890714615	18.0	1.5431741352393626	59.136109546089216	3.95290521856035	33595.0
0.04961476733405476	0.6091617690558562	0.9255289518280508	7.789834912654814	4072.0	0.0002455795677799607	2.153609632758011	-0.011160642540136526	0.8764408798805349	2.6720856949929406	11.0	1.083163262197512	37.31107086342535	2.3713005343110214	141045.0
0.04931566658487464	0.5322634462728909	0.9569677823968487	6.519816848571396	191.0	0.005235602094240838	2.4232791828685643	-0.002341295502298852	0.9626437498648381	3.610062696902586	11.0	1.6254956359498982	64.53615744310271	3.8617961570735018	36923.0
0.04930194945550368	0.5072246636331795	0.963701360734817	6.903753143741536	170.0	0.0058823529411764705	2.5818971213653383	0.0026086084313504754	0.9613577979793206	3.5262621885157097	12.0	1.595267335077276	63.220544636748556	3.937364530244926	31268.0
0.04976666279029438	0.6491868240549613	0.9350750294755725	5.674534779580058	4839.0	0.00020665426741062204	2.1281149312308236	6.72663597514288e-5	0.8298681429323398	2.6249572082118737	5.0	1.013468453669212	40.68555912237986	2.897983627454163	81776.0
0.04973976807942146	0.6172589651856049	0.941393107886248	6.57435873798714	4825.0	0.0002072538860103627	2.156770706371458	0.00027008574691964326	0.8275420547640066	2.638010929996476	7.0	1.0576639365531657	40.72810677418472	2.5618284362171195	162073.0
0.04979612817067386	0.6506115384356139	0.9049703768856731	6.0986870065090475	4808.0	0.00020798668885191348	2.0307769244600817	6.442335309950979e-5	0.7822477056607531	2.413129508372967	6.0	0.8376862127253122	36.43946025755947	2.6098311186175787	141203.0
0.049237486319625795	0.5705758121621126	0.9397960352541642	6.733365518073743	1655.0	0.0006042296072507553	2.2180782634542893	-0.021734902307597385	0.9544524217023341	3.667639795578197	15.0	1.685860078704302	42.59490475738402	3.406002353381366	63142.0
0.04922233790870746	0.5487866381781169	0.9478737510062982	6.037954364267092	1327.0	0.0007535795026375283	2.2367231753008188	-0.01932953659879061	0.9576001731847733	3.807130730050934	14.0	1.7595295140790916	46.994213344616774	3.502154973608838	40211.0
0.04935854319708004	0.5313094705732943	0.9672831452779431	9.187507833061787	169.0	0.005917159763313609	2.7340850927750977	0.001291432738790418	0.9635943347523392	3.516911222478065	11.0	1.5610528381874955	63.75766378943627	3.862016840647405	40264.0
0.04947548279968835	0.5664509454689763	0.9812219721814233	8.721433430304083	131.0	0.007633587786259542	2.939984193031265	-0.0013908327603954047	0.9468957308157011	3.3891055005769837	16.0	1.5964326905830895	59.66737150534702	3.946767329165804	31821.0
0.049852810004657716	0.756557240778512	0.3158183991977991	2.6446603509527398	46.0	0.021739130434782608	1.0960439792696768	-0.00010060821510657288	0.4294715630061965	2.677382675729692	10.0	1.128442002025868	26.470197987408035	4.141981387126884	38090.0
0.04984351699891031	0.7561531705145204	0.3086975948773008	2.641239325054664	23.0	0.043478260869565216	1.092364776235774	0.0003339424154901973	0.4273102936165562	2.702946842958738	9.0	1.150252151412831	26.445571968980726	4.129373354025351	43285.0
0.049914059352090694	0.6396115629106586	0.86978192213857	5.90378949507264	4803.0	0.00020820320632937748	2.126968235770142	-0.00026729559986839353	0.8118623180813539	2.6633640948980175	6.0	1.0338120601047533	40.05390198309631	3.243999190553051	83547.0
0.04933024505249815	0.5183878393471796	0.956963755721493	6.445604076342019	150.0	0.006666666666666667	2.3416784471219647	-0.0013416933621526797	0.9586136360242945	3.49755762432812	12.0	1.5869921054970308	62.05495257885763	3.9399564134364593	36412.0
0.04943644153899047	0.5559834443103792	0.9554716252865235	7.099805019183597	1399.0	0.0007147962830593281	2.4966398701150645	-0.02030137046645655	0.9635958571326997	3.8405867508737837	14.0	1.765130298483751	47.87343244140059	3.615549636737541	42973.0
0.0496796725851649	0.6055321959674103	0.9224375240542991	8.914095250102436	4418.0	0.00022634676324128565	2.2746957151061515	-0.008849524777787787	0.8555135715171006	2.45600955067358	9.0	0.8634249832097898	35.68199630647268	2.4132823430934347	134127.0
0.049725306055662714	0.6196537118365957	0.9157771229805571	7.204861338110119	4808.0	0.00020798668885191348	2.111512483548995	1.6803493029138933e-5	0.8337421661157396	2.4808180159330635	6.0	0.9017414071507389	39.46783011284227	2.3506037141257883	165439.0
0.049448466421397295	0.5534323425540703	0.9650102560925102	8.083300326426922	182.0	0.005494505494505495	2.810402333309779	0.0030822356355402277	0.9488369362817833	3.4395349455771655	15.0	1.6108728311423992	60.541427273186244	4.145703469442201	27265.0
0.04949191295297895	0.611306525539201	0.9287042303176646	7.1942544283413845	3308.0	0.0003022974607013301	2.0236700961622414	-0.01819666251874849	0.9077380655418192	2.923060651822339	11.0	1.2662896127047196	35.38264656015583	2.6990882139179986	117245.0
0.04973148772575552	0.6091571464490498	0.9235678961127903	7.851438728097184	4831.0	0.00020699648105982198	2.254865595626355	0.00018561039246134495	0.8402716042065891	2.440918014284792	5.0	0.8196422178854392	39.329707496031666	2.2517360815352165	161098.0
0.04947213703522603	0.5510927104380283	0.9770459114353391	8.789389609437972	141.0	0.0070921985815602835	2.924263159567365	0.0002386482958541084	0.9514575601872819	3.329107610576087	16.0	1.5458255876030087	59.37685184043406	3.9848361463513213	31582.0
0.04985617471363522	0.7559366523046632	0.3033278164317966	2.6180965853929155	23.0	0.043478260869565216	1.0703183141217498	0.00042952378542581836	0.41674674208217505	2.6772993088782564	10.0	1.1244671148324714	26.192105775264732	4.155370311296277	39192.0
0.049455431330636276	0.5904391557171398	0.9258815370423986	7.269079808111644	3002.0	0.00033311125916055963	2.0098031932298435	-0.020080686262431643	0.9132863472013681	2.928380209092332	11.0	1.2583977754703175	32.316725021923226	2.5487240616458116	141851.0
0.04930281769323012	0.5329954179117797	0.960988507534851	6.166117065127782	185.0	0.005405405405405406	2.449358554207436	0.0010970044168717144	0.9610890961898032	3.6173421990328327	11.0	1.6544797794074484	64.72442818961879	3.886509291563247	41993.0
0.049585070124222884	0.5847499309717292	0.9519758104821244	9.923123675893446	3652.0	0.0002738225629791895	2.446693828826649	-0.013500712691227766	0.8872596874687635	2.6103278676472392	11.0	1.0215709031692812	35.55180309420213	2.3083351751248093	140499.0
0.049765600137338876	0.6158980504423934	0.933772715325202	6.614330484659952	4557.0	0.00021944261575597982	2.275040236321404	5.508725015431705e-5	0.8231677950522998	2.6898506268338225	6.0	1.0688402150634282	41.02117927455487	2.5697568325645164	105065.0
0.0494706057244748	0.5623306730183888	0.9635346154786051	7.781795215915371	157.0	0.006369426751592357	2.7258379262132557	-0.0050919985586497735	0.9419914795174442	3.3615014330645487	15.0	1.5828141939579388	57.07869200112128	4.01089000622422	37535.0
0.049519621904856315	0.5597506137470412	0.9305349546743071	7.230398655832819	2193.0	0.00045599635202918376	2.210854893475183	-0.018615328171879313	0.9401136605522876	3.29096489568056	13.0	1.5097712540851298	43.95390983359147	3.1709923408708693	113381.0
0.049750102572143094	0.6307180125912967	0.8890221568565818	6.07732063693115	4819.0	0.00020751193193608634	2.09650807767516	-0.00010508523448676162	0.8204637835566445	2.571136024884972	7.0	0.9865346462856411	39.69258456433312	2.552589217620562	113106.0
0.04952892408047374	0.6128288050824531	0.916400291774399	7.3137813894624655	3501.0	0.00028563267637817766	2.005128729632828	-0.01565512553214963	0.8996599860121884	2.8077066332577116	8.0	1.1693953321875667	35.47724118039407	2.45724207441222	124212.0
0.04973460028601908	0.602930674117483	0.9660864435757206	7.9083617514663755	4802.0	0.00020824656393169514	2.4162065740114036	-2.896294941317009e-5	0.8375883582119398	2.5495286667495125	6.0	0.9281672658205603	40.3600531898508	2.29968060798053	125051.0
0.04974542509562506	0.6123689812558174	0.9353535420602013	7.158919111201453	4811.0	0.00020785699438786114	2.1987415804731922	0.00047768193753071846	0.8186667352758588	2.4351530233120777	6.0	0.8593968998611262	38.3074482203446	2.3919939798030687	117503.0
0.04985441224702796	0.7558728845712087	0.29223632027870444	2.5583237205638243	24.0	0.041666666666666664	1.0118036572582318	-0.00013095804554423898	0.4065125307725435	2.647923590213267	15.0	1.0997702081539222	25.787003914613837	4.12068019475372	46530.0
