-1.3530017396675094	-2.250235319011465	-0.1395161299674586	-0.1155499810708496
-1.0160048243910178	-2.1638044237605945	-0.15198279483655075	-0.12506128410540776
-0.6913794794461942	-2.0497058294425203	-0.16579250051511407	-0.1356036452730129
-0.39279990738128034	-1.9126974207588059	-0.1811279042574185	-0.147302444894252
-0.12960016689947995	-1.7583294639639775	-0.1981670984503545	-0.16029010221609333
0.09331383306329222	-1.5923876133212653	-0.21710284942057398	-0.174712136240944
0.27514541447572816	-1.420404358429282	-0.2381545307864475	-0.19073248150657277
0.41800201921257074	-1.247302557467281	-0.26155348024141867	-0.208528393799425
0.5259639411124717	-1.0771908939962047	-0.28756543005683594	-0.22829953027077424
0.6041868530908641	-0.9132789574179694	-0.3164800967910554	-0.2502655487276573
0.6580534721863182	-0.7578954141841067	-0.34862140003360303	-0.27467053941776065
0.6926974095859508	-0.6125756597986531	-0.384345985573132	-0.30178367885476615
0.7126875979464908	-0.47818329978300284	-0.4240440666792076	-0.33190026064081224
0.7220253134418658	-0.3550363130324004	-0.4681506716366168	-0.36534775114385926
0.7238286615136678	-0.2430389808895596	-0.5171248419043133	-0.40247604249491326
0.7206912724113793	-0.14179692240301642	-0.5714682780971472	-0.44366652792547434
0.7146759070832391	-0.05070274370409876	-0.6317216034397525	-0.48933058033929255
0.707336219625061	0.030987221924803753	-0.6984476597689335	-0.5399004880795207
0.69987312340928	0.10409377442355273	-0.7722325793506453	-0.5958287356138365
0.6931860316185924	0.16947225868321994	-0.8536706017735661	-0.65757861084563
0.6879335620953403	0.22798007140812326	-0.943341719609776	-0.7256094931188073
0.6845880165815181	0.28045354710139514	-1.0417776395898044	-0.8003555921637826
0.6834805369225384	0.3276924098736936	-1.149420015813699	-0.8821977498075303
0.6848320761808315	0.3704497273807134	-1.2665588135299368	-0.971425131805373
0.6888182713105339	0.40942804887473694	-1.3932447218465933	-1.0681800786088937
0.6954871106900086	0.4452749942063057	-1.5291945486514937	-1.1723967773537742
0.7048718202228297	0.4785807252040623	-1.6736413980624198	-1.2837130674160229
0.7169614107773548	0.5098803640247926	-1.8251649693223924	-1.4013717131962387
0.7317329511658887	0.5396561361911056	-1.9815084355791137	-1.5241183922609545
0.749124260781905	0.5683397835124243	-2.1393275337496913	-1.6500702013257813
0.7690742938671908	0.5963151964030525	-2.294047455215903	-1.7766555355090476
0.7914938364618247	0.6239216419107413	-2.4396025090563684	-1.9005025267684628
0.8162836937967793	0.6514558562345264	-2.568448819346883	-2.0174884337934778
0.8433401877177864	0.6791754069868264	-2.671740483706603	-2.122870989511028
0.8725310973136302	0.7073006080586287	-2.7395870072742157	-2.2114656595103104
0.9036901309100802	0.736014679096557	-2.762003524182552	-2.278098828594524
0.9366126176283955	0.7654634433041899	-2.729908465402808	-2.3180423912092745
0.9711059334178709	0.7957572856058404	-2.637027712532703	-2.327759773862188
1.0069365271853095	0.8269730547520087	-2.480542332713501	-2.3050118692939905
1.0438116303225886	0.8591519193693127	-2.2631407274066997	-2.2495530470820593
1.081402843497816	0.8922975287266983	-1.9930764840642132	-2.163073837152377
1.1193298665535512	0.926374888908037	-1.6836325990543912	-2.0489404468408625
1.1570999312263934	0.9613051832857684	-1.3516877070005164	-1.9119698203402404
1.194346912981011	0.9969704092623407	-1.014849563199999	-1.7575426579479978
1.230483089741455	1.0332124364549606	-0.6900566507616396	-1.5914805160710146
1.2648404975888348	1.0698201807037422	-0.39120980751910156	-1.4193784841544423
1.2967674826425994	1.1065311082741918	-0.12766444445935662	-1.2461400830740281
1.32551671308171	1.1430319879464994	0.09538798326713807	-1.0759478483405207
1.3503348757697788	1.1789579644730697	0.27700579392774916	-0.9120303252566376
1.3705085900023504	1.213899535577279	0.4195238074838737	-0.7566804942831703
1.38534441408078	1.2474099009209323	0.5273610615147999	-0.6113638904183368
1.394151371775559	1.279009493513704	0.6053212880517027	-0.4770230464212166
1.3963531610219098	1.3081959478867675	0.6591114759882759	-0.35390369111884235
1.3914667525141289	1.334457007849403	0.6936801804170357	-0.24194475689892797
1.3791943731253071	1.3572869152763574	0.7135255650243402	-0.1407680806686286
1.3594222258437276	1.3762054147088056	0.7226095343208884	-0.04975729554325982
1.332231729235938	1.3907767382607537	0.7241861080060128	0.03183912416087711
1.2979301066479925	1.4006273048728353	0.7208742929694522	0.10485228695639254
1.2570555531137815	1.4054652165895747	0.7147099770202756	0.1701410594658468
1.210429883477052	1.4051002480259018	0.7072001977974034	0.22854788374175178
1.1589289612300566	1.3994523709436109	0.6996206354677865	0.28092773861935927
1.1036550535264895	1.3885569384434715	0.6928412920377292	0.3280775450271015
1.0457718717681397	1.3725686799481007	0.6875365919249525	0.37075694712582136
0.9864790009721809	1.3517559823066032	0.6841739838386354	0.4096677968755862
0.9269515061220297	1.3264906275480903	0.6830836677855668	0.4454569022335902
0.8683467983322624	1.2972351137886888	0.6844739301656043	0.47871318928171164
0.8116918116101115	1.2645267452773852	0.6884798936787181	0.5099712679027978
0.7578484382623311	1.228953415247147	0.6951792066977237	0.539712689769746
0.7075573337996995	1.191134007780564	0.7045975703517586	0.5683689589128411
0.6613748839902682	1.1516983625247106	0.7167240222089475	0.5963219222813619
0.6197064765150415	1.111268208079301	0.7315171083745522	0.6239078874632278
0.5827835816080115	1.0704402749956636	0.7489236976449922	0.6514222072348075
0.5506760722809357	1.0297704010385895	0.7689126215534665	0.6791354206834856
0.5233767200230504	0.9897647150176356	0.7913656995739239	0.7072580353412046
0.5007468406123259	0.9508728893042647	0.8162227643279875	0.735986021866827
0.4825912703428469	0.9134835752782262	0.8433816007798128	0.7654795561363231
0.4686920377422801	0.877925751285135	0.8727103963692868	0.7958401990299567
0.4587746334131603	0.8444703506120377	0.9040787904416339	0.8271569429214153
0.45254733992718543	0.8133318399940861	0.9373027923492917	0.8594732520955616
0.4497601054635645	0.7846748220812677	0.9721135979507689	0.8927753923747442
0.4501712334147767	0.7586216113947998	1.0082749485961573	0.9270302189170541
0.4535345760623025	0.7352566388021863	1.0454540174546214	0.9621440938672629
0.45960696487724473	0.7146293778667387	1.0833367589589624	0.9979994326968362
0.46818539273558907	0.6967610859827297	1.121531821783489	1.034425338971002
0.47909280924747605	0.6816499725044783	1.1595927053526902	1.071203942440395
0.49217850875527763	0.6692768598604748	1.1970158503242296	1.1080685522030758
0.5072943703107478	0.6596085732347038	1.2332459384461503	1.1447063632831638
0.5243608497550152	0.652602313175748	1.2676617874549618	1.1807527882178257
0.5433007000169086	0.6482113094255975	1.2995728267019282	1.215790382879751
0.5640605072572575	0.6463861709566183	1.328297705247966	1.2493813438435921
0.586590034551759	0.6470765631248598	1.3531124793100542	1.281049745715483
0.6108699236307887	0.6502332062990405	1.3732583925760002	1.3102861503910288
0.6368874990944707	0.6558097684271426	1.38802732701631	1.3365827056029653
0.6646342608736635	0.663763497080012	1.3967679704088	1.359441540017909
0.6941039406143312	0.6740545955956292	1.398857778303387	1.3783691554388888
0.7252822254088421	0.686646264677862	1.3939479180584589	1.3929719308774708
0.7581504002215351	0.7015033864741768	1.381667623327312	1.4028581679772616
0.7926904853737547	0.7185920128014869	1.3619649297838676	1.4077640538128462
0.8288488185037893	0.7378779454953357	1.3349123021315386	1.4074927642081307
0.8665514184077734	0.7593231026867983	1.300713496543345	1.401923196691273
0.905696957255849	0.7828836231813885	1.2598767269332027	1.3910754679799266
0.9461523236211101	0.8085073759639584	1.2133068355594432	1.3751542986236664
0.9877266160339112	0.8361295491089153	1.1618494515960782	1.3543980851556858
1.0301952019343925	0.8656689401174075	1.1066310534437025	1.3291967915661025
1.0732646883330232	0.8970243295657394	1.0488179010130658	1.3000138904022944
1.1165739480386023	0.9300687111867783	0.989583933470184	1.2673737031035035
1.15970318517275	0.9646446334550135	0.9301261778046441	1.2318654287886164
1.2021401298669834	1.000559544936024	0.87154333859888	1.1940954725383945
1.243313808885743	1.0375805851591884	0.8148533979936788	1.1546897381696968
1.282570862120372	1.0754305073721215	0.7609502508721713	1.1142696929843907
1.3191837779413969	1.113783973296565	0.7105501057183272	1.073425449425301
1.3523702023269317	1.1522646188720427	0.6642218139476102	1.0327150516329135
1.3812945447927374	1.190444203183931	0.6223361367851499	0.9926376633763113
1.4051153099679268	1.22784452838274	0.5851342685459405	0.953644114138217
1.423010444403139	1.263942592923863	0.5527122691581613	0.9161240600591278
1.4342168193406029	1.298179167102189	0.5250785506419637	0.880417659969374
1.438053983170469	1.3299697942188689	0.5021452756611985	0.8468068383108879
1.4340016101406972	1.3587201226000618	0.4837847070723139	0.8155318840951827
1.4216268133289487	1.3838424059183454	0.4696568545029211	0.7867263300221247
1.4007712220838289	1.4047702020873778	0.4595105550486367	0.7605136387727286
1.3715258292452326	1.4209886982559563	0.45306989059446334	0.7369751344602582
1.3342705945274276	1.4320577961352001	0.45014162956097925	0.7161882127440032
1.289588351108696	1.437631272330866	0.4503513105865702	0.6981394552077624
1.2383560194409726	1.437475052304516	0.4534764152925624	0.682834306050177
1.1816568716492588	1.4314842985007898	0.45934512438386643	0.6702726750917176
1.1207211683789748	1.4196895939187146	0.46774141446836714	0.6604212513400575
1.0568999929975478	1.4022589758887016	0.4784520596970712	0.653228016677662
0.9915759273131101	1.3794924343354766	0.491363723518048	0.6486584327610947
0.9261228876193688	1.351811596313247	0.5063112558111413	0.6466507223822695
0.8617901750812234	1.3197397449862185	0.523283819580183	0.6471853181516655
0.7997376255762196	1.2838807450735423	0.5421465582685031	0.6501973256226865
0.7409488406820116	1.2448975863419032	0.5628359301324886	0.655638898172623
0.6862088257164526	1.2034848418729571	0.5853200749766978	0.6634693548564674
0.6361087389186596	1.1603460600314583	0.6095663480773699	0.6736468508731863
0.5910464061992964	1.1161703464755586	0.6355655810269872	0.6861370843982616
0.5512401775062833	1.0716146626556022	0.6633235458962758	0.7009112410643218
0.5167582762597133	1.0272883346859398	0.6928020382417992	0.7179252336003804
0.48754100227290115	0.9837429262870591	0.7239923439587252	0.737144327595943
0.4634245269473618	0.9414650303603009	0.7568874134152244	0.7585333927014639
0.4441686854185958	0.9008727931331613	0.7914607105217213	0.7820503609069455
0.4296028884640819	0.8623222976023199	0.8275544514923812	0.8076030420525554
0.41929499234292983	0.8261026672681885	0.8652142022476117	0.8351627270799848
0.41291574562400557	0.7924343442782403	0.904323410429221	0.864644032920111
0.41015924783999425	0.7614822721752078	0.9447425486933544	0.8959434612531013
0.4106915467701524	0.7333611796592037	0.9862875748239068	0.9289355976845971
0.4142439453009322	0.7081420225909005	1.0287111733741248	0.9634591910764292
0.42054882576617414	0.6858603742142823	1.071733381112348	0.9993231492803416
0.42938019323228716	0.6665213397324317	1.1149979418525906	1.0362948089124138
0.4405446288374104	0.6501071851962098	1.1580780018420116	1.0740967934849508
0.4538806524285829	0.6365826367009394	1.2004743285267367	1.1124047469217144
0.4692618969408983	0.6259001678617336	1.2415871427502325	1.150834488410357
0.48657962172405284	0.6180042947611558	1.280812968406851	1.1889778520003713
0.5057717116680354	0.6128354292730046	1.3173958337231746	1.2263475500169139
0.5267795546240959	0.6103335379820509	1.3505746807139638	1.262429104906955
0.5495681389796381	0.6104387575736689	1.3795295268427386	1.296664908976189
0.5741390499505944	0.6130954501153318	1.4033559631938277	1.3284446618083956
0.6004944094190827	0.618253647892619	1.4211892484999369	1.3571536314378505
0.628636530567633	0.625868113317557	1.4322862280588153	1.3822103549095326
0.6585792239453542	0.6358991289501722	1.4359525812028606	1.4030463388060537
0.6903348653980892	0.6483120630950668	1.4316204563520765	1.419139095849823
0.7239121593187048	0.663076711665532	1.4189596375970068	1.4300620075261326
0.7593091237430163	0.6801662760746713	1.3977464132231827	1.4354433920269754
0.7965104969322896	0.6995555209361565	1.3680778692298123	1.4350496713380143
0.8354796040115505	0.7212188446221075	1.3303837919026016	1.4288022615952323
0.8761457077616314	0.7451274232473859	1.2852136414660345	1.4167092265482328
0.9184207682878859	0.7712464726818564	1.2335471529781616	1.3989800989582908
0.9621682440704995	0.7995325680446513	1.176473215873459	1.3759261490239267
1.0071805954522173	0.8299277862303226	1.1151964100010188	1.3479589125994103
1.0532193921847568	0.8623555325967976	1.0511174406116301	1.3156242152013287
1.0999687917392125	0.8967167126356566	0.9856474254541895	1.2795424476511694
1.1470036887102544	0.9328812669936947	0.9201048084142375	1.2403658890125298
1.193863724181569	0.9706843223309741	0.8558441355842512	1.198820069601134
1.2399979635249385	1.0099216070782366	0.7940672572819524	1.155634278619364
1.2847141868642362	1.0503405660057799	0.7355981324408665	1.1114589278831881
1.327329688616476	1.0916391444827784	0.6813917002824021	1.0670070622080348
1.366983662078468	1.1334598565005716	0.6319186034573048	1.0228581857429544
1.4027656934109383	1.17538276242534	0.5875749281206483	0.979564760117456
1.4336418693904691	1.2169250445441475	0.5484409620148027	0.9375682374949027
1.4586407016816267	1.257536844621662	0.5146764040016775	0.897308763773163
1.476880119805314	1.2966228498856365	0.4863013527923769	0.8591673165432809
1.4873959387945768	1.3335475855001184	0.46309631325455536	0.823410925096947
1.489344970571039	1.3676278934415547	0.44476746807525236	0.7902449530484924
1.4821538245070944	1.3981796261130068	0.4310865979289316	0.759855364431773
1.4653231503393853	1.4245217725583044	0.4216877854676736	0.7323407914376007
1.4383891077285016	1.4459790295475774	0.41562856549922755	0.7075559333058768
1.4018090255697508	1.4619518253995245	0.41316789887313404	0.6856971783324624
1.3561000503144094	1.4719404883989824	0.4140055813599725	0.6667741822543092
1.3020433115605803	1.4755704205278077	0.41775464320951233	0.6507332352591966
1.240844263979698	1.4726066546396606	0.4241311407477182	0.6375250950629381
1.1739283971810264	1.4629806925504905	0.4330324980151746	0.6271385608295943
1.1028828197098637	1.446795181064702	0.4442696346694136	0.619520540299682
1.0294163834137957	1.4243211437426369	0.45763621218946987	0.6145981517495029
0.9553268830305115	1.3959935052374361	0.472722326417644	0.6122100867585453
0.8821488816040401	1.362388547852516	0.4898244279889215	0.6124158179693603
0.8113551201501186	1.324189133085688	0.5087810933655916	0.6151376598842264
0.7441736504783505	1.2821605586681095	0.529588053245621	0.6203413979455068
0.681644506046344	1.237116389921636	0.5520585697934232	0.6279314441462239
0.6244784575600851	1.1898881700779531	0.5763590547484704	0.6379237677921957
0.5731593808190675	1.1412925778006215	0.6023561226457869	0.6502431193977719
0.5279266832870324	1.0921067510118059	0.6301771166366312	0.6649008983928621
0.48883354095201464	1.0430495226485208	0.6597827613905723	0.6818548902240964
0.4557669692387681	0.994767279135137	0.6912066957745291	0.7010890250248876
0.4285275476883381	0.9478278014330623	0.7245390614379422	0.722612725295038
0.40675000831040264	0.9027139266999558	0.7596891639021883	0.7463701158371283
0.3896094150955096	0.859797146135245	0.7969774758138373	0.7724476262536174
0.3771676462881872	0.8193733147717552	0.8360342439166841	0.8007051096378287
0.3690638742185499	0.7816932655398576	0.8767615924812217	0.831071877617858
0.364897782796872	0.7469428110547304	0.9190751514000653	0.8634720748688842
0.3642759893275264	0.7152469539400423	0.9628381847560118	0.8978042264106458
0.3668419459989478	0.6866782287133394	1.0078522205191252	0.933935371531963
0.37230474069872044	0.6612674003698416	1.0538511859983186	0.9716919178456122
0.38038156110150734	0.6390112304654165	1.1005090541376517	1.0108614361078625
0.39086429732414374	0.6198801030650204	1.1474087732747813	1.0511841140323999
0.40354651210173964	0.6038253175966131	1.1941082562800096	1.0923671464151936
0.4182779241460419	0.5907830856952918	1.2400090584292514	1.1340346695787393
0.4349405348866535	0.5806814893320189	1.284436475868854	1.1757565896227806
0.4534457101083426	0.5734445844357922	1.326649571992981	1.2170526539417184
0.47374252930544647	0.5689955827706943	1.3657934705996608	1.2573712165029687
0.49579231974564353	0.5672606443241643	1.4009898369812115	1.2961264984750662
0.5196168521519555	0.5681720098110451	1.431182132207898	1.3326377299644987
0.545207111171484	0.5716689949737367	1.4554350170492611	1.366246810124528
0.5726147163797636	0.5776992421248354	1.4725420634762454	1.3961731902711485
0.6018520108719131	0.5862187025666824	1.481756403745629	1.4217888252409134
0.6329571682131095	0.5971904314773396	1.4823341301964894	1.4424667118940524
0.6659751021787574	0.6105854142815188	1.4736773962741183	1.4576380354884164
0.7009387590763038	0.626381716180551	1.45548594071572	1.466854178003928
0.7378758386734674	0.6445628152376044	1.4275806931201966	1.469732546726248
0.7768047865871088	0.6651161917830819	1.3902613034235891	1.466091841814187
0.8177099929324388	0.6880308922115651	1.3440303241204155	1.4558682767781554
0.8605706891832822	0.7132948800181941	1.2898614303234652	1.4392163678366021
0.9053005635268058	0.7408916901276323	1.2287803270914266	1.416372554840416
0.9518091914433155	0.7707970132481105	1.162386187844286	1.387840597017949
0.9999259989375657	0.8029742821858237	1.0921726768890783	1.3541706977307981
1.0494271625821612	0.8373696419820575	1.019807478425265	1.3160491618410732
1.1000017018208725	0.8739055836167654	0.9468648667257121	1.2742091481544668
1.1512466182240186	0.912472522917886	0.8748983650748605	1.2294462957993786
1.2026721584370588	0.9529242673043503	0.8053069720290934	1.1825717457082303
1.2537302253173872	0.9950715654123483	0.7393401326217692	1.134403896885356
1.3036679325076077	1.0386728544332857	0.6777818240484301	1.0856488537602205
1.3517085916895348	1.0834270868502902	0.6214889229077931	1.0370476338291628
1.3969194775488714	1.1289692780978497	0.570941407345994	0.9892379908718653
1.4382590512915379	1.1748621086806241	0.5264005183176823	0.9427791237991247
1.4746014165725971	1.220591955849526	0.4878819033547279	0.8981348194091899
1.5047076157292685	1.2655683240420272	0.4550765576963864	0.8556282517156625
1.5274771718139823	1.309124665318443	0.4280210465631985	0.8156423941128507
1.5418352864162173	1.3505467711218502	0.4064522101238849	0.7784349674850145
1.546798899193567	1.38907066347525	0.390092832526994	0.7442143447154382
1.541420689212777	1.4239042978413219	0.3784257627771593	0.7130672816185517
1.524811089922171	1.454228931379107	0.370689968945847	0.6849373717916994
1.4969282551728804	1.479251239589366	0.36682707845782314	0.6599467320711456
1.4579156411153584	1.498265255488792	0.36651554196642944	0.6381077161614296
1.4081677778503188	1.5106559918661862	0.3691711303012542	0.619308616741798
1.3487696497573458	1.5159488998640596	0.37486628011191325	0.6036169897696771
1.2809346866323752	1.5138392323469774	0.3830016266516776	0.5908671821476076
1.2063430292265473	1.5042100372600749	0.3934656760465817	0.5810157511787064
1.1269110409342415	1.4871493768222752	0.405958050444467	0.5739461416151693
1.0446540582498234	1.462951133934829	0.4204068302678607	0.5695992874817801
0.9615867870838709	1.4321019558226982	0.4367550117999264	0.5679186044860841
0.8796497915419523	1.3952527567979829	0.45483581955949315	0.5688075770615235
0.8005104510872603	1.3531932742245227	0.47472315296339695	0.572245184612905
0.725599321631577	1.3068006542431128	0.49638673468905653	0.5781808429936104
0.6560460532641297	1.2570110861939405	0.5198175715463584	0.5865732540041267
0.5926629477156804	1.204773164526627	0.545078852549312	0.5974089471659997
0.5359522299655965	1.151017956266746	0.5722337453120627	0.6106792889682541
0.4861700517220458	1.0966267885632377	0.6012221995457425	0.6263386344369175
0.44332721020698085	1.042412325360227	0.632097210106653	0.6443770642655267
0.40724230810111317	0.9890990797255116	0.664886777272033	0.6647799729967507
0.37759395505958115	0.9373154298581183	0.6996337447838457	0.6875405882976764
0.3539793554957207	0.8875900730418907	0.7363885213684047	0.7126567062957538
0.3359133378739876	0.8403532888508968	0.7751583312984986	0.7401122484960091
0.32275637815651004	0.7959327351966361	0.8162118242122173	0.7699787270319156
0.31420083597086307	0.7545743185671151	0.859216741316854	0.8021384987075124
0.30976988372493625	0.7164574735965964	0.9041049936953837	0.8365325213592408
0.3090342118520915	0.681696012860285	0.9507584090006409	0.8730802816681108
0.31157605981877523	0.6503464611550283	0.9989898886985724	0.9116626666418945
0.3170905149830916	0.6224213408862326	1.0485344426222876	0.9521175706058007
0.32523896020591325	0.5978972569323712	1.099112409986144	0.9942571421056208
0.3357486301982861	0.5767193815723368	1.150345048287603	1.0378409075611175
0.34841640960589115	0.5588136729761061	1.2016916021680941	1.0825422166823424
0.36306808730989726	0.5440913499611709	1.2525592643298937	1.1279896701984007
0.37955902896465643	0.5324560212787616	1.302269721438914	1.173752420195281
0.39778113027403417	0.5238067907819556	1.349985191370442	1.2193082169044311
0.41769424210170886	0.5180434372216847	1.394800934702583	1.2640777145985114
0.4392745217937943	0.5150731850085278	1.4356879864603467	1.3074025409440628
0.46254096109309495	0.5148109417866001	1.4714502534341218	1.3485288542179767
0.48755248021976644	0.5171843405019628	1.500739510963937	1.3866115203550748
0.5143174071051462	0.5221317259091278	1.5225653383893851	1.4209125859456828
0.5429043064655341	0.529601174510028	1.535701807260429	1.4505953197189514
0.5733729246715029	0.5395530427230029	1.5390865227755508	1.474864996397516
0.6057999718679241	0.5519584258153584	1.5319683788404563	1.4930412507871194
0.6402526888502817	0.566799557838486	1.5139827868619302	1.5045964069474858
0.6768085189837502	0.5840677823243968	1.4847916430379349	1.5090392743213616
0.7155328963266598	0.6037631686359574	1.4447142803616742	1.5061435196929642
0.756462071353518	0.6258915270564095	1.394172511862689	1.495768549073394
0.7996438197972776	0.650462305872924	1.3343741816946848	1.478106099624944
0.8450954277476596	0.6774878787312729	1.2665743312487563	1.4534461544096093
0.8927872147597	0.7069788485877226	1.1925448493198405	1.4223287496420818
0.9426330162241793	0.7389383647495669	1.11401732512752	1.3853747090331414
0.994486150048385	0.7733568971866229	1.0327945231626392	1.3433163818347653
1.0481605403487775	0.8102079946407316	0.9509026131837122	1.2970480433692515
1.1033034853773183	0.8494388223050052	0.8699209006663751	1.2474037119637125
1.1595910547995736	0.8909642644899788	0.791851680888217	1.1954212221248581
1.2165269245580734	0.9346635190548569	0.7180739388960973	1.1420180777866353
1.273546141027825	0.9803702298271271	0.6497717964661616	1.0880977804661267
1.32988095487704	1.0278614443599505	0.5876365270547819	1.0344359897337392
1.3845876141655218	1.0768426033283494	0.5321160657076225	0.981726176711529
1.4366308002468333	1.126940257223766	0.483459170096479	0.9305898753494685
1.4848020668939166	1.177695547859676	0.4416117600053413	0.8815272721933581
1.5277706522301644	1.2285546984042701	0.4064107873306508	0.8349585226373339
1.5641821956199196	1.278871694858625	0.37757159070922824	0.7912218201294796
1.5926116401104506	1.3279108353997444	0.3547519082000977	0.7505831625608024
1.6115873219506662	1.3748511282023397	0.3374220036341764	0.7131931064263233
1.6197952536196154	1.4187939109616585	0.3251171558404818	0.6791627598086413
1.6160149395459853	1.458793024057973	0.3172929016780215	0.648522316902627
1.5991742038318337	1.4938670597365609	0.3131790877026105	0.6211737043535897
1.5691505271154802	1.5230578773774097	0.3128099041742523	0.5972205522015813
1.5259776445811541	1.5455028245872162	0.3158222215122815	0.5766280680034592
1.4701396034977217	1.5604393163033738	0.3219267951495687	0.5593515869282523
1.402432971512757	1.5672543346791707	0.3302581545055387	0.5451255087388571
1.324597644321392	1.565528211912352	0.3407594308535096	0.5338959308605087
1.238707295516746	1.5550879914831284	0.353066225183148	0.5254996700410786
1.1471413967445439	1.536023116417521	0.3674402262760861	0.5199673549216558
1.05249200313719	1.5086804126306625	0.3832056749306761	0.5170284241409373
0.9572212399306429	1.4736523067888427	0.40076993024062346	0.5167400927171211
0.8636949360698934	1.4317337858196344	0.41993719820641506	0.518986789233819
0.7739192073700645	1.3838832067734743	0.4408223929555386	0.5237506216770209
0.6895611924442239	1.331165053504537	0.4634156848880761	0.5309848289376721
0.6118825751469124	1.274701711252477	0.48784537169169323	0.5406913348168518
0.5417374095156282	1.2156225696127039	0.5141567330475562	0.5528560866341288
0.479629470840209	1.1550208216207796	0.5423357200752179	0.5674502411234663
0.4257189453799919	1.0939227326703505	0.5724545191563832	0.5844734030295803
0.3798604502837478	1.033255321357478	0.6045487744627527	0.6039186868911324
0.3417464370560231	0.9738330534107903	0.6387214016377494	0.6258066037031916
0.31083047938955605	0.9163457625749605	0.675006137814278	0.6501364653105807
0.28655407118811005	0.8613570455593536	0.7134885305726654	0.676929400965986
0.2680232350241665	0.8092983833474156	0.7545858278514475	0.7063314635011131
0.25488154836742016	0.7604918404005067	0.7980328445328868	0.7382623369224393
0.24666064418396666	0.7151854022174489	0.8435877185407621	0.7726255449676847
0.2427733222713148	0.6735446808098509	0.8912836215233998	0.8094042732627353
0.2426802476673344	0.6356595725664487	0.9409717100216327	0.848512983545035
0.24588210189142662	0.601554851364037	0.9926363400931493	0.889903904205699
0.25195543454792935	0.5712026790534068	1.0460619972933052	0.9334448904588787
0.2605301313017597	0.5445361080454629	1.10098008375044	0.9789715379862105
0.27130387120336646	0.5214571935074214	1.157015994089345	1.0262579190188317
0.2840032803050652	0.501846634287636	1.2136636588368916	1.0750048007886348
0.29849392421295384	0.4855755932918835	1.2703186108386126	1.1248422262267854
0.31465002883386717	0.4725112729073584	1.3261774247107132	1.175292354038722
0.3323766654470227	0.4625240695108643	1.3801455637818643	1.225722142374541
0.35159766186588665	0.45548596029230376	1.431425608234322	1.2755829857632452
0.3723885694105292	0.45128155724799063	1.4784114407375997	1.3239692623501935
0.39474217197448047	0.44981038736051204	1.5199371069290937	1.3701002096419288
0.41867838251991263	0.4509822433461706	1.554534608455059	1.4130503347255183
0.4442363359527075	0.45471882827531956	1.5812893945309352	1.4520760470795735
0.4715762815225888	0.4609594705630305	1.5973307313246543	1.4856716834376409
0.5007322929118379	0.46966071531858083	1.6020078140181266	1.5130997723349076
0.5318039175686732	0.480790198331235	1.5947120895612934	1.5336633138799733
0.5649064908962561	0.49433003454836916	1.5747338623768212	1.546656208969311
0.6001692273520305	0.510277526333809	1.5418419149997653	1.551560015574906
0.6377052884284552	0.52864323374411	1.4963413551834102	1.5480955208308644
0.6776587041074477	0.5494512292005723	1.439075256173965	1.5362290182872218
0.7201077420366082	0.5727341444869781	1.3711556729335856	1.5160933742292042
0.7650959268419635	0.5985294763373522	1.2939471507908322	1.4879774808473232
0.8127781830258259	0.6268810047408517	1.2098560192726588	1.4526338269144836
0.8632215069454479	0.6578410534402844	1.1209038630964214	1.4108067019842812
0.9163892189892223	0.6914572746729963	1.0295543084075027	1.3634520244835528
0.9721155199496397	0.7277644453962451	0.9377034839926589	1.3114794850351357
1.0304841314149304	0.7667875536766738	0.8480504516527991	1.256143188643555
1.091266881339813	0.8085420174677727	0.7623577397552679	1.1985072261293366
1.153932075905392	0.8530013153219552	0.6817345481642582	1.1394627001812607
1.2183143059854327	0.9001027968049791	0.6076875696746172	1.080108016498797
1.2838230953162855	0.9497501455668806	0.5408903712382941	1.0212904596964791
1.3496247006098057	1.0017776638865656	0.48166976490218544	0.963734161596181
1.4147833424926233	1.0559415648814028	0.430237367791196	0.9081087126553054
1.4779349889652318	1.111897494601572	0.3862626481263294	0.8548746728810975
1.5377732116768876	1.1691863518621557	0.34953018051656765	0.8044791535860971
1.5925217940001501	1.2272302951735685	0.3195016278749204	0.7571979319746334
1.640538888038632	1.2853134830392503	0.29582565556041684	0.7133111147672064
1.6805913846406586	1.3426387362659484	0.27856566902679053	0.6731775775109556
1.7103100606751396	1.3982879929349337	0.2665886541640524	0.6367295880839878
1.727722790112132	1.4512019597165404	0.25930906964606204	0.6039851513697245
1.73083653796196	1.5001834310905813	0.25603198072572675	0.5748657892432184
1.7184133916044382	1.5440057630789146	0.2563780482558607	0.5493374531554993
1.6897389392227702	1.5814207456255318	0.2603776951873388	0.5274685934837918
1.643195583726632	1.6111961523990386	0.2662575848460904	0.5087229664690163
1.579803149414815	1.6321774241454838	0.27477127624199116	0.4932699354475586
1.5003704038490044	1.643408602882116	0.2849731188178453	0.4807813217588681
1.4070279417281253	1.6441975751777265	0.2962556980839613	0.4709670596659499
1.3030060833880923	1.6342031282169371	0.30854011107788515	0.4636783541837652
1.1919687196140543	1.613494644241558	0.32171676268030236	0.45876098448778485
1.0777900166887922	1.5825540773193472	0.3364246579430108	0.45630624338389963
0.9638674916852614	1.542191607841039	0.35237809545770415	0.4561671004566965
0.8529503155977223	1.4934984616938431	0.37069048997275833	0.45864216357143384
0.7475581114975784	1.4377288928161414	0.3911185205781273	0.46366402117325844
0.6497345688928023	1.3762809759533823	0.4135722583760032	0.4712035860813927
0.5607873253918623	1.3105775386310377	0.4378371929590082	0.4811753189701129
0.48164107632494035	1.2420491458534957	0.46415452266124546	0.49363970282091896
0.41256115595926457	1.1720360657278384	0.49248128546604725	0.5085744455055156
0.3533223695049239	1.1017614359243801	0.5227837871200387	0.5259595222925921
0.3036100493095449	1.032298587405428	0.5552269077892165	0.5458389052463571
0.2628034292309667	0.9645671765381065	0.5899433410807607	0.5682568703849498
0.23008586857385388	0.8993220273298188	0.6270255639880374	0.5932524963211907
0.20251248215230447	0.8370370845661128	0.6677829732163062	0.6213042898786291
0.18211529912847682	0.7781011037137611	0.7106076523881969	0.6519260448246792
0.16799321615683516	0.7229196250847547	0.7557837071864137	0.6851890711429857
0.15956949632689924	0.6717840475710427	0.8037622938747319	0.7212251438282912
0.15559138431064873	0.6248528088424394	0.854101623949883	0.7599147276681455
0.15541185009236358	0.5821727048860357	0.907155726636454	0.8013612255923772
0.1584954017754779	0.5437190370431596	0.962816419900526	0.8455140147219508
0.1643236389358901	0.5094118964623207	1.0210073068796706	0.8923195198477292
0.1724928878505078	0.4791327716892072	1.0814894735593024	0.9416443247897521
0.1830551870609743	0.45275117709758533	1.1435792493350647	0.9931639082810932
0.19535131298305652	0.43012022453863047	1.2064949784286148	1.0464565253883094
0.20927969756338116	0.41106298903165056	1.2700550378241247	1.1013168730907443
0.22441523748172154	0.39539191343611196	1.33381349248651	1.157438378454267
0.24084661064181423	0.38292128925491536	1.3965533246054256	1.2141482863693185
0.2585207033419341	0.3734811375300369	1.4571325032065086	1.270761785189041
0.27753883375232263	0.3669241329951721	1.5136314360166625	1.3262306997128528
0.2978002220026943	0.3631158884827543	1.5641191520700006	1.3794479754081872
0.3194133107243184	0.36193250131927385	1.6068795785279877	1.4293125514433038
0.3424343408323695	0.3632759999691377	1.6385743112312814	1.4740758549830981
0.3670096841974026	0.367063914760567	1.660534919826441	1.5136712155441059
0.39325490169414334	0.37323819052193347	1.6677081443055934	1.5457180888115387
0.421157020317742	0.3817526515866255	1.6604917768733456	1.5697744199629813
0.45092325795770627	0.39257296048257	1.6373780411588557	1.5846693623392354
0.4826214736960303	0.4056871176008453	1.5974080206681958	1.5895463917991306
0.5164186955332393	0.4210928450685145	1.546305476487104	1.5859025841212033
0.5526182595730901	0.43881745433673064	1.481850425035398	1.5727114452220854
0.5914396435874567	0.4589101598799207	1.4061557699786544	1.5504479157845845
0.6331597061201348	0.4814450828889614	1.3201771500126473	1.5193137411305848
0.6783609018322656	0.5065340514563267	1.227984807857291	1.480650517855517
0.7267832988250963	0.5342970102125445	1.1292344666217624	1.4344209580506055
0.7788235724150733	0.5648549913824911	1.0274728530786486	1.381973664962242
0.8348641170789394	0.598343540439087	0.9271120049756612	1.3249838454317673
0.8950309765591296	0.6349280085304122	0.8301055579019028	1.2646017144652957
0.9590096580938567	0.6747477154502548	0.7375181074824881	1.2017319271723517
1.02642256669563	0.7178788462414423	0.6497992803130559	1.1371523692528946
1.0974757886957345	0.7644034192443327	0.568681144896636	1.072075981425732
1.171851133862621	0.8143676285279597	0.4949806873051674	1.0074227630247494
1.2496345238368332	0.8677980995393473	0.42968997353533434	0.9441964639342258
1.330175766958371	0.924715755106057	0.37293683138692	0.8830821185213814
1.4125196734244112	0.9850337151515802	0.3244077902515652	0.8245956422683799
1.4953725136928273	1.0485544045037047	0.28394940851256206	0.7692337186728063
1.5762630261300885	1.1148912046432378	0.2501975101617204	0.7170544135117501
1.6547227559247977	1.1835512274163758	0.22376991419487324	0.6686647448379347
1.727914765372698	1.2538887185088685	0.20387360864726295	0.6241750823567049
1.7932640318454647	1.3250410558210486	0.18963338203033459	0.5836078546546898
1.8476132561870187	1.3959135281165231	0.1801448001525295	0.5468997988304554
1.8891130196747619	1.4652217933550133	0.17592844624619827	0.5143500563397607
1.9138008066480476	1.5315387776025786	0.17531749061800772	0.48558862537487485
1.9176661697663877	1.593109353607255	0.17701460774564015	0.4602353098392844
1.9005525005667094	1.6481108490588303	0.18236951193107373	0.43865106603336884
1.8603304276286532	1.694733016297085	0.19088556635355033	0.420714472109927
1.796461565535488	1.7312871705358126	0.20186073601827154	0.4062103100529947
1.7069104138123357	1.756044126212303	0.21249367965527705	0.39418607882316853
1.594350981431535	1.767483258410954	0.22253878611303696	0.38430596622973684
1.4641967735538817	1.764603051235078	0.2326305765782062	0.3765092254198949
1.3226694281823255	1.7472635182667586	0.24165135584450861	0.370261183351094
1.176279043677364	1.715956098708849	0.25293781986045727	0.3663874405954307
1.0297108733838571	1.6717435637150462	0.2655258445656419	0.36461470240188254
0.8882148073905314	1.6161512476316957	0.28138437577014125	0.365524077997834
0.7544686254389437	1.5509418194287876	0.2992382809420755	0.3688216444910429
0.6325773424048711	1.4781167467420484	0.3201285905335364	0.3748495754117639
0.523077593633619	1.3997124597134882	0.3429439114007255	0.3833291078117101
0.4271847519374297	1.3176750546658171	0.3678500176879951	0.39431207648770117
0.34458422085030416	1.2338111659116522	0.3946752222978636	0.4077395849147307
0.27521474629898046	1.1497315050315629	0.4237206644248747	0.42370964566101776
0.21327638666050572	1.0665755839306057	0.4544966135179992	0.4420853867713127
0.15759105880485103	0.9849812552166335	0.4930623423758428	0.46494311692891244
0.11319969299120869	0.9057599723728219	0.5328707956481147	0.49040658340448906
0.07905011402807083	0.8298518485561068	0.5746384162323059	0.5185647719407476
0.05346040829469578	0.7579587153927456	0.6184291178933495	0.5494206296797325
0.03517890159118032	0.6905486747871685	0.66505324515435	0.5832442042119684
0.02487101606639483	0.6280264585466767	0.7130953485000154	0.6195490118392448
0.019544550692693667	0.5706228056374516	0.7641488255196253	0.6588081919678964
0.01734487171029631	0.5182834111284306	0.818429805588543	0.7011387823555525
0.0189261539824174	0.4709040313017572	0.8764025825170971	0.7467382668431222
0.023486074828058298	0.4283693226833048	0.936879215024258	0.7952342852639724
0.031079713485441897	0.3905526289177051	1.0007126294293087	0.8468439844900087
0.03986851278173834	0.35721895755340694	1.0687620701906577	0.9019308871585568
0.04985865338124984	0.3280798570980262	1.139968608530346	0.9601120850720428
0.060840914428816936	0.3028474877733645	1.2136970002814667	1.0211208990179406
0.07300393991526011	0.28127139524219225	1.2886173996702093	1.0842965376963378
0.08624717622656308	0.2631234260952727	1.3639338075548424	1.1491316173372708
0.10054371517623155	0.24819121179208722	1.4388412890776956	1.2150875007581412
0.1156229162672121	0.2362697589513618	1.511919067231735	1.281368910774527
0.13107997094272966	0.22713084546234205	1.5802289501063689	1.3465431302439235
0.1472251728146359	0.22057437222268098	1.6421560886110154	1.4094447122027645
0.16421318012221509	0.21642893372093128	1.6974556708811623	1.4695617160153078
0.18190436889224532	0.21455422001287489	1.7356256562201238	1.5222830118346407
0.20086957528201416	0.21483715350008012	1.7556586182441074	1.5663274115150279
0.2209731879723414	0.21720666675229164	1.755319227130964	1.600115312597504
0.2424294402848809	0.2215955248427997	1.727664326632429	1.619916703875177
0.26533481104836937	0.22796609340047722	1.683250498872651	1.628832145846626
0.2894950429881725	0.23626862218538683	1.650560699979256	1.6365140794663224
0.3157720022026272	0.24650763401034667	1.603512348134549	1.6347873377768853
0.34452647762173194	0.2587486110465409	1.5399301761267448	1.6224276405104174
0.376277767792195	0.2730932485699471	1.4668774753309088	1.601501524021041
0.41192301552069643	0.28971357126999614	1.3874237272837209	1.5730717670403611
0.4509241279459442	0.3087879868887406	1.2954934957606634	1.5350888461770233
0.49354773676748265	0.3304556026795554	1.1935505535921225	1.4881311814939235
0.5409284083927038	0.35492640363766936	1.084631539414807	1.4333444018192794
0.594163068552561	0.3825060956558796	0.9748041124000013	1.3728873753475466
0.6547952577279006	0.4136130464737078	0.8692600482869784	1.3088331016827779
0.7204755832868183	0.4485897245216375	0.7638253113516935	1.2401732974478499
0.7931468985312097	0.48771917965866624	0.6625258752564398	1.1689357882724005
0.8730677521508341	0.5313659877826529	0.5662251582245201	1.0960964242104458
0.9627836893490997	0.5800307070361767	0.4774678032401052	1.0232178948131188
1.0575334639421166	0.6340504822716186	0.3915625249111714	0.9492417578927448
1.1622064535042127	0.6937052643841949	0.3159807280612115	0.8771487374375985
1.2782642214019053	0.7596182635165022	0.25346486400549856	0.8084771941671616
1.398561508872899	0.832051986159885	0.19569471300065136	0.741449759542922
1.5276261892662943	0.9110930883713864	0.14932638599854853	0.6785578108830025
1.6635308591479372	0.9969235936554549	0.11326182927293053	0.6200879702857787
1.7982368481593802	1.0893095948555387	0.08338388120827983	0.5653291348560031
1.9378314941907449	1.1877387107107933	0.06599467206707266	0.5165397497998602
2.0706254319268855	1.2915736989395548	0.05456106839073062	0.47236897492994334
2.185984006061002	1.3989974927026922	0.04543559164838706	0.4318776464995687
2.285323897473701	1.5079576133818147	0.04395566509056112	0.39661811416924386
2.364810058746411	1.6162062517496154	0.049715282017787216	0.36677127505925194
2.4202451045240942	1.7213896940129818	0.05712591125262741	0.34091112459339884
2.4537237865512287	1.8214959984570676	0.07441606156987741	0.3212910908352689
2.431701871090301	1.9126949447097978	0.09540599196931845	0.3064942382265422
2.353892020859843	1.989866664466879	0.11903210759829638	0.2962237969570911
2.2618974396166327	2.0504829727985037	0.13971094898814657	0.2889253772573877
2.090720678725448	2.0910404354359335	0.15403477501156232	0.28255523159099055
1.8818029754634873	2.107158332801615	0.18263663934982843	0.28274004088249854
1.6046392070411934	2.0951211593315806	0.1832056676390199	0.2773978367048485
1.3067295844353646	2.0529036478111253	0.18607833850877903	0.273108866603724
1.0046009299423841	1.9821534356510138	0.19968255615499403	0.2730228237632581
0.7152271778387447	1.8860476797807844	0.21507506994189377	0.2750954001210598
0.44370663171162017	1.7686952996851422	0.2347953551701495	0.2802154956493958
0.20254933154591231	1.6347608341187783	0.25751425969120034	0.28809908716193305
-0.0040071979007269	1.489370104900346	0.2822350330711123	0.298540232698452
-0.1740643375744116	1.337491861432782	0.3106641698095086	0.3121007701030251
-0.309570832031171	1.1836055525508415	0.3420516479115656	0.32872862314701556
-0.40266986160196794	1.032098623634305	0.37422853097005304	0.347626872297305
-0.47030923512817857	0.886390510375036	0.4098871288584245	0.36969066095161557
-0.5199962209673279	0.7482647589062462	0.4498978343927919	0.39534174947318584
-0.5453194023461233	0.6192994661107101	0.49370947000342363	0.42444118068848785
-0.5689005723213768	0.4999913778286608	0.5464488888230841	0.45914276630720063
-0.5879968924224334	0.3897582497404853	0.6055668382154203	0.49891195140420697
-0.5969023587492746	0.288537958109145	0.6682304499059568	0.5427622014198631
-0.6035455080678284	0.19613615556929515	0.7380567025619623	0.5921236275636128
-0.606233528864289	0.11205186094233166	0.8132499123620909	0.6464040406046224
-0.6092361539847342	0.03565420461524713	0.8936074749895254	0.7057179847664132
-0.6043134336942046	-0.03334044174843632	0.9731340622117818	0.7671277894092252
-0.5954654235859453	-0.09499770747322864	1.0519757082723045	0.8302658471661293
-0.5860113292147404	-0.14979553590963915	1.1299801736374397	0.8946786751246628
-0.577840366552729	-0.198425489098218	1.2069681167519344	0.9601461443495191
-0.5736904338859856	-0.24175248271179248	1.2899353858067015	1.0296496888273392
-0.571576911266282	-0.28062190345948496	1.3700468508123411	1.0994655545283456
-0.564945187091867	-0.3153285360980458	1.4470575650227542	1.1689246707896386
-0.5623683757174857	-0.34622986663618893	1.5206616318871808	1.2380388879068174
-0.5670976095937219	-0.37429649365925305	1.5895528132137708	1.3065465728395584
-0.5592251695631864	-0.3995447487494321	1.6401929626757652	1.3655975601666421
-0.5613577746191831	-0.4220742497467028	1.686480311872929	1.4239205687155692
-0.5532118209421544	-0.4421419372113705	1.7052911271931204	1.4676461781735126
-0.5423656111795124	-0.45927023501222963	1.6985496258132304	1.4981181911503418
-0.5253041450017059	-0.47326566777083634	1.6615818129047644	1.5116519043629577
-0.4989200698253918	-0.48357543351849347	1.5811560245776934	1.5006578272390365
-0.46487234266238825	-0.48963171380167164	1.458512005951861	1.4647108239479676
-0.4590206646828364	-0.49295682520071177	1.4896677046280948	1.4984503920080119
-0.4289624192916004	-0.49407019801009905	1.5064895120073505	1.4982217372965485
-0.3934215662336759	-0.4915315311868918	1.5256055329857894	1.4980166221474238
-0.376503860437171	-0.48634942488565297	1.5766654349445366	1.5428915416713638
-0.31599513763556414	-0.47756696431303997	1.6115396520802967	1.5556972812991048
-0.23543861378074432	-0.46203913987100986	1.6271101867183773	1.5661326192669291
-0.15792195635403827	-0.43941081640384677	1.613488419228411	1.5570419328193763
-0.09319089756633026	-0.41122418987588943	1.6065064899643058	1.5387439392754294
-0.04654434616827993	-0.37962789267893005	1.6650765500624738	1.53385151849204
0.0036474243188602817	-0.3457639387339358	1.7408486817106574	1.608288129065979
0.04035537109612214	-0.3104352084230457	2.0193705014642367	1.6949206440695865
0.09079213879880255	-0.27382752340367167	2.220658618788005	1.8407908737197203
0.1457957510624854	-0.2349793889352982	2.4757663140654054	1.9986424899873354
0.20697819398740913	-0.1935441247688693	2.793305597953654	2.182416564079574
0.2877958433861779	-0.14834683006422203	3.0454229538060273	2.3395961797468727
0.3965533342390797	-0.0973460938195551	3.2434605464164665	2.4799657174748067
0.502414899208874	-0.03958653060104489	3.488200336645745	2.643147439130723
0.6593671568411635	0.02687323203331363	3.5625412135427013	2.7278882798837736
0.8192695648420075	0.10412965344606576	3.757017583482409	2.8573379573158952
0.9949075294500199	0.19214240110973926	3.959284677714274	2.9926780876655115
1.1571567950442025	0.2900855704063692	4.141964215762179	3.1261647019981456
1.3463350016314752	0.3976644686127591	4.2895342497225375	3.2379260483849674
1.4921714878606263	0.5132805035851206	4.566165940090641	3.428475232211279
1.665990842372372	0.6351108177219538	4.758592966838619	3.572832619578899
1.840034973675091	0.7641728787638488	5.145045431093176	3.7905008874935002
2.00669413402785	0.8994036502441504	5.402872339358762	3.9858674484771623
2.2007981735364917	1.0412154932910405	5.649449899669774	4.154825257857524
2.406505218239174	1.1911015100435614	6.037482009846322	4.371414648015224
2.6230329226506996	1.3495607829942773	6.495058998524417	4.626265876500931
2.9850973011505584	1.5241212800798303	6.221124485475963	4.5896137431942545
3.2133838916822843	1.71406236163387	5.794488245162449	4.545292527793326
3.4124452420219313	1.9091475262747055	5.678884876866623	4.582745884307163
3.6183203802327464	2.1077464111267576	5.946649528277064	4.750136133423064
3.8879722992343924	2.3129527030744845	6.907587582549138	5.195088979061541
4.252546781224196	2.532985664552904	8.59822918056981	5.855638690891808
4.841707929726479	2.7839595265395465	8.94958440736392	5.994136165394825
5.656089328818818	3.085379060290313	8.653652349514845	5.926408613748215
6.319468868054436	3.437859714056354	8.958975928582392	6.154045384775148
7.3065954795116905	3.8460287306635292	7.866955066214919	5.73668237153418
8.089722634989617	4.31176130842286	9.138306810765911	6.163710093759257
8.893368223513166	4.818610811623311	10.467652316290382	6.720922275814062
8.829896197341297	5.318565183757359	11.24234685816015	7.332148753573367
9.31476898377766	5.792775119739076	10.524709665450931	7.178421965567234
9.034616626649306	6.234944425664005	11.063087552766133	7.787029838598112
9.154288022251677	6.62544586115689	10.108042759143553	7.634713630480721
9.59435105529775	7.008402869936424	9.340912686442321	7.339161991741108
9.059468226329935	7.35026420077745	11.240550041351566	8.020247902248164
8.971690605662728	7.626504088095853	10.807678924541912	8.109616564984128
9.307323608594736	7.888702972690373	10.615549773352596	7.963737461000109
9.17399258923966	8.136882112725925	10.98689187386884	8.113092460979274
9.655318806151298	8.379968520605596	9.435977051898206	7.4477136014325644
8.262197289498117	8.551078908923644	9.058747421493326	7.600979058890052
7.194345861414154	8.57213740667512	7.839100195104586	7.242218088865436
5.966152835342255	8.467102884150346	7.800425261874148	7.259185020240859
7.243687960776419	8.375276558095209	18.45870668031445	10.777774676080442
8.995222934206884	8.455841321842026	30.434140692084025	14.915845061557498
12.779777008377833	8.831658773464099	34.63003949325154	15.711286870236515
18.373801832354022	9.66997127152399	31.29648543008468	13.902557891417807
23.60097560754296	11.009682706919238	26.587171164625282	12.11371360330347
29.549962234129612	12.820225446386138	12.774181555494394	6.831076832539469
34.23427493079755	15.039629832543156	10.686151185141977	5.536519567323406
38.06491312796585	17.50988441162395	13.78046892932133	6.45865503678613
39.03546553432925	20.008595474198092	17.846562077414585	8.561705084240533
40.443109863868145	22.398066426611354	21.134903941989183	10.265193452342313
41.89928400527513	24.71505864542343	22.896735493330276	11.350425857319346
42.97845773169702	26.950036220315088	24.367450583213017	12.410495806160808
43.4836410686882	29.0595248119295	24.39580793262696	13.056374651526193
43.48688919431401	30.996845237849552	23.201969417950934	13.180346625283182
42.784627136970734	32.71325166809766	22.060306968221358	13.315087460169435
41.68792746953164	34.169525839987834	20.526683975800417	13.123478735045337
39.96061361427077	35.33475476838213	19.209131894481175	12.869763791985985
38.2435914435287	36.20265693101823	16.209599390724346	11.764172491152264
34.767596200732655	36.70734445477361	12.64441132058157	10.59887748477571
29.906594138575066	36.712627506239556	8.084417955070323	9.015394131587135
23.624301301574956	36.11448565617254	3.4663252373192006	7.321744165840899
18.019231362425177	34.930806935786215	8.74653519620267	8.812088773435207
5.602138973661764	32.882718169532986	39.23936083829022	21.64749035366125
4.424099287898902	30.2973958162806	87.14508265554014	38.21794669885871
19.221572871335717	28.6820739125089	123.14412429153619	47.882305281631524
44.27441898070634	29.36155443072034	146.78343614270403	52.7924133119878
77.98382798412867	33.131210692979266	140.36061901919615	46.880213871312826
116.85675985257929	40.452490801666535	119.19566850410126	35.429010000618845
156.47512010584086	51.31780248631112	101.38022023074453	25.704173609762037
189.60181950705928	65.086763299138	83.97457693404309	18.34325506230781
217.80808852822815	80.8636667501971	67.73117343685864	12.712551401427362
240.49214280449883	97.8946184342634	55.5943493520972	9.60518083986326
256.9368619384679	115.4283900001559	50.92100035832596	10.208465773933128
267.02235682224705	132.73884850366574	53.13174770374343	14.278019617744947
271.250177072038	149.1881295683488	59.96957337053819	20.717887177542345
270.4220885016596	164.26845831441673	68.1749513790773	28.037776769013245
265.5988381041761	177.61926672674343	75.08676949177278	34.761834316659126
257.3109966104134	188.9991151205756	78.17928076834184	39.628098777743446
246.98796452651064	198.29477971269586	75.98168165073803	41.63996285981562
231.83179661127747	205.33359703641167	67.27969660705564	40.936660839144324
210.66190149424838	209.74203662730145	51.956352270740005	37.41266869823673
182.0223481908164	211.04138223252386	32.01446417275852	31.924600034642772
148.20774592399997	208.84305706635897	20.684964151467206	28.669506079075845
100.81232342328245	202.46131739382994	52.65375497551062	43.332840920174874
57.906841324466484	191.8074619200212	155.56176911705342	81.86030866325669
45.071740669737665	179.13455278514996	293.66970057223057	127.32951984767492
71.62107656941372	168.3713200792084	441.0385203804091	171.26579343562994
143.43632399338154	163.88773039747713	550.9896719823483	197.90991490541177
259.95595390695377	169.94044519315258	606.1613732744776	201.38958518148988
414.29326014382315	189.99562259470963	617.1229454642705	186.8393513226465
588.2460281010044	225.8480411998192	594.2400126720493	162.02601956813191
769.7954210284569	277.47838800076426	545.9192243983435	131.577154380572
947.4505381778986	343.60054164020016	494.26269592989655	104.7102721203552
1112.8927715690274	421.9845068489514	449.45580740974987	85.43223739380198
1259.7822434349132	509.8123306318891	417.22680794256235	76.34275405578758
1383.9114950854141	603.9655455373072	399.5914588482852	77.98360356947597
1480.8953039886007	701.1582244545814	396.04743287530465	90.12840887671693
1550.403233346762	798.1538380031029	395.3336227904258	107.317136100844
1588.109198428164	891.7755378657155	399.1083769829069	129.6276039172941
1598.0908704207543	979.1251358280016	396.7517601722526	150.56979010718138
1576.1196012700284	1057.5769567374994	395.12465917317724	172.4741115963554
1522.9817262803872	1124.559616455802	388.1242977092005	191.89921637942055
1439.2731493803685	1177.8215963798689	385.2976902849501	211.48256037711948
1327.239071922673	1215.4743307268984	371.974253122435	224.5822877541172
1186.8480633492172	1235.9260291026865	360.2398396448608	235.34929632629482
1017.307499524337	1237.6962703994982	427.057107070329	272.64824859952535
846.294613692933	1220.8910699879361	649.385101481096	359.93907188034825
720.359616819132	1189.5944944347377	1017.7457773080006	488.6897106403194
686.2056800466911	1152.5116300630832	1439.6969084101945	622.7520269150282
778.8976594475346	1121.944514786182	1822.128103006377	726.5236755704262
1013.7039434995364	1111.775832192997	2149.75122507928	795.4291900052898
1388.0568143666699	1135.280363689754	2399.790079824029	825.9063205871655
1888.5051516248789	1203.619875436965	2577.9398238781696	825.4508759516171
2497.06728985194	1325.202596424356	2679.872007493719	797.5274651665418
3187.0567261382876	1505.2440403536107	2731.8185970586087	756.8432292764105
3933.3325194889826	1745.6685287204293	2776.7944525572125	723.2306567819172
4712.804197204423	2045.6122883762819	2830.691771141621	706.5178130874154
5501.853725433717	2401.769954041729	2887.1297369724525	708.0342898265029
6278.947996720557	2808.711768927025	2927.2306977772705	722.1732106337062
7015.737325057031	3258.8395166225964	2946.5876274180464	748.6461895948036
7687.425970172028	3742.3986570898637	2924.819998949747	779.0316572784005
8261.053045730947	4247.446532110181	2865.5478105730926	814.700907880436
8706.085534533137	4759.730587667503	2778.766554634015	858.3523335561963
8996.000246936896	5263.275199355668	2710.2413984020627	924.6537387426765
9118.248193963838	5741.480017001136	2635.6123179259653	1000.462901560586
9050.369614433846	6177.425249214094	2616.1035586363946	1107.6716673616825
8809.195090694884	6555.477940399397	2613.74199292416	1221.859592230415
8400.821062247474	6862.710368075736	2685.456604681344	1358.4907937430005
7849.13332822252	7089.041784320136	2986.810818559702	1567.9866412562105
7223.987089842187	7230.369163439435	3606.106080081752	1872.5142754926778
6627.871632345964	7292.230493224555	4520.871542066422	2252.7699528671665
6190.685681419141	7292.154432828955	5621.057756302682	2654.326124914813
6021.662584397103	7258.93126919817	6738.091959468549	3008.1306317205263
6185.715494237686	7228.085752984379	7903.13254507029	3327.2097288818645
6748.438193691906	7238.815023356115	9103.373728361365	3610.255642379175
7768.8097139318625	7333.334142270568	10277.910396557181	3839.2697025719626
9279.83866692951	7554.855321527127	11425.065093244075	4022.093457481058
11293.545048995824	7944.96343751571	12608.655451040613	4194.348491438385
13815.339681752368	8542.246488488749	13811.721714728968	4364.034668301604
16834.121018433914	9381.346390447812	14980.509359293364	4526.131724908677
20311.47847194411	10490.986786800704	16052.613474371099	4673.394654928094
24177.57121896701	11891.361691901197	16941.625793952127	4790.213523844294
28322.200774860095	13591.070393274424	17576.281498891614	4867.746446764989
32598.47585399313	15584.041573358136	17919.71429099978	4909.798421405092
36831.10976611523	17847.420440701495	17998.169488719217	4941.441280327487
40834.720650970376	20341.042472462592	17813.670496608174	4974.740126688506
44404.947761691976	23007.505800138504	17438.203472978053	5046.737381174927
47360.41784462598	25774.016034440036	16951.16721959548	5186.169793281978
49541.263349375695	28556.221621754663	16490.202613918813	5436.994563018768
50844.3049382389	31263.487906907656	16149.595011583684	5815.988236919195
51204.15941902507	33804.64216636251	16191.75363505397	6397.727237954165
50658.48764651972	36095.52956612752	16802.49364905987	7216.398082841749
49330.19400961396	38068.56028164026	18167.60344831367	8300.851437685593
47455.83109416215	39681.79453104929	20151.990849071215	9552.317818369685
45287.69053814977	40923.67012817603	22859.971340534663	10967.25109850943
43156.17233810845	41815.081102533084	26288.895739692358	12501.74209398541
41446.17802342228	42413.47300057132	30219.427427866907	14034.411041583546
40500.59493442207	42810.2073791165	34785.54224850625	15592.90931227293
40711.1590191849	43127.60080625928	40044.634483370064	17180.689113079956
42492.628417520355	43519.90319224925	45932.74678845626	18764.422751071634
46213.8581414133	44169.1269184181	52524.43186225867	20382.02660081788
52251.86327095164	45280.30056406849	59648.76822797032	21987.183929996576
60908.03804693318	47075.74889996821	67026.22555826484	23509.583120801573
72364.0975227608	49782.950296465235	74309.87780126871	24871.191785414416
86644.48907921351	53619.117751268706	81138.66868525629	26006.320894915418
103591.15077666038	58773.86705561412	87222.37033092561	26890.711342359748
122865.95164046784	65392.24240280077	92309.68524921195	27524.34952112681
143941.53339043882	73558.994713914	96241.91429869717	27950.193109451022
166132.82795118392	83285.5509952083	98932.1753289514	28235.196721064483
188623.54283293572	94501.32762067943	100405.44573107625	28478.409602598083
210518.0327582611	107050.06794582176	100758.60091454508	28786.526358083698
230878.42931062396	120691.37117801026	100304.55828840508	29322.950073576405
248813.44514516677	135108.79105493502	99500.61371443298	30271.974651406275
263551.2801871061	149925.93674575488	98946.3350607834	31834.29811741268
274538.14151225786	164730.23695536083	99081.37536729252	34107.627919186096
281436.9916600956	179099.86021232276	100395.87800706997	37173.43169245307
284181.30261427944	192630.85004232472	103499.5346344142	41123.16605189124
283066.7665202251	204969.44889172242	108650.98241416732	45879.056748410665
278643.150934439	215840.7712854069	116421.01122632874	51469.97294402371
271834.5604209909	225075.11722542506	127266.88883094766	57862.04567387847
263898.33868929924	232636.2868286996	141684.27233853165	65033.632800990854
256449.08185076737	238646.13430234772	159766.9544383577	72815.13945017973
251293.2925953523	243399.49930787028	181901.92230797795	81179.82832624971
250458.29581483922	247370.0903286619	208503.26434801274	90146.0999721083
256201.154786715	251217.81414833877	239239.28753327404	99487.07992894403
270759.8990455812	255782.773265823	273370.71321360825	108886.9558032421
296165.0314151714	262056.16643563457	309894.2187913841	118009.71970264781
334068.59631379903	271134.5143207585	347654.75713887904	126550.19008309947
385585.52389747783	284160.4067488827	385464.9632220857	134284.25819332214
451181.1688022001	302254.19245335856	422100.5473715863	141060.97337147637
530575.1703942337	326440.8519963585	456363.35812865465	146814.4375461482
622684.750357819	357575.50344954734	487125.8065375162	151561.50645758738
725596.1591929448	396271.3456813014	513501.9857040163	155443.56387856236
836608.8965985213	442835.1786216242	534968.2516048084	158742.65222487692
952341.8653287345	497217.0859586811	551493.8325962739	161898.6576311366
1.0689270851511157e6	558980.965550895	563398.5120191526	165418.43738551126
1.1821994100918842e6	627298.5629760593	571358.0518555855	169848.28903134956
1.2879163329468658e6	700966.1522731615	576557.805727378	175805.04822507434
1.3820825401783807e6	778448.8969237935	580340.7870028206	183808.63190384366
1.4611489964496705e6	857949.4416568676	584605.5317847647	194426.33259777375
1.522362690007061e6	937499.4587085685	591643.9571199866	208191.1900575248
1.5640506134994342e6	1.0150768596939094e6	604280.2710262351	225654.7194913391
1.5859648755105338e6	1.0887457290457846e6	625409.6073921447	247213.50790127995
1.5894459380236994e6	1.1568107401664765e6	658301.3067172659	273255.1198550721
1.5776414783394805e6	1.217977487413355e6	706364.8695578041	304099.6236461671
1.5556591397014318e6	1.2715177654071297e6	772580.2618692751	339822.1004972907
1.5305191342058268e6	1.3174250580799032e6	859081.3403717385	380155.5250199241
1.5109256084537234e6	1.3565405809502692e6	966823.2966278887	424438.7229190737
1.5068328406951206e6	1.3906318674913333e6	1.0957601343697773e6	471769.2404247027
1.528954945507625e6	1.4224140552975466e6	1.244834425730207e6	521079.06239200034
1.5881884766450734e6	1.4555116128035411e6	1.4119080923071515e6	571181.401242803
1.6949313263900627e6	1.49435586460023e6	1.5939178110677528e6	620895.3560794702
1.8584172836576295e6	1.5440194901247914e6	1.7867962087801648e6	669055.8383085208
2.0859939694599663e6	1.6099918681008995e6	1.9856397597377931e6	714601.4282172793
2.3824364966917993e6	1.6978996115425332e6	2.1849969741732175e6	756682.1425031718
2.749351346740313e6	1.813184221103093e6	2.3792914017611584e6	794791.0001940725
3.1847515151963844e6	1.9607549579359652e6	2.5631364388519977e6	828822.0839011794
3.682802533508129e6	2.1446377477979185e6	2.73163228465545e6	859096.3812823775
4.233752192137069e6	2.367639623799309e6	2.880848061448543e6	886437.2354266802
4.824165302614258e6	2.6310535029860754e6	3.0079356861398113e6	912072.4000164977
5.437323682596529e6	2.934425025371307e6	3.111683961925394e6	937699.3854484407
6.053958153818412e6	3.2754022238350254e6	3.192861323503957e6	965450.308524143
6.653224753326553e6	3.649691450498876e6	3.254781477909772e6	997943.3891511017
7.214014603378738e6	4.0511405008128323e6	3.3033447679924415e6	1.0381357497058224e6
7.716398114801374e6	4.471962480583827e6	3.3473928537663803e6	1.0893262486166796e6
8.14328284560036e6	4.903105725704389e6	3.3985986167529603e6	1.155008684336045e6
8.482145899040535e6	5.334771680445513e6	3.4709542636088235e6	1.2386138566350357e6
8.726685253029915e6	5.757066489404666e6	3.5799687336149737e6	1.343197613404977e6
8.87826023190174e6	6.160757972270271e6	3.7413053671900877e6	1.4709814477818077e6
8.9468142635735e6	6.53808908164673e6	3.9701428637931165e6	1.6232568283056838e6
8.951422513664246e6	6.883594076035898e6	4.280277598098933e6	1.8002488623148925e6
8.920300613385085e6	7.194868020633341e6	4.68329013668589e6	2.0010703923112592e6
8.890247830158668e6	7.473234384600364e6	5.187578847496078e6	2.223676094837561e6
8.90543762987912e6	7.724254784978747e6	5.797793541923207e6	2.4650072984144576e6
9.015651254471926e6	7.958030400375812e6	6.51426349323684e6	2.7211440763229127e6
9.273994907279836e6	8.189256738019377e6	7.332169038098479e6	2.9873465672033783e6
9.734022377196431e6	8.43699522886379e6	8.241328234990596e6	3.258310631606849e6
1.0446471911754819e7	8.724135321559701e6	9.226335616895398e6	3.528501864094055e6
1.1455783366001962e7	9.076543506083673e6	1.0267011314564865e7	3.792529204634188e6
1.2796563195543513e7	9.521914048351778e6	1.133934456705045e7	4.04561135166314e6
1.4490299788241865e7	1.0088360078049736e7	1.2416472773167552e7	4.283927129028043e6
1.6542460474712081e7	1.0802803609918505e7	1.3470192640671426e7	4.505037316381504e6
1.8940282711820904e7	1.1689241283079984e7	1.447275156360371e7	4.708262655354114e6
2.1651463258763816e7	1.2766983397455065e7	1.5399213136121618e7	4.895134417465994e6
2.462406233601353e7	1.4048982459127322e7	1.6229820395907395e7	5.069698825714373e6
2.778772542414919e7	1.5540379453202821e7	1.6952690904128566e7	5.23883408378218e6
3.1056428143094704e7	1.723740036205008e7	1.7566182227524128e7	5.412352250845434e6
3.433274532599922e7	1.9126734310779963e7	1.808067350447818e7	5.602833531490416e6
3.751352566829257e7	2.1185506015104853e7	1.8519653184864283e7	5.825204204996959e6
4.0496799738635086e7	2.3381928836622696e7	1.8919303770949785e7	6.095802902987016e6
4.3189320716624595e7	2.5676675432526734e7	1.9327908318080924e7	6.43153329477249e6
4.551451325113534e7	2.802495443126773e7	1.9804436438628364e7	6.848891282570053e6
4.7420313876403704e7	3.0379243051281042e7	2.041659661928021e7	7.363038658001035e6
4.888647348995649e7	3.2692579013854984e7	2.1237816225634944e7	7.986752894222913e6
4.993066016387265e7	3.492226578165752e7	2.2344076008090064e7	8.729646992061593e6
5.061297737384963e7	3.7033802063758105e7	2.3810194150918324e7	9.59750017930814e6
5.10384725899016e7	3.900482071217688e7	2.5705072806253962e7	1.0591496514238887e7
5.135704551254962e7	4.082878781128415e7	2.8086641593461342e7	1.1707640119333243e7
5.176039493855761e7	4.251818475587936e7	3.099686535793368e7	1.293643762893697e7
5.247578062839809e7	4.410689066949724e7	3.445742221138043e7	1.4263010332939584e7
5.375662592356551e7	4.565149828943812e7	3.8466348187623784e7	1.5667657851830821e7
5.587023725303108e7	4.723133779295092e7	4.2995566269989334e7	1.7126722061333843e7
5.908299339842472e7	4.894703828517542e7	4.798992474850465e7	1.8613873355571397e7
6.364370893025942e7	5.091752947749793e7	5.336777492926456e7	2.010168822083662e7
6.976597461520508e7	5.327547667541594e7	5.902372780030294e7	2.156363547478039e7
7.761059649210636e7	5.616124632628374e7	6.4833546964208536e7	2.2976326540515207e7
8.726932609444764e7	5.971561509922428e7	7.066149680068728e7	2.432205559128433e7
9.875127242258064e7	6.407155453598289e7	7.636963857206947e7	2.5591360895047154e7
1.1197332365563005e8	6.934553873064063e7	8.182844121362261e7	2.678533727462476e7
1.2675575212678479e8	7.562891532037644e7	8.69281753420712e7	2.7917518830396075e7
1.4282406538749295e8	8.297994969731575e7	9.158946100707169e7	2.9014768849839006e7
1.598171155681684e8	9.141715411475325e7	9.577664892695637e7	3.0118807621567894e7
1.7730466764353073e8	1.0091462375092867e8	9.94927887757501e7	3.1279974818804562e7
1.9480574953634438e8	1.1139975410707037e8	1.0280432591588897e8	3.256306934087129e7
2.1181897962905076e8	1.2275378979719192e8	1.0583978572225913e8	3.4042607222050935e7
2.2785653154015094e8	1.3481578873107487e8	1.087911988233937e8	3.579977936813963e7
2.424819109090452e8	1.473900802567888e8	1.1191127564887258e8	3.791848157392853e7
2.5534941524768767e8	1.60257185295582e8	1.1550640540583432e8	4.048074697502442e7
2.6624286568076867e8	1.7318792473936442e8	1.1992561353924826e8	4.356189024658833e7
2.7511102646549374e8	1.8596019876867434e8	1.2554552253724784e8	4.722557490814598e7
2.8209698660749716e8	1.9837768219625053e8	1.3275161043084711e8	5.1519044244523354e7
2.875587645293131e8	2.1028945737395915e8	1.419165285737271e8	5.6468855971086405e7
2.9207862439687717e8	2.216094151278788e8	1.5337642834586847e8	6.207743118694464e7
2.9645896566820997e8	2.3233411350870973e8	1.674067289260745e8	6.83208062012681e7
3.01703296251901e8	2.425577116462774e8	1.8419882692055863e8	7.514788044464505e7
3.089815826803795e8	2.524826075554257e8	2.03839503068547e8	8.248143766040194e7
3.195802341878091e8	2.6242451329706427e8	2.2629485182957453e8	9.022114050102216e7
3.348380598218841e8	2.728109058821692e8	2.5140047719817436e8	9.824858261675529e7
3.560706620377211e8	2.841720969746945e8	2.788595792305254e8	1.0643438257744098e8
3.8448685434485984e8	2.971245616807092e8	3.082502828367494e8	1.1464718007395582e8
4.211017518073212e8	3.123466443684693e8	3.390429836520886e8	1.2276419348491512e8
4.666520609212473e8	3.3054729673972934e8	3.7062762467050976e8	1.3068273477526365e8
5.215195184459283e8	3.524290605739978e8	4.0235117853948116e8	1.383323572791731e8
5.856694243971789e8	3.7864708751624143e8	4.335594179149504e8	1.4568498722557652e8
6.586088799734328e8	4.0976644544021714e8	4.636482634024942e8	1.5276518151385438e8
7.393712917550234e8	4.4622034878127325e8	4.9211804193000674e8	1.5965797153274825e8
8.265314390077491e8	4.8827228912343633e8	5.1862830512879956e8	1.665138308339904e8
9.182541691721933e8	5.359851592397461e8	5.430495773425077e8	1.7355004273098361e8
1.0123779134276279e9	5.892004026525526e8	5.655082257980238e8	1.8104792948182708e8
1.1065320329922533e9	6.475299468732542e8	5.864206823818359e8	1.8934564167414364e8
1.198284626387964e9	7.103631844416114e8	6.065135560389801e8	1.9882649720067737e8
1.2853150108045382e9	7.768905596275158e8	6.268264420193669e8	2.0990306343884063e8
1.365602674410721e9	8.461444183281488e8	6.486950307038716e8	2.2299751060495183e8
1.4376223389501472e9	9.170567163897709e8	6.737130270534148e8	2.3851904490323862e8
1.500532986913063e9	9.88532006637186e8	7.036726876275322e8	2.5683956285904208e8
1.5543475269908185e9	1.0595329004347645e9	7.404850468448268e8	2.782688838384855e8
1.6000692809116628e9	1.129174000158215e9	7.860824842589462e8	3.0303115920840275e8
1.6397818537412548e9	1.1968192061661036e9	8.423079266556067e8	3.312442330815977e8
1.6766803132638087e9	1.262176405605029e9	9.107963987593462e8	3.629037482194715e8
1.7150339419419718e9	1.3253829378275127e9	9.928559497914066e8	3.97873727115572e8
1.7600741336415706e9	1.3870749805096877e9	1.0893560021379223e9	4.35885170431478e8
1.8178051949975615e9	1.4484341774371364e9	1.200631805363834e9	4.765439062206382e8
1.894740720129591e9	1.5112054794369283e9	1.3264137750371695e9	5.193484747919322e8
1.9975735740295858e9	1.5776813131674664e9	1.465790167279784e9	5.637183359908136e8
2.1327932469693627e9	1.6506488259378195e9	1.617209173053112e9	6.090315275558808e8
2.3062693665692987e9	1.7332990148082514e9	1.7785261836087255e9	6.546707780650667e8
2.5228250919820333e9	1.829098951146738e9	1.9470989950025845e9	7.000760829150764e8
2.785827903758219e9	1.941630959562313e9	2.119930924141389e9	7.44801081115216e8
3.0968277593861556e9	2.0744053457416396e9	2.2938586151611547e9	7.885699745574971e8
3.455273354911897e9	2.230655920242807e9	2.4657779315557885e9	8.313312808248627e8
3.8583360456995068e9	2.4131299461769166e9	2.632897939956698e9	8.733044482303127e8
4.300867644036069e9	2.623886052191896e9	2.793009997289134e9	9.150153983427176e8
4.775512897771175e9	2.8641149142168007e9	2.9447556873834395e9	9.573170638505121e8
5.272989473237866e9	3.1339979316984487e9	3.087878025223285e9	1.0013925820261703e9
5.782539901047987e9	3.4326186237142262e9	3.223432922219869e9	1.0487370117712417e9
