0.049770613072309934	0.7784602009376941	0.932370673050012	7.484768386968876	4871.0	0.00020529665366454526	1.90564231714575	6.943464429912923e-6	0.8885768191052561	3.3108148311725754	10.0	1.5268186953697973	52.315604180861015	2.285694658930924	170331.0
0.04970343584786319	0.7530915218171158	0.9641345529693854	9.08595371482967	4860.0	0.00020576131687242798	2.180673312221708	0.0005520523775876104	0.9648085100745823	3.0051164613892842	6.0	1.3116259893519364	56.0169228924557	2.0567274900052404	143576.0
0.04970733389234702	0.8160621886566836	0.9560400591035955	8.549506694855532	4881.0	0.0002048760499897562	1.9366034139767243	0.00011271696329667502	0.9626407814808734	3.4200051911540403	9.0	1.6040570720513252	62.62654583387665	1.7552775067750468	179281.0
0.049726269747457925	0.7647922182406212	0.9515383757826656	10.930996253536202	4847.0	0.00020631318341242006	2.220313576879313	0.0005808804758872857	0.9385273656344272	3.3381161911920056	7.0	1.4994565074281947	58.26356429122615	1.8670788361082773	143176.0
0.04967600679709459	0.7523906482867841	0.9311567059506876	9.207551479946481	4870.0	0.0002053388090349076	1.9181057392718974	0.0003618010843305974	0.9560917734573788	3.1441556327327977	6.0	1.3237237884263031	57.294750705911426	1.9648992337692055	175905.0
0.04971521846853412	0.7620321528117877	0.9685536382261251	8.999206200971237	4831.0	0.00020699648105982198	2.120674343213391	0.0005466189595568241	0.9493209683174387	3.168736475416711	6.0	1.3764418285005735	56.94665679456841	1.988193456211366	161323.0
0.04970727099217316	0.7543983170126863	0.9660267168537364	8.968387871510057	4919.0	0.00020329335230737954	2.1781540686467498	0.00038070611632497187	0.9665837221861125	3.019689503898249	6.0	1.3087642342433026	56.44985333987212	2.0313162967493517	159429.0
0.049697995744442953	0.7526829946821298	0.921186686294127	8.5421430632108	4888.0	0.00020458265139116204	1.6185463032358962	-2.0830340442961167e-5	0.9344196663222583	3.0392084807911997	6.0	1.323543392920313	53.410006812034446	2.1894594191530183	158010.0
0.04967824142511524	0.7661554263511849	0.9308945883465296	8.83792774152475	4831.0	0.00020699648105982198	1.8996494952454615	0.000555161694887681	0.9623224460988854	3.174308426073132	6.0	1.3744350984072768	58.52330088145314	1.9586584312699153	183062.0
0.04966813018746211	0.7409475716486432	0.943530020873543	9.135668506884954	4888.0	0.00020458265139116204	1.9086397442816283	0.00015752705376875792	0.9594129193140895	3.0793056483122374	6.0	1.2594722729095378	56.66233870151632	2.025389800678133	171237.0
0.04969147878608713	0.7825815485035454	0.9450791725130899	8.071000611951556	4845.0	0.0002063983488132095	1.7777548172536466	0.0002572491507296385	0.9640857416153126	3.1590211645989865	7.0	1.4358071831127945	58.4957066105588	1.9129836750111155	185307.0
0.0496708293601056	0.7492456386482935	0.9390094228899099	9.279164940767128	4831.0	0.00020699648105982198	1.955841399403817	0.0006215985624758551	0.9584177257637235	3.140214357915092	6.0	1.3066368135093356	57.5290302693737	1.9659017667855225	178270.0
0.049683844229029384	0.7776092869789317	0.9438685579290743	8.352134685694068	4847.0	0.00020631318341242006	1.8277317037742549	0.0003715962387375377	0.9708522009749531	3.208647413484569	7.0	1.4552690232708263	60.28249394870126	1.7825521366537427	169174.0
0.04970803991636305	0.7532248052382305	0.9475121524933093	8.430908796371295	4861.0	0.0002057189878625797	2.084349539638062	0.00022976308323025268	0.9529516035332847	3.0075218014714524	5.0	1.2691477766269337	54.791027304005446	2.131686071674347	158254.0
0.04970532885431546	0.755932299349295	0.9598456084342437	8.80607966457023	4860.0	0.00020576131687242798	2.1439201708881788	0.00020057853528347223	0.9600765996764467	3.0234577879751785	6.0	1.3193748263565943	55.78911276152098	2.0838527257294954	164940.0
0.04977869589732242	0.7848905085493062	0.9271388058786189	7.144139771900024	4854.0	0.00020601565718994644	1.8377400340869001	0.00041584277925026336	0.8803384167110032	3.357262952966683	10.0	1.5640668844302927	51.93048201069575	2.309019489784911	175086.0
0.04967920887802157	0.763857073367505	0.9569227795753926	10.195160918111942	4847.0	0.00020631318341242006	2.048079338774931	0.0004882537307097015	0.9708119924422421	3.2613788065791796	7.0	1.4724620247388855	61.149150293732	1.716907955753623	189643.0
0.049679316306264855	0.7784766100525788	0.9478382869979873	9.236259175469149	4840.0	0.00020661157024793388	2.110210088383471	0.000571314749216725	0.9644238076547272	3.1339605795559704	7.0	1.3921761102871035	58.1383629837165	1.8416043232328916	173904.0
0.0497784532759391	0.7626194829527784	0.9723507729347644	12.769549027720315	4853.0	0.000206058108386565	2.6267796102480174	0.0004121221714876077	0.895330057984616	3.3045523116514333	6.0	1.396983311791533	52.97106853399029	1.9986124369555922	147492.0
0.04971141428422786	0.8136043024914161	0.951506197159977	8.91200393622092	4881.0	0.0002048760499897562	2.0137319581298727	-0.0001540478412573214	0.9574571123696954	3.467333695978503	9.0	1.6346888698784274	62.62942120298987	1.7823019357566865	204872.0
0.04967682180296626	0.8282041017418048	0.9553112576157892	8.059628447269608	4846.0	0.0002063557573256294	1.754838955504414	0.0005054931282792017	0.9780415232411799	3.232888034228064	9.0	1.3559403349492398	61.55277869549722	1.8475361777773998	194995.0
0.04977702484073939	0.7882166903740221	0.958284821855918	10.340457851564594	4856.0	0.00020593080724876442	2.5336747786903833	0.00026430128783957714	0.8786950840414767	3.4292325392003518	8.0	1.560960760074787	52.586078904831275	2.0606228992372806	160350.0
0.049779793305234875	0.7865888176676983	0.9230945157065479	7.194457624293097	4872.0	0.00020525451559934318	1.845490906107113	5.3964189936136453e-5	0.879558452840868	3.370391153031373	10.0	1.5780584532285147	52.00334659617376	2.3182479338070006	177824.0
0.04967307796409729	0.75066534826336	0.9448769127852098	9.095103608546898	4832.0	0.00020695364238410596	1.938770507762777	0.00042248769091164667	0.9634594523905728	3.123739556323826	6.0	1.293024676548453	57.854463580849604	1.96638951052434	185384.0
0.049750189526384846	0.7707236723082845	0.957620869819954	8.296872070720909	4845.0	0.0002063983488132095	2.184281142432356	0.0002476960201859493	0.9099562077328056	3.171075986078886	7.0	1.455271385158938	52.85188326165699	2.1366427019702283	161872.0
0.04978299554744731	0.8100074210606658	0.9213668579086782	9.438010771870806	4852.0	0.00020610057708161583	2.447786019180435	0.00026668834294331584	0.8620942741843188	3.447365017460428	8.0	1.5873726686466092	51.09827760891591	2.2253333558618387	155273.0
0.04968093909278835	0.7696506369222881	0.8997257530907191	8.374464305194097	4834.0	0.0002068680182043856	1.8194069830401565	0.000432581644368542	0.9222464806654255	3.147368631562708	7.0	1.4281421698519774	53.71135748238593	2.214573140469983	169338.0
0.04970680658801776	0.7660972558191932	0.9359937913569153	8.090312102810337	4894.0	0.0002043318348998774	1.937836986280874	0.00040156187845503044	0.9620962339678131	2.978854393783799	6.0	1.2406881903757487	55.283464747200014	2.1214078401698533	177150.0
0.0496963265028405	0.7794576819518566	0.9745174647699192	9.959014435382043	4841.0	0.0002065688907250568	2.319664401140842	0.00045860612898015015	0.9766312696186469	3.227710042241591	8.0	1.4502145133463202	61.27325689977174	1.6338620102526826	202612.0
0.04973004120857597	0.795594164012716	0.9088425588354653	6.827322973207425	4868.0	0.00020542317173377156	1.5769933678379113	0.00012258881384765284	0.9316929569007328	3.1676907329248287	7.0	1.443479209492247	54.946459850066404	2.1638407502332786	174720.0
0.04971017896875461	0.7596167142051474	0.9447505308470548	8.17307141629918	4862.0	0.00020567667626491157	2.0665434768045383	1.0546693161298735e-5	0.9553939522328677	3.0556453939376294	6.0	1.3028217665330122	55.80116960434478	2.0793044927204196	180609.0
0.04978991022585553	0.8527004600266169	0.9235126094759161	7.875977389830979	4897.0	0.00020420665713702266	2.2510159268474577	0.0006900493889423788	0.8881700870596129	3.7449848076493915	11.0	1.5689530101630873	56.953941808808466	2.1051917976027186	193583.0
0.0497087033440782	0.7617955444086484	0.9518378700576197	8.482941801440207	4861.0	0.0002057189878625797	2.1300240423816144	5.6271672510106594e-5	0.9556361348433671	3.058505578710021	7.0	1.350512997732339	55.876732680238646	2.113513129305383	175135.0
0.049704775786070146	0.7982454120231619	0.9446093287812036	8.699117333739157	4866.0	0.0002055076037813399	2.3760819047028066	0.00014205095980233723	0.9143104548053502	3.439109895574341	9.0	1.5838385088127584	56.72013240403204	2.0963105981723884	179997.0
0.049678058247275905	0.7530491767706371	0.9493237930492215	8.849106733852496	4889.0	0.00020454080589077522	1.8872010512702282	0.000602746603125624	0.9608101378623474	3.1456106573422074	6.0	1.3506228836263365	57.89917391147505	2.006869056113347	188303.0
0.049648449704437804	0.7958950181116592	0.9212613356424146	9.622909728308501	4832.0	0.00020695364238410596	1.9975987324966527	0.0006778450726720935	0.9567835974680655	3.2838679207247887	9.0	1.4729178927052387	59.60685794084042	2.0756761337067067	189649.0
0.049779301872987534	0.7859613080974123	0.9096872809601063	7.560400940816104	4872.0	0.00020525451559934318	1.9427399031471384	-6.129065895831042e-6	0.878779003761316	3.4367417064279806	10.0	1.6218995451833769	52.65859696658121	2.2923691288441383	183215.0
0.0497032214064215	0.7854030756692254	0.9089315341405731	7.608888336646786	4872.0	0.00020525451559934318	1.9438957104002024	8.283344164215717e-6	0.8789651453130721	3.4426411645204946	10.0	1.625259247695329	52.867894102636804	2.285399158463382	182485.0
0.04967015429146366	0.767564451155353	0.9763392040446374	12.615515203610187	4854.0	0.00020601565718994644	2.6588826593503807	0.00036525595148107913	0.9000756706414542	3.37391605209184	6.0	1.4031778106429975	54.44706359890015	1.9296264211323093	163208.0
0.04971002021813196	0.7648662675725016	0.9489234671576354	8.360836773694729	4861.0	0.0002057189878625797	2.1233984832543293	0.0002662897866839481	0.9545072983032439	3.072779361991312	7.0	1.3647891336595803	55.988018868811906	2.1168532587771645	176467.0
0.04964291169144229	0.7702484895051445	0.911921774480663	7.9369460257980835	4866.0	0.0002055076037813399	1.8526216914765903	0.0001473307479493463	0.962892555825102	3.1290024887334367	8.0	1.430634153220741	57.95573638645437	2.2329378902726025	192932.0
0.04969674138568381	0.7934018736735612	0.9090086404808615	7.94367923427104	4841.0	0.0002065688907250568	1.7716514391554923	0.00020216204335219017	0.9501974370747589	3.254605138997707	7.0	1.4779901121458614	58.33824354761746	2.1445545688067487	196746.0
0.0496857367717542	0.7969854471467435	0.9230085870073533	9.926023397083476	4832.0	0.00020695364238410596	2.032845703792349	0.0005643964825251531	0.9606494479541534	3.3149545954074844	9.0	1.485849854671402	60.59536241300979	1.978961059560257	198216.0
0.04963453339089562	0.7703202261221392	0.948786719673005	9.5486453305528	4844.0	0.00020644095788604458	2.155222288995876	0.0002897799061762977	0.9400520371178054	3.3723394370292215	8.0	1.523916798228671	59.11639951355576	1.8569663774936798	195569.0
0.049703371389491526	0.7940661963810698	0.9511715406796846	8.641500687840182	4877.0	0.0002050440844781628	2.2676438159275207	0.00017900066111480097	0.9083299867012522	3.2940458461786397	8.0	1.483113000365016	54.24253323156438	2.126546862671518	181734.0
0.04967746799265865	0.7702462829933436	0.9776221986194011	12.443880249656194	4854.0	0.00020601565718994644	2.649710855661702	0.0004024968753303189	0.9000869315169134	3.4133416537448156	6.0	1.4110179904509983	54.8681054490647	1.899878502460678	167071.0
0.049576764323887176	0.7737803194606846	0.9642899884313125	11.66180875228657	4862.0	0.00020567667626491157	2.2798723247317807	0.00047757567939030117	0.9920382165605095	3.42688006890117	7.0	1.3924414461007706	67.45848832630257	1.3137392702908344	193168.0
0.04960295937113363	0.7715132891069332	0.9425996284613395	8.844431135837103	4835.0	0.00020682523267838676	2.02193465194248	0.0001062990691150899	0.966344845656928	3.2758439073829972	8.0	1.4893278169355926	60.962900663005726	1.9580941682074515	142491.0
0.04961538022170556	0.7605568141528112	0.9635057350531491	11.21915422398779	4833.0	0.0002069108214359611	2.6180343334468446	8.604148505647453e-5	0.9541304987185413	3.5357478716315103	8.0	1.62531537119245	63.523809266979846	1.618385868248591	159174.0
0.04958920312320961	0.7490613516747022	0.9506734057584331	9.654090622497145	4698.0	0.00021285653469561516	2.33941410897267	0.00025586753035344834	0.9540874202501652	3.302992102197965	8.0	1.539499998580468	59.84027638567118	1.9503424223493475	128071.0
0.049631640041281594	0.7537600686052757	0.9546789422398441	9.838530394584206	4694.0	0.00021303792074989347	2.356870770574613	0.0010257989367442842	0.9469540674036491	3.389658656274807	7.0	1.5443326827302204	60.13980343540261	1.9238456173685465	170091.0
0.04964806785538282	0.7397470071896205	0.9169508337981317	8.897397673137375	4708.0	0.00021240441801189465	2.150268767526919	0.0005380319630808755	0.9368222154682663	3.163645848019174	10.0	1.4480298917085839	55.565816012299074	2.35211875488767	138231.0
0.04961759876007897	0.745114484618899	0.9600092302992874	11.223628282514605	4862.0	0.00020567667626491157	1.9703636555770871	8.915166481673648e-5	0.9763805605912704	3.269086785782773	8.0	1.4388640487544706	62.084535921114416	1.769460445202273	206268.0
0.04961679158163985	0.7772734843869875	0.9559317229297106	9.484490229744093	4880.0	0.00020491803278688525	2.001237437099858	0.00044569548536961393	0.9734533911922777	3.2678487945891366	8.0	1.4693827867447538	61.705373495215554	1.7647777061482322	202618.0
0.049651597161042296	0.7718036380316482	0.9537662522800981	9.482026670102428	4921.0	0.000203210729526519	2.103751010153146	0.00013751762216985508	0.9487589462463835	3.3323300313508164	12.0	1.4486724509701867	59.430102226332856	2.067158797987473	185067.0
0.04964979390934734	0.7659938125083656	0.9399354858955915	10.508605089190088	4874.0	0.0002051702913418137	2.3478427243673505	0.0004728636556700586	0.9398826325586466	3.3860997887596325	7.0	1.537799724483465	59.280578371232934	1.8442219357182663	205791.0
0.04962514874484002	0.777338849632932	0.9475467757718249	7.969619973486522	4889.0	0.00020454080589077522	2.046480568057107	0.00044679618231104084	0.9572278336365249	3.374726502355842	10.0	1.591259473757488	61.34688337221266	1.9025557158274626	195031.0
0.04965938170891567	0.747591183971985	0.9448953605422485	8.906267723294349	4912.0	0.00020358306188925082	1.931436673317706	7.997407313271748e-5	0.9562179532004924	3.1706236654228586	8.0	1.422998711172504	57.94422620167855	1.9999301110802408	179367.0
0.04963931851613483	0.7536519027638645	0.9569050449586538	10.81767555827811	4889.0	0.00020454080589077522	2.2733768103883887	0.0004211362659043906	0.9751438414197607	3.1836306372713263	7.0	1.3104825889442275	60.469626572889446	1.8880814443316283	177437.0
0.04969712266735068	0.7409807405640281	0.893101070785804	9.431122884976928	4922.0	0.0002031694433157253	1.928685983696283	0.0008727983865229889	0.9238529838281564	3.0751251861967908	8.0	1.3524399111091123	52.93056834769915	2.283037193024728	121540.0
0.0496322054766331	0.7577005228939618	0.900267710738547	8.019047051283962	4843.0	0.00020648358455502787	2.0431532930779137	0.0004284050578692207	0.9496887862664392	3.2135007671533797	7.0	1.4495076867613448	57.91119494515018	2.1874203570625204	129432.0
0.04962975191117875	0.7630712898937178	0.9813962460372041	10.199766395871832	4700.0	0.0002127659574468085	2.854957023515893	-5.268835648040756e-5	0.9176895851854336	3.6882664239727645	8.0	1.639887574643281	60.46091740295713	2.061160322043949	139553.0
0.04955394663352645	0.7973467271763623	0.9261690592128138	7.385063341513564	4724.0	0.00021168501270110075	2.2441956890341537	0.0002366502424282195	0.9600442852556051	3.4619660093705193	8.0	1.548807704971545	63.234712741374274	2.0769331563345874	126968.0
0.049570169796304984	0.7561509082399562	0.9578209733904689	9.454703113386737	4710.0	0.00021231422505307856	2.442049139904603	0.000674403264561793	0.9726910546931864	3.294523692129826	8.0	1.512440978679496	62.13499006904379	1.9162703420820706	150614.0
0.049577305161387315	0.7625717998478576	0.9650230103004835	7.971564241965453	4720.0	0.000211864406779661	2.5355876038902045	0.000515334225634155	0.9294553506863101	3.7034559680262378	9.0	1.724469420968825	62.29219051018641	2.1694768604242864	124977.0
0.04957442843742364	0.7658592067429939	0.9415623046616426	7.667480928531463	4706.0	0.00021249468763280918	2.216198042359682	0.0003589891564796669	0.958282849103685	3.3555687262890124	8.0	1.5438887032712874	61.21615357092855	2.002342907283186	142670.0
0.04956033364995014	0.7654537625899941	0.9792389692720398	11.033966365193686	1048.0	0.0009541984732824427	2.637610984493365	2.598770485659196e-5	0.9848575253832208	3.386613976261211	8.0	1.5129547754879102	65.57597992099441	1.7505624633621115	137945.0
0.04957286484048181	0.7614787966344897	0.984579921715208	11.815036267398549	965.0	0.0010362694300518134	2.791867306924836	6.274812309864435e-6	0.9735935856133725	3.3904514837065354	8.0	1.5451878469591125	64.01222470012272	1.87928673985443	129508.0
0.0496193502330141	0.7664246639143248	0.9800423699767259	10.061494638069705	817.0	0.0012239902080783353	2.812886485926158	0.0003307908060055705	0.9233945597994444	3.6702281558751597	8.0	1.6070646720579125	61.02106018454412	2.152773350942713	121538.0
0.04957667113568916	0.764129818919197	0.9856053292299047	11.889081558257306	1520.0	0.0006578947368421052	2.762420665486819	0.0003703363184746946	0.9747219322705584	3.383659443198476	8.0	1.5417218311337657	64.07911172613404	1.8004731444934314	147231.0
0.04957467376640161	0.7760954464226525	0.9599035790161791	8.982489677320691	899.0	0.0011123470522803114	2.132307762795442	0.00014841611010998063	0.9793258702402353	3.3488476713124924	7.0	1.4789150384313998	64.02736832085793	2.005431957364484	134856.0
0.049612128164940456	0.7019515211176245	0.9694360263740273	10.838385493473154	707.0	0.0014144271570014145	2.601028420518226	0.0010283098505260574	0.9665366095142561	3.244945656927922	8.0	1.4551703217729635	60.435960909783006	2.3776177398418166	120937.0
0.04958590956729602	0.7517710582876568	0.9779669129258389	14.671486139943827	914.0	0.0010940919037199124	2.4755622643940347	0.00044501925693922185	0.993518195937212	3.366067759683402	6.0	1.3551019406712577	66.47398553004089	1.7357619841354752	119984.0
0.04958177319096709	0.759801648765662	0.9844422230715707	11.371224270324321	733.0	0.001364256480218281	2.700361101284335	0.000495011114256229	0.9787499550825338	3.3269613544942995	8.0	1.5383577592169142	63.61699382061962	1.9205824442107773	128113.0
0.04958235767212989	0.7503372603807419	0.9778008967558538	14.47701578883934	980.0	0.0010204081632653062	2.4905256661278328	0.0005209883980958643	0.9915029615085296	3.389878152640397	6.0	1.3615928678991456	66.60773610924534	1.8022931783585534	121715.0
0.04958086009856322	0.695506567288139	0.9497499118148583	11.158495827046847	808.0	0.0012376237623762376	2.332727074015503	0.000747688178530328	0.9634523385724247	3.2539267303141934	9.0	1.4406758775044375	60.24152192303316	2.3912330125155545	109845.0
0.04958703971575797	0.7507944790953268	0.9775848484059179	14.624299839267449	911.0	0.0010976948408342481	2.508250712091431	0.0007082082779338303	0.9923852951135653	3.375730625783926	6.0	1.3555989494157799	66.4998536391864	1.746709218154567	124705.0
0.04958382875600057	0.7613576158175401	0.9832585255541958	11.307371427497698	763.0	0.001310615989515072	2.7754746901449887	0.0006732808786446418	0.9704352685318776	3.421212103756358	8.0	1.5576373867551867	64.07359194103765	1.9222260439667351	128948.0
0.04956218309539504	0.7539775759395314	0.964238938741636	9.538764972820422	886.0	0.001128668171557562	2.415771255559812	0.00034318057946873906	0.9776983699880699	3.456251736951732	9.0	1.5963291296620754	65.73165874047578	1.9967476291392552	122546.0
0.0496189133163854	0.6937067295089441	0.9313674830356446	8.762876668348392	739.0	0.0013531799729364006	2.0425781798339187	0.0003670096703160348	0.9510446728024335	3.1526695969748877	8.0	1.4259997927893404	57.044253928511985	2.5551539489496213	93240.0
0.04955647263886881	0.737875896412505	0.9667284593975946	11.053598488391671	507.0	0.0019723865877712033	2.656923902188692	0.0005857154612511829	0.9819505778138463	3.442449602354041	7.0	1.4573010194315772	66.12303153911769	1.8654673498081134	126537.0
0.04958324564592142	0.745991474552356	0.9770116813871138	13.597956131605184	817.0	0.0012239902080783353	2.477589657448876	0.0005037860341097891	0.9908087427245716	3.350498380024059	6.0	1.3673950483890724	65.78323795608588	1.8829415306152013	128770.0
0.049555842715849396	0.7424502761368643	0.9788812994280733	10.871101832692876	3905.0	0.00025608194622279127	2.5558111876516754	0.00031585057667705594	0.980901674524143	3.4100210796602966	7.0	1.4870829402586454	65.26745652872938	2.0307843066970297	131786.0
0.04958126195906709	0.7627997267513483	0.9646558937986952	9.727724070129444	514.0	0.0019455252918287938	2.389927664449571	7.969363433878847e-5	0.968012868946355	3.2664363845710995	8.0	1.510769124666167	61.083666955611115	2.2854425077816325	115866.0
0.04958301857992987	0.7619494722254387	0.9671586577189981	9.80866683238048	929.0	0.001076426264800861	2.181182329615201	0.00045981362934357156	0.9864583997137268	3.3173095151093883	6.0	1.3904347831208554	64.45383939506895	1.9326891193673794	132001.0
0.0495978446190095	0.7455616663015449	0.9896850815505431	22.057773261721586	760.0	0.0013157894736842105	3.129368499235486	-9.110594772677908e-5	0.9952194789948531	3.4255330476961747	6.0	1.2456080026420853	67.93933507010443	1.6878332939701515	130708.0
0.049582196222349606	0.7416303650937702	0.9753049435699725	12.889319218521388	876.0	0.001141552511415525	2.464836407801279	8.423391413057104e-5	0.9884632667548012	3.341162615361756	7.0	1.3811351409500636	65.23271186304216	1.9409255145458784	134018.0
0.049583888300131544	0.6834312856834394	0.9630003559417321	9.088264841616175	575.0	0.0017391304347826088	2.598746818470213	0.00019153756958441203	0.957493238770371	3.335840528481196	10.0	1.5201921494444504	60.558693352277665	2.611673666502395	107553.0
0.04956871516569631	0.7380519320206865	0.9778908711902222	12.908870066213776	557.0	0.0017953321364452424	2.638634535623149	0.00037341037114449585	0.98831681717138	3.3411015316178334	7.0	1.4057276460577661	65.26944700126931	1.8696080442871594	149065.0
0.04957404300844552	0.7435602761520174	0.9757649675710092	12.915788339260697	728.0	0.0013736263736263737	2.483089561837702	0.00039393643654469455	0.9876846368164713	3.37209030816187	7.0	1.3941683743765312	65.75104423218858	1.961045210858335	125283.0
0.04955698140707706	0.7437521088474388	0.9637938704772893	10.671099162817551	798.0	0.0012531328320802004	2.313366035098816	5.036975537803769e-5	0.9858397172343327	3.393657124585584	7.0	1.2675416491228813	65.93932609243663	1.8666824455523163	148468.0
0.04958494086861435	0.7324537292305588	0.9760503120899444	12.833886332013272	862.0	0.001160092807424594	2.4500881813053152	0.00011107942201690234	0.9889881252787971	3.288272293252211	7.0	1.3696461085258482	64.29966748582781	1.95453060446405	141630.0
0.04954860613188695	0.7359402685697126	0.9616738466726874	8.868833829268658	633.0	0.001579778830963665	2.423607687160255	0.00010950634702227069	0.9738852615040883	3.4746409822551954	10.0	1.6076496422039372	65.45186927039065	2.2726170613213097	114258.0
0.04952448789753397	0.6841180913771121	0.956732253213106	9.195874824435432	2636.0	0.00037936267071320183	2.582311996931176	7.373894781185514e-5	0.9604592590646693	3.3571014559290226	11.0	1.5596070326316969	61.51613446751151	2.5597802655194237	90695.0
0.0495746080826765	0.7368899833980167	0.9757277917273227	12.731042981282002	840.0	0.0011904761904761906	2.5140048711288094	0.0005724423812239241	0.9886796999925096	3.3279308067340656	7.0	1.3873575183282933	65.00808160251677	2.0056798964245743	123730.0
0.049570597260358285	0.722867194684576	0.9723883181723129	13.179694419840567	701.0	0.0014265335235378032	2.7513465350305983	0.0005732622286336753	0.9847850663948139	3.384700475320132	7.0	1.3577243520156168	65.49889138852235	2.0196403367075115	116780.0
0.04952423575122946	0.733306890422499	0.9642881592974014	10.322003733882365	711.0	0.0014064697609001407	2.5453266465339275	0.0003596520985580008	0.9843030249684593	3.39246579382758	9.0	1.4733066741607637	65.60915358876096	2.1244322975175725	110399.0
0.04957786558969358	0.704702046798923	0.9605646772482641	10.937422426409292	553.0	0.0018083182640144665	2.5765966066064907	-0.00012182466288937503	0.9763109857285098	3.229145590735918	8.0	1.3355942751474048	61.36086688495432	2.405169924960039	101307.0
0.04954608552708525	0.7145773599421026	0.9731399509652295	12.815346025212246	574.0	0.0017421602787456446	2.6098647322552746	0.0007710217812548526	0.9831105170791427	3.3529431361063375	7.0	1.340634237499022	64.68297178543311	2.1877336723765786	121476.0
0.049529227575092497	0.6769848806143468	0.967316940504748	9.544607275999486	396.0	0.0025252525252525255	2.6111243700050926	6.627045268746183e-5	0.9649962787985975	3.1919317609478486	9.0	1.450332726894617	59.398415777720224	2.6453791441064287	80942.0
0.04956804963451407	0.7309291463605117	0.9801827162339847	11.77794703538786	427.0	0.00234192037470726	2.678850677755566	0.0007287487542517174	0.9736888298002019	3.254344413239392	8.0	1.437936444354473	61.5306650756894	2.5332529623494118	96101.0
0.049549492892267726	0.7063385399698118	0.9487671406743504	7.784851195642015	345.0	0.002898550724637681	2.427386015981236	0.0002226320963286433	0.9599542427186204	3.278420410624328	9.0	1.5065856961482906	60.06668464785735	2.786180999380047	80618.0
0.049540381965525224	0.7009653323167502	0.9485103363420644	7.633228552717747	588.0	0.0017006802721088435	2.40825317913469	-2.2465125048389472e-5	0.9612163389395769	3.2939982264064653	9.0	1.5037321104248154	60.51088671190648	2.789735132797769	79091.0
0.04955132843081505	0.7026248714926604	0.9480208294333763	7.81281944649397	387.0	0.002583979328165375	2.452610287439125	0.00025744380188485804	0.9589540030244675	3.327792731596682	9.0	1.5494127701005134	60.72865764369873	2.768712395551846	82558.0
0.0495510864506429	0.7018995517212987	0.9729701132960021	11.810215372456037	409.0	0.0024449877750611247	2.5661223797328434	0.0005717913108631417	0.9815910274775361	3.2366350344590678	6.0	1.320443413262801	62.31709929532351	2.3717169505335662	90034.0
0.0495599162352641	0.7234253958583076	0.9830683910259223	10.976993558922253	456.0	0.0021929824561403508	2.752551996875801	0.0005496263514390213	0.9678356301499633	3.1766279203099708	9.0	1.4394273696581024	59.44694876026601	2.6389718924983008	89853.0
0.04955183109470607	0.6844554859723255	0.960113964749681	9.825213134407885	375.0	0.0026666666666666666	2.5882847136468095	0.00028330391748464847	0.9719180378016714	3.19999517845089	8.0	1.3324740349135726	60.36037194431757	2.6134866466238353	77805.0
0.04956881578402694	0.7138209612662872	0.9736151966569698	12.095720584071513	459.0	0.002178649237472767	2.5875403323193265	0.0004260434923870342	0.9834077549312787	3.3128444593119863	7.0	1.3454956778493907	63.934007361162635	2.225468849010938	104155.0
0.04955100579058552	0.7088119467339378	0.9724800958459693	11.9163242510073	421.0	0.0023752969121140144	2.594758051107207	0.0005474842418738916	0.9799721317426289	3.315939785846479	7.0	1.3430100086681636	63.38507082071555	2.41539375662488	91341.0
0.04951935528038646	0.7119078332583605	0.9520483522043585	7.172722607760727	284.0	0.0035211267605633804	2.308229296577827	4.5353602897025026e-5	0.9614241326409814	3.483567978564629	10.0	1.626885828064098	63.6483789091061	2.725244263960398	75673.0
0.04951784020972572	0.6841911906572327	0.9766075319622914	11.025718580437013	329.0	0.00303951367781155	2.9155449606089525	0.0007113295210159332	0.9767366151308206	3.456444982001109	9.0	1.548453329303217	65.53790821541938	2.686917674498622	73951.0
0.04952121707297032	0.6730963133716115	0.9769078652561031	10.691964603027934	322.0	0.003105590062111801	2.9229857414936866	-0.00021220138667769073	0.974021145465999	3.4207523770152957	9.0	1.5337618667679984	64.38039786639843	2.648472835453498	80411.0
0.04953667309269199	0.6873523776088838	0.9452040078907791	7.238215131496946	284.0	0.0035211267605633804	2.3910640148191327	0.00046363341546350005	0.9561449767899113	3.284204406005496	9.0	1.5138282471501838	59.711625951082276	2.9831403725936942	62347.0
0.049565932104642066	0.6691274783823082	0.9651454419965588	8.115815860819335	346.0	0.002890173410404624	2.536671223975432	0.0006544061160655282	0.9516057431523828	3.080277845517263	9.0	1.391555881065135	55.86376539756207	3.146908251991721	52191.0
0.04953713226071589	0.6861842261834925	0.9693184205084451	9.958580079627957	271.0	0.0036900369003690036	2.6069617608622835	0.0003034599593833394	0.9715760233299194	3.2671023237477823	7.0	1.3736357956417355	61.425494874759934	2.703525640055434	76868.0
0.04953264170917761	0.6768170488299636	0.9472521641181239	7.204637745753479	294.0	0.003401360544217687	2.4047194500651665	0.0009198065780719476	0.9566574100902109	3.2675934960705657	9.0	1.4996432330350518	59.38707566361921	3.021288134276368	57341.0
0.049566333628989094	0.6707265520964186	0.9663883789918458	7.801726505787718	289.0	0.0034602076124567475	2.517921588149403	0.00017755689578272726	0.9503464689652268	3.0700279745533625	9.0	1.3921778764634096	55.65185558568812	3.164361691853667	56371.0
0.04953342189807634	0.6817681795827083	0.9701514897386586	10.050457167920644	291.0	0.003436426116838488	2.662466508152132	0.00024445203827074707	0.9705618456898784	3.2732869452514457	7.0	1.3833643582378805	61.44627996742094	2.710059647619481	82106.0
0.04954446002534087	0.6417511282474437	0.9671195440247485	9.355804595894503	287.0	0.003484320557491289	2.665155851499259	7.888963354899367e-5	0.9583222307432344	3.160652900245695	8.0	1.403822454677396	57.96471373408972	3.0544566306837937	61458.0
0.0495121278421399	0.6909150056780174	0.9530323476365335	7.19270928965762	330.0	0.0030303030303030303	2.36892151105744	7.5177937296439e-5	0.9600479764886011	3.461841458849951	11.0	1.6237316559308532	63.06369129914716	2.9307772206827924	65565.0
0.049468662706933474	0.597794659596712	0.9603368375850105	7.939338111695332	269.0	0.0037174721189591076	2.5421101779583397	-0.006013661943819107	0.9605718821621498	3.3835582688511816	10.0	1.5176295695311062	59.8324497963322	3.1089661800462483	43896.0
0.049512838555779655	0.6651125881589615	0.967701673584409	9.726905924824804	388.0	0.002577319587628866	2.694936529620488	-0.004275842955841338	0.970840660072872	3.425206985918077	9.0	1.471483799148418	61.91951225935583	2.9866924479047063	60050.0
0.04952523032394415	0.6278718358293957	0.9684750113732371	8.992773520004828	282.0	0.0035460992907801418	2.6783725832547214	-0.0001073655082896665	0.9553641060635601	3.123255474258701	8.0	1.3803945181986979	57.031501324767284	3.009833210132895	61987.0
0.04953691497570285	0.6773987894291144	0.9707466417965107	10.898256770090999	353.0	0.0028328611898017	2.6364990064378455	0.0004688900806188433	0.9720511856456231	3.2483798065286384	7.0	1.3578008068229142	61.29204328805901	2.7519015293850098	77974.0
0.0495558897039662	0.6202259983534492	0.9675868221727847	8.273873047634929	421.0	0.0023752969121140144	2.669827025066248	-0.0020498837283811407	0.9475873746886004	3.244497117802853	11.0	1.4876089910471275	57.26224863652095	3.345268184024453	46154.0
0.0495424782849527	0.7119943595444672	0.964601438661589	7.198749013177871	328.0	0.003048780487804878	2.407575581657919	-0.0017673829076248898	0.9666634117761937	3.3710424830944468	9.0	1.5541851179474082	61.76150407843784	2.9209879491257076	68655.0
0.04949629260616496	0.6038496117738051	0.9704246492120062	8.23419064946521	323.0	0.0030959752321981426	2.6357251677556732	-0.004713353870292452	0.960059387863174	3.2592686544941185	12.0	1.4638710499580638	58.55922105309728	3.2166985091428937	50915.0
0.049559166583719116	0.6926189116713174	0.9702025970317782	10.126473178000541	265.0	0.0037735849056603774	2.7551414832855317	-0.0003107654475257904	0.9718184413915729	3.2181509029518183	8.0	1.3951463463682579	60.627802969437525	2.877364149869228	68299.0
0.04950324682206677	0.6227907686385743	0.9540897398326332	8.758477932714582	384.0	0.0026041666666666665	2.5305601346289275	0.0006775527606575876	0.9530534661847546	3.2870057639233985	10.0	1.4553769212051129	59.32259468872442	2.9698773849709132	55998.0
0.049499589067903735	0.6644001427277616	0.9630913417417223	8.258911035894865	294.0	0.003401360544217687	2.5980754470333034	4.5629719377009635e-5	0.9649673924519414	3.415706499241065	9.0	1.5527975150378848	63.054163212435235	3.0003788665234215	55397.0
0.04953965631649263	0.6667346666702788	0.9695503926435285	10.424639076034648	311.0	0.003215434083601286	2.6261215319728635	-0.0004261378912658359	0.9702811571794767	3.218538183918781	7.0	1.3509661177161265	60.46188481362813	2.874219512487759	69361.0
0.04945469768207193	0.5889461806490616	0.9646499490316004	8.060331434489902	375.0	0.0026666666666666666	2.5299674535646135	0.004807145130080493	0.9603498470948012	3.3488001091973145	11.0	1.491376579038486	59.986362049512515	3.202827209295008	44337.0
0.049549750311722485	0.6790920252364853	0.9709204826959142	10.40272912636587	284.0	0.0035211267605633804	2.656527117285067	3.640950022079339e-5	0.9674762563903208	3.239059760175131	7.0	1.4111442217035395	60.46171381126747	2.9851115451344175	65108.0
0.04949248912937435	0.6276321277605624	0.9643050306268734	9.226113656909504	241.0	0.004149377593360996	2.563672728442323	-0.005147015855792202	0.9646772774664407	3.288612874382855	10.0	1.4113829122711408	59.697643197342074	3.117941935613489	49158.0
0.04947222988353755	0.6034930036721152	0.9607149128226472	7.996008119079837	266.0	0.0037593984962406013	2.5689702975350963	-0.0037255597953690183	0.9602133422645951	3.3006111140606533	10.0	1.4655875677059738	58.751151626462395	3.0963141363197226	51471.0
0.04946292500792485	0.620920203919843	0.9587966609428482	8.23542594615794	404.0	0.0024752475247524753	2.407167784455931	-0.0012889210051963238	0.9636627219610356	3.3543582408101176	11.0	1.4434406337110752	61.11492985920812	3.121792059047464	49265.0
0.04945066467920285	0.5883107403962317	0.9591974880724218	7.22086469627574	368.0	0.002717391304347826	2.406925411831495	-0.005912915080571951	0.9533368674305753	3.301551167047021	12.0	1.4829925950543428	58.070954593785686	3.2157587061695376	47064.0
0.04953040743907539	0.666920991854878	0.9433803536531192	6.328439505741606	252.0	0.003968253968253968	2.317474194029526	-5.9003886034595124e-5	0.9460465017890936	3.251175015028449	10.0	1.5126887039142778	57.85087020029405	3.2833648201252994	46261.0
0.04946817240109476	0.6098167371999527	0.9574532380412373	7.142876189321859	263.0	0.0038022813688212928	2.50770738727335	0.0018156162249492016	0.9550674155295357	3.4144038706154998	11.0	1.5755262378370196	61.50637513999463	3.2300542775936196	42372.0
0.049557478152096816	0.6240406358370019	0.9707467045224093	10.355197120210446	259.0	0.003861003861003861	2.8406635197502013	-0.00017328340211202585	0.9564996958020685	2.991533765989943	8.0	1.2566570826445604	54.96473473701803	3.1297433492646944	61984.0
0.04948005407363397	0.596349391356176	0.9651757277072635	8.506611665277259	277.0	0.0036101083032490976	2.5528207071926454	-0.003343321788929255	0.9559828634703919	3.2581982703039194	8.0	1.455057122635901	58.10592640969007	3.132476335140188	44939.0
0.04952583985268247	0.6660591078720728	0.9637186546733181	8.733764316920533	363.0	0.0027548209366391185	2.5310497274498402	0.0005823104660156115	0.9630859257304885	3.2852670585228725	7.0	1.3912192896293243	60.43094046854822	3.1043895552648437	51948.0
0.049489344650233136	0.6349756133918577	0.9626914912162086	8.55126553884893	281.0	0.0035587188612099642	2.5301508557242673	-0.002652062007410477	0.9622475362536066	3.3020540401527394	10.0	1.4393482261845874	59.64601321994317	3.187091549676531	46313.0
0.04951874176763289	0.6562167283950278	0.9611072470472489	8.269221066793733	254.0	0.003937007874015748	2.479456542301293	0.0012778595635687803	0.9623973195160925	3.2519332698541996	8.0	1.39542286387779	59.70831767846549	3.0517547429202136	57458.0
0.04947577737304231	0.5997412260457968	0.9616074632221027	7.7451559934318555	285.0	0.0035087719298245615	2.4456345836190843	-0.0031606196830487898	0.9555093453371172	3.274649540545979	9.0	1.4751242870371608	58.483049453718905	3.178728716960551	51122.0
0.04955836256866088	0.678959298110458	0.9689739870795249	9.53315988571611	364.0	0.0027472527472527475	2.7261653401827077	0.0004181470747615773	0.9668738420405395	3.206108615541867	8.0	1.3973917409377392	59.6786624633539	3.0484691480030204	45725.0
0.04947685024071759	0.5777437691172123	0.9644546399372173	8.333041995009657	292.0	0.003424657534246575	2.5946354882521296	-0.004336524888937379	0.9546529897684314	3.319868252329131	9.0	1.4766187387037204	57.648140889515155	3.213606015337694	46484.0
0.0494828480420981	0.605236318097288	0.9574863808409159	7.589645192133757	262.0	0.003816793893129771	2.3932554173191116	-0.0022601196083726987	0.9580006650648601	3.2386254363704996	10.0	1.4018767938405547	57.87820281134306	3.1901960877495226	40751.0
0.04947080532881884	0.603164085557083	0.9696666812937492	7.6722561563685465	201.0	0.004975124378109453	2.6332025663232175	-0.002637488322433374	0.9576521582260275	3.2863018817414194	11.0	1.4956092586346155	58.130075790252015	3.2163559801457167	49544.0
0.049449968852301136	0.5905288992292332	0.9676692122094637	7.605843256004927	277.0	0.0036101083032490976	2.4463037120134783	-0.005157631070693024	0.958849053338862	3.368523074629091	10.0	1.5417816511996218	59.79776341292634	3.3032562325563006	41890.0
0.04951447526971067	0.6507290870680258	0.9761505745144043	10.94436134116531	278.0	0.0035971223021582736	2.972306718645227	-0.0010074953226917541	0.9697749452494769	3.2644304234238675	8.0	1.3563090485492941	60.82775865019681	3.040714411873998	55317.0
0.049506276460993544	0.6379743909483221	0.9644599200991513	9.227289725451088	347.0	0.002881844380403458	2.5701884236498267	-0.00025018585462602754	0.9656349804808058	3.293352589115854	8.0	1.4019046519670564	60.73715581666377	3.0885089190689183	52727.0
0.04952064015829696	0.636044707503022	0.9488403620807644	7.833112440928016	222.0	0.0045045045045045045	2.550833869655297	0.0005122243552447043	0.9588207726162638	3.185005925447102	8.0	1.3936894336902568	58.44349416887252	3.125864754017145	50465.0
0.04946564011516857	0.5901084176548965	0.9509655146559045	7.063586614363892	240.0	0.004166666666666667	2.3433715423458166	-0.0017528966276532862	0.9481644056221037	3.33130318752935	10.0	1.501643630282289	58.63302554345427	3.2976679002316596	41879.0
0.04947983058513919	0.6081900372865066	0.9570788175654206	8.081552623250822	232.0	0.004310344827586207	2.444926030719864	0.002609539569115988	0.9578080214051881	3.264777271717396	9.0	1.4206992715765563	59.11460872984664	3.1711003101547686	49412.0
0.0494785604067281	0.6134137900156565	0.958677820084592	6.22903001286567	199.0	0.005025125628140704	2.392959386269083	0.000559904499744456	0.9480965179652479	3.3322751594391393	12.0	1.556602501171616	59.258413743261194	3.359309628919969	42164.0
0.04949168285267148	0.6294010157910597	0.9593682289884822	7.5901451292759	257.0	0.0038910505836575876	2.4568116521363974	0.0011938886503843544	0.9580486453904176	3.2913702685912254	10.0	1.4534135414183365	59.72112820436633	3.268742877834687	44756.0
0.04950602748893256	0.6096089811711347	0.9573648757199028	6.141728348792904	206.0	0.0048543689320388345	2.3679014118537536	0.0005850643033667884	0.9468744573851604	3.2422228581430432	12.0	1.500985512460607	57.59632551800254	3.403814445799456	43750.0
0.04948607444439336	0.6069609024366628	0.9554109604670799	7.244209901871122	282.0	0.0035460992907801418	2.4165050542527147	-0.003558048815963625	0.9546538465299895	3.346475791061491	11.0	1.494471489722839	59.94012608187835	3.3456147214032503	38167.0
0.04950062299966274	0.6283407925739044	0.9632950451804537	8.64917860581833	222.0	0.0045045045045045045	2.6860626193333204	-0.00011919966060319063	0.9625329652384302	3.2616054664486254	10.0	1.408866143636243	59.954481042835695	3.0595990148661967	57512.0
0.04946989730459242	0.6091451456334495	0.9588107420830224	8.204833525802457	246.0	0.0040650406504065045	2.6183926032639384	-0.00202101260812241	0.9609162996167723	3.353596740604554	11.0	1.477507889336883	60.70893682861282	3.2115515436011863	53941.0
0.04946523697681712	0.6032393464852621	0.9594638648284766	8.268478718921196	273.0	0.003663003663003663	2.4863609349875664	0.00010835662005507094	0.9605258010568832	3.32385448658832	11.0	1.4520950065030735	60.54121935838846	3.223917150373294	53014.0
0.04945884859021648	0.5956645918027751	0.9666891905125644	7.347231181461817	289.0	0.0034602076124567475	2.4074723327971905	-0.0019401012129670082	0.9573067029659661	3.3634867430704696	10.0	1.5409728966680778	60.06490378546506	3.2953967029738624	48293.0
0.04948620017109192	0.5903029359753567	0.9539723866906065	6.975197159943771	261.0	0.0038314176245210726	2.382665325979426	-0.0037584156307799857	0.9486910235563623	3.2612887868264813	10.0	1.4639404559707667	57.799331691874784	3.126100890571754	48689.0
0.049483259186998106	0.620334647897796	0.9615291902562332	8.450742935669501	295.0	0.003389830508474576	2.5465637964616894	-0.0026850556462776985	0.9609118982624615	3.3208355379436894	11.0	1.4723543776096075	60.60571940712177	3.2957448773835725	47341.0
0.04946757517925547	0.5878116259501575	0.9532558257039987	7.6166488682832805	202.0	0.0049504950495049506	2.404470708451052	0.002169747599822462	0.953098539438105	3.271487554757389	12.0	1.446581851657801	58.955861695589824	3.1910386680622604	45349.0
0.049479669329798616	0.6218396935563737	0.9582682207857176	7.510293479093765	221.0	0.004524886877828055	2.4641615817895732	-0.0010060581904093723	0.9570713448843944	3.33381486074965	11.0	1.4826122077062611	59.692112334554	3.2442546300576107	47539.0
0.04947684736133855	0.5971277245788548	0.9564651281031735	7.142278253039172	290.0	0.0034482758620689655	2.426104685148791	-0.00024591692770258624	0.9528596291673049	3.281174945568001	10.0	1.4672078014068377	58.790694833340666	3.1983957142582793	49111.0
0.04948224941524782	0.6103296730491182	0.9566637825824122	8.29401876024185	252.0	0.003968253968253968	2.4581494471358707	0.0008925883674742096	0.958246770070049	3.268438471734763	10.0	1.4180374342704112	59.49083405766233	3.171699411897971	56051.0
0.049482043119962606	0.630466397133771	0.9547318740336886	6.551872410288484	208.0	0.004807692307692308	2.3290706795269958	0.002071041923473682	0.9574188298478314	3.3307440140865006	11.0	1.49181221319728	59.669848671695966	3.268431245111629	47376.0
0.049484103851664435	0.5941405078789025	0.9556552002815543	7.867999195117044	214.0	0.004672897196261682	2.4999992480575184	-0.0017022252091911444	0.9562328101985218	3.3445764387746086	11.0	1.5079986893250092	59.918406817488076	3.2955862548993404	46707.0
0.04945249780491168	0.585437614437161	0.9539915610163302	6.8965618848932735	301.0	0.0033222591362126247	2.3745754414769906	-0.002740976109296829	0.9518557285960244	3.37500433571123	11.0	1.5223386869171667	59.7870796951282	3.3738067806952685	45981.0
0.04947639523750757	0.5936411969657893	0.9529731298317232	6.8322638708697125	182.0	0.005494505494505495	2.362152347058552	0.0010190477629463829	0.9525720825440093	3.3489633036724986	12.0	1.512863927429624	59.730971990132886	3.4031848980154873	37287.0
0.049460003952514806	0.6227736560891085	0.9666637394375818	7.0724356609992025	281.0	0.0035587188612099642	2.5403518537463046	-0.0015339874945943042	0.958894385574615	3.4408899263257715	9.0	1.5917014489601873	61.8552591253377	3.27565214850058	49362.0
0.04945885029968667	0.6060498500292398	0.9608100142959024	7.3435753842324685	181.0	0.0055248618784530384	2.544294038587965	0.002733990045444125	0.9560669660447895	3.3536278899753267	11.0	1.533590865512308	60.69387351184511	3.325935499334346	52896.0
0.04945080462383564	0.5824273386355789	0.9501453557097973	7.393846349045233	229.0	0.004366812227074236	2.3704595424434323	-0.000306401488835007	0.9540446061862998	3.335741914151909	12.0	1.488735506219871	59.65526894819935	3.3521409793464714	42428.0
0.04947607259727804	0.5858755662977775	0.9468559970002771	7.171156932954686	257.0	0.0038910505836575876	2.3478115376949247	-0.0022681183402332586	0.9518487422357716	3.3511041597910776	12.0	1.4983228555464048	59.75759984697211	3.42622638874643	36226.0
0.04946330191273022	0.5850701535863516	0.9534979249459639	7.302017276676486	215.0	0.004651162790697674	2.4055751986795553	0.00018497933067896375	0.9542135170291355	3.3020216378425333	11.0	1.487006752317789	59.173441246854644	3.354047297008492	48156.0
0.049486064489694864	0.6062982974587623	0.9579594954814381	8.008465364024241	205.0	0.004878048780487805	2.614211185613683	0.0014140782484653798	0.9592541122163708	3.2568733168513533	11.0	1.4313288643816906	59.094024958165875	3.26339195159171	40647.0
0.04946193124233533	0.5978721269652874	0.9528820903040292	7.400754564099967	295.0	0.003389830508474576	2.398482973533448	-0.0013157928831491637	0.9552049763554651	3.377003359823883	12.0	1.4974495309177462	60.470957163043394	3.364682512815241	43312.0
0.04948805460750853	0.6170700299944413	0.9575779792598386	7.805405046480744	201.0	0.004975124378109453	2.4812810717836173	-0.001492902307214818	0.9548074651547366	3.3008428872761475	10.0	1.4537050328308385	59.52810412716572	3.318153785179866	45821.0
0.04947539606327337	0.6084417878458172	0.9571336379695842	7.147582480437137	169.0	0.005917159763313609	2.425950532794652	0.002104608133601835	0.9546313075674513	3.318726984306838	10.0	1.4893580076315847	59.58724493081736	3.2515391350864795	48761.0
0.049459834922907855	0.5766580939616953	0.9497746297488732	6.618106434940649	173.0	0.005780346820809248	2.3360765846421736	6.4561949957667426e-6	0.9493075876009683	3.335081037741252	11.0	1.5174226693794188	59.41058440855453	3.4562300654121594	38897.0
0.0494705272404506	0.5804411126179303	0.9655139856781707	7.87919284774898	180.0	0.005555555555555556	2.654777480707306	0.0017919896663600575	0.9554579387830515	3.3281893674991707	11.0	1.4920866400331942	59.88696179382181	3.366248117338916	37542.0
0.04947540563578284	0.5871936546697739	0.9540936418231939	6.981101351431662	176.0	0.005681818181818182	2.4997494425954763	0.0006957176156054274	0.9504151227824517	3.215554102180795	12.0	1.4579332599182033	57.59487570244785	3.3438111768710206	42131.0
0.04945161090053851	0.5906440949652425	0.9488385591513908	7.424397836293121	294.0	0.003401360544217687	2.3674591874177207	-3.5835013312625326e-5	0.9562488892657007	3.36439017814376	12.0	1.4998877274488338	60.329996929535355	3.424555455838068	47588.0
0.049476852369916405	0.591185084636304	0.9567882840855246	7.945385707524847	235.0	0.00425531914893617	2.562392735571312	0.0004353104551171004	0.9538801476538699	3.3163312962968203	13.0	1.5294252012793517	59.18617021276596	3.4298689307001884	38320.0
0.04946590943004797	0.5826358896135849	0.9458063737639907	6.233050710854638	222.0	0.0045045045045045045	2.2178610389474858	-0.0002009345806441546	0.9429650199587779	3.294103741341597	11.0	1.4918310552570284	57.82778345250255	3.4132365578293924	38620.0
0.049471547910615865	0.5995777899198236	0.9532842825881768	7.197313872194284	168.0	0.005952380952380952	2.5449870480214454	-0.0001888032935734834	0.952956934658754	3.3085938932115773	12.0	1.510131321959287	59.47093943476372	3.344637708786278	47248.0
0.04947785930171746	0.5915773103621038	0.9561316490336452	7.922552605649962	211.0	0.004739336492890996	2.532630556968493	-0.0006369035602159908	0.9553701305576596	3.3051371349033265	13.0	1.4821783136840225	59.82500364452198	3.44117847815174	37946.0
0.04947329974384589	0.5977473077469735	0.9528798797917869	6.950405953187595	218.0	0.0045871559633027525	2.3860281960961474	-0.0010963278356803067	0.951833598977839	3.347971888471063	11.0	1.5086159258319882	59.51753878830135	3.396892694160439	38844.0
0.04947044670982464	0.6123844512779215	0.9683724397938487	8.605317594641901	177.0	0.005649717514124294	2.7639404145372857	0.001855277659694674	0.9618178888046023	3.3799775755252877	10.0	1.5072561171246206	61.49537340917043	3.3181355862244337	44924.0
0.049454594124339155	0.5842445764719764	0.9474689013156822	6.755111529564925	163.0	0.006134969325153374	2.301221623361338	0.002385995785338773	0.9483639565026004	3.352755211140154	11.0	1.5160456780735898	59.276581572741	3.4846011075541696	37066.0
0.049468067122716466	0.6051102493727324	0.9457400292584656	6.039227300122618	171.0	0.005847953216374269	2.272291727250696	-0.0004392998126005263	0.9490637453764953	3.3213920630084486	11.0	1.5144130510087186	58.59308472254498	3.52436318964059	41293.0
0.04946790612608291	0.5985492686528243	0.9463842570066767	6.081173210644638	181.0	0.0055248618784530384	2.275472423618983	0.0005107950699215205	0.9487430047142409	3.326320563912241	11.0	1.5113167074894116	58.988501048808125	3.405159445446433	45270.0
0.04946354379574108	0.5799386071617145	0.9478924367665829	6.712849342583721	195.0	0.005128205128205128	2.3105482922404623	0.0019145346431625975	0.9480440307034773	3.3422904413137986	11.0	1.5133267066902236	58.77235786347814	3.3556073040196273	39962.0
0.049473541008257516	0.596272051886985	0.9443402197559027	5.869806626481654	155.0	0.0064516129032258064	2.2550005586229167	0.0022331197475893017	0.9456793216952413	3.3065339212060874	12.0	1.5082987480926044	58.441198458378395	3.4534077660055162	40970.0
0.04946741392391489	0.5828351766959783	0.9441151111031426	6.603305973552212	178.0	0.0056179775280898875	2.2902074663204512	-0.0009903955333734303	0.9448290137874493	3.318211870300779	11.0	1.500827155462345	58.63354088511208	3.512417104781586	39536.0
0.04947934681911747	0.591644469354075	0.9510149476027291	7.0569400611842665	216.0	0.004629629629629629	2.3640386065839745	-0.0002456172206719746	0.9480060357484474	3.2924043791613493	11.0	1.4696437422736484	58.63139356331765	3.420997048592697	39717.0
0.04946136684864332	0.5851590132454833	0.9500679757569435	6.904504098943278	167.0	0.005988023952095809	2.3516716271709486	-0.0012064844158210274	0.9490972428250529	3.3369775472482126	11.0	1.4901939770199133	58.890992881800486	3.454227151338928	38355.0
0.0494523365495711	0.582976834407132	0.9470165095493216	7.193305097339872	207.0	0.004830917874396135	2.3329338258531402	-8.610522242974074e-5	0.9540582578724431	3.3539327452699874	11.0	1.5040908243504898	60.2416334218474	3.4702341111387662	42899.0
0.04947305786083503	0.5869077555464175	0.9504383155774374	6.8469386557088345	159.0	0.006289308176100629	2.3747881019217947	-0.0006557926860243392	0.9487515462052578	3.318217183505613	12.0	1.4883495217288079	58.92410284008904	3.5171558030819257	34051.0
0.04947181465401525	0.5902665268740864	0.9546649723864914	7.244968102467731	155.0	0.0064516129032258064	2.484026986735941	0.0013933396500673788	0.951519964811104	3.3454466827427014	13.0	1.5165228163759654	59.6393257452843	3.508051434704731	36069.0
0.04947029947337606	0.5924848684991333	0.956430759425342	7.140219700188141	159.0	0.006289308176100629	2.5333749955911866	0.0007661707117702459	0.9522749591899116	3.2842363206118854	11.0	1.5036141399800973	58.6393905205625	3.457646944587692	36425.0
0.04948271923974524	0.5944844907390096	0.9532379826276774	6.760753369427485	185.0	0.005405405405405406	2.5026127772504325	0.0012850633863915866	0.9450342054143955	3.2869724376754776	12.0	1.5076058196765272	58.28553602495651	3.461240665628935	40093.0
0.049464914466135976	0.5791135478333018	0.9507268157353406	7.191086179262729	182.0	0.005494505494505495	2.3789222144665856	0.0012366583546572726	0.9537390504940522	3.308755421598177	11.0	1.480552545408181	59.57895204153358	3.4263709069063104	37684.0
0.049460318688929576	0.5816601489133236	0.9453590483844412	6.61497923985947	157.0	0.006369426751592357	2.3173247249328446	-0.00010198877449786203	0.9468302575145776	3.3437504497580663	11.0	1.5212977056527166	59.084009350998514	3.4899743916196377	34381.0
0.04947334596476648	0.5795110271595062	0.9483781842114266	6.865187089470394	175.0	0.005714285714285714	2.3909882772113553	-0.0013722275255300116	0.9466375281217367	3.2940257811437124	11.0	1.4898260231849485	58.51981042378848	3.562436750891556	33292.0
0.04945056274082477	0.5819906565147569	0.9470374355964261	6.637302739084229	168.0	0.005952380952380952	2.3028251365559456	0.0007327736135510337	0.9499078784321399	3.3810126251708357	12.0	1.5242097229836553	60.211516645931454	3.59997622796313	31695.0
0.04946125666936204	0.5876798601732124	0.9509450072429644	7.047130281477545	167.0	0.005988023952095809	2.4061841223986757	0.00021395114889223094	0.9488690709940867	3.376139980635548	12.0	1.5393516192764338	60.15603351095264	3.580606365294703	34942.0
0.04946649536403729	0.5827185006336417	0.9482618726416017	6.859269298762522	182.0	0.005494505494505495	2.395201532995433	0.002003550159021508	0.9467718862624722	3.3290337919319866	12.0	1.5195066601149663	58.966106579397255	3.524304484086951	35202.0
0.0494833397823008	0.593032614323457	0.9535370447886145	7.11961571202724	139.0	0.007194244604316547	2.4557283843712225	-0.0012305465586190016	0.9482460955123434	3.304776393055512	11.0	1.4936729182701531	58.64985324967997	3.5426010405605797	33850.0
0.04946007680591872	0.5817565450808918	0.948218075828364	6.543150577065851	183.0	0.00546448087431694	2.3495568220188474	-0.0004198787518220431	0.9471764057655379	3.393008242600492	13.0	1.5543563256269222	60.11816450913719	3.574834073219444	33825.0
0.049449433953440744	0.5771957596007583	0.9435844423501483	6.4811961025870755	171.0	0.005847953216374269	2.2715944910084347	0.0028012878528345404	0.9483724274668762	3.387846928968751	12.0	1.5411166940522378	59.91963147727726	3.651900427212219	30894.0
0.049455226421518554	0.5799664612466661	0.9632301336715968	7.612390132163125	314.0	0.0031847133757961785	2.630694142922366	-0.00018947917382472102	0.9566182014176452	3.376305679039308	10.0	1.519284584201676	60.980726430377445	3.634750436908385	32874.0
0.04947447429900422	0.5840458882408202	0.9497754384936052	6.923055001424907	166.0	0.006024096385542169	2.406884495457254	-0.0007942170901174101	0.9471673647051541	3.2982256106554124	11.0	1.500669143393484	58.36758152503334	3.544300817853548	35987.0
0.04947660547832768	0.5889205853411698	0.9489556631461615	6.729300283122436	168.0	0.005952380952380952	2.3536581663822393	3.513696556841989e-6	0.9450657792886091	3.2907454115751156	11.0	1.4897951797649303	58.27121605792267	3.4907262217139885	36484.0
0.049451772155879085	0.574305698582786	0.9713647517262182	9.527473933346126	159.0	0.006289308176100629	2.897765770416452	-0.0008392496410651505	0.9584354390341331	3.4147180212547816	10.0	1.5392473531443753	61.62015629003331	3.599508171028189	31210.0
0.0494670644235344	0.6086821329436964	0.9488216792779651	6.129214428436218	222.0	0.0045045045045045045	2.305760575051067	-0.0007757341939064213	0.9489104033444903	3.4243838674617395	11.0	1.5917642031947052	60.598037196827775	3.623880378735162	31236.0
0.049482093820981975	0.5906434364191367	0.9496509125609808	6.001517933149404	144.0	0.006944444444444444	2.3720269587181524	0.0013811559217245023	0.9433913576920955	3.2804756234515997	14.0	1.5328352919973949	57.81630861355313	3.6661376282542215	32395.0
0.04947829040894755	0.5953937442610037	0.942746278369804	5.690231160516134	139.0	0.007194244604316547	2.23837033779839	0.00039623051176891925	0.9430985113479216	3.2901337223161886	12.0	1.5107227798273606	57.86063134387011	3.5946786058438507	36215.0
0.049462474177854786	0.5797601228439202	0.9597285605667145	7.406357582610881	154.0	0.006493506493506494	2.597448009134244	-0.00011186356114534275	0.9544445113780858	3.3256926794953254	12.0	1.4942610309530082	59.75027074447917	3.5496391719282894	35278.0
0.049446692612650965	0.5700967819722546	0.9444390091183031	6.236519080024119	167.0	0.005988023952095809	2.278813927171148	-0.0012107066525350702	0.9466924953364901	3.347044427982163	13.0	1.5380498550848865	59.15606157321025	3.682455375511896	29255.0
0.04948823620112654	0.6040402671761453	0.952620569606366	7.10874469375379	147.0	0.006802721088435374	2.549071034373786	0.0012022757231627459	0.9497429571226801	3.2925696158310513	11.0	1.4900092222217838	58.594962129766564	3.500740698944498	37468.0
0.049460399316599866	0.5780900303356155	0.9448146687054358	6.465740740740741	129.0	0.007751937984496124	2.308654223015451	0.0004434561686481261	0.9438854855063722	3.336487237922918	12.0	1.5231708425952315	58.53774236878991	3.6670697705336477	32689.0
0.04944637010196982	0.5822033376211727	0.9443880978625984	6.480580514496078	181.0	0.0055248618784530384	2.297005281313313	0.001181522817758283	0.9479314100849873	3.3826924867330788	12.0	1.540450926588267	59.931001934966254	3.6526040604030614	32681.0
0.04947974557659569	0.5834719498803405	0.9485832162493605	6.4055456230599646	144.0	0.006944444444444444	2.4364835645269025	-0.0009853825610455361	0.9432709878097311	3.243746177327327	12.0	1.4974249085531401	57.09503474660632	3.657496919868037	36073.0
0.04947302358355569	0.5897250114516939	0.9491109319127793	6.907509722090486	152.0	0.006578947368421052	2.426167120097186	0.0005881983297460174	0.948969202323062	3.369943450530061	10.0	1.5429357478539023	59.576549597277	3.6709482989571165	29941.0
0.049455239145701456	0.5774086297605479	0.942606353667722	6.365872456619396	149.0	0.006711409395973154	2.2694019583668927	0.0006449392683565928	0.943829905865551	3.3308660230371796	12.0	1.5175733931530506	58.57438510548339	3.607478864799516	33855.0
0.04947592279238979	0.5903379572340944	0.9609846770859444	7.520878448956714	153.0	0.006535947712418301	2.623937698789355	-0.0003106930974646108	0.9544292238929382	3.3143221306564477	11.0	1.48401826177147	59.496906269220034	3.4786654216176798	38741.0
0.049454340584633015	0.5865662762722668	0.9603407229370825	7.470024952817642	162.0	0.006172839506172839	2.6254259141089387	-0.001367174516262502	0.9563088457041619	3.4040388817722853	12.0	1.5411353610642615	61.19575332723763	3.613314726905323	34351.0
0.049492338322719695	0.5867403531545783	0.9458751409840115	6.659427669141961	149.0	0.006711409395973154	2.444655377753918	-0.0008671395851708922	0.9456492415303956	3.2179436130559336	11.0	1.4495432844192992	57.00883035564612	3.491037802113463	39671.0
0.04946174024117822	0.5624873004153603	0.940914608810422	6.865179760319574	158.0	0.006329113924050633	2.3862076746257497	0.001323157027827359	0.9446851500313669	3.3373609452127737	13.0	1.533999637198389	58.90931001625469	3.790935265353208	29442.0
0.04945596479473405	0.5693359640691438	0.9694206104791918	9.064896260499719	159.0	0.006289308176100629	2.8663069954557114	-0.0007826997283780122	0.955697626457685	3.3885311475788877	11.0	1.5441314491406508	60.89469650598692	3.705202152850348	34242.0
0.04945620667774491	0.5739919321969128	0.9482792350706728	6.36234864312044	159.0	0.006289308176100629	2.3382216470283295	0.0006773660331163182	0.9445491449159589	3.3150826800938376	12.0	1.5197528526148931	58.57185619308693	3.706485074695375	32573.0
0.049463916314351014	0.5742737720685617	0.9498152287969341	6.692905610985453	140.0	0.007142857142857143	2.4255457306997195	-0.0007286106788657175	0.9471984514413457	3.345713011323578	12.0	1.5352330976220279	58.9289226697698	3.6325322765468417	36812.0
0.049454029730647144	0.5737313543845047	0.9432815477946991	6.195577448198319	158.0	0.006329113924050633	2.281800478953536	-0.0007589592482954972	0.9457034415183179	3.3808025085312794	13.0	1.5595032976753502	59.576763157439636	3.7250819568454285	32461.0
0.049458475711136964	0.5852804768209019	0.9456038978885895	6.675878618092471	140.0	0.007142857142857143	2.456633817165563	0.0003367800555441568	0.9514227586083523	3.326436271834061	13.0	1.5105883017009871	59.3821172812324	3.7232174914778082	30444.0
0.049454674752009445	0.5725938950072686	0.9719386798528133	9.34389204100185	254.0	0.003937007874015748	2.9003738539432415	0.000500842204780439	0.9559711822045711	3.3688489270632846	11.0	1.5186632674260407	60.82288227991852	3.646444771498582	32576.0
0.049460289525729687	0.5681859983876716	0.9421121842242055	6.360767919027449	161.0	0.006211180124223602	2.3250950704106454	-0.00039540556620047104	0.9428079786601313	3.346176200982589	13.0	1.5418301373135288	58.8571056684289	3.7148930039090997	34854.0
0.049475643925597536	0.5926558628557018	0.9530795083729019	7.213658043604186	146.0	0.00684931506849315	2.5343609813878665	0.00010449577714608098	0.9465156873856094	3.40305777455133	12.0	1.5823398759715857	59.7360598121921	3.7135939030807803	31514.0
0.04949172169378121	0.5895550076758601	0.9471124956642245	6.838652023610752	172.0	0.005813953488372093	2.420433509355595	-0.0008060722656236337	0.9436422468192099	3.2465431849760207	15.0	1.4778743001215842	57.202323803554556	3.585403405096977	34990.0
0.04945440606863286	0.5726614750372316	0.9453907505369825	6.633106933772411	164.0	0.006097560975609756	2.375810318636907	-0.0008220530635818928	0.9457590602561219	3.396241100924948	12.0	1.5677506014832872	59.72906237835613	3.7877680408877294	28616.0
0.049471767818110426	0.5664451681223397	0.9659654847021512	8.672558602323608	162.0	0.006172839506172839	2.801588842278209	0.0016185553708578928	0.9497142195921334	3.301166426847645	12.0	1.5146355480018938	58.873935983288106	3.687770067752521	39520.0
0.04946047994427016	0.5690145332368298	0.9696059780615314	9.050073794562026	198.0	0.005050505050505051	2.867650920735501	0.002450832221815394	0.9553031006955821	3.363942424981703	11.0	1.525012729830881	60.32032701597919	3.611264622977752	34006.0
0.04945225592190081	0.5574540524252114	0.9362361231354174	5.901725608690737	166.0	0.006024096385542169	2.214191520719112	0.0008652632933226225	0.9372249694704903	3.299223173366928	12.0	1.5241228112098775	57.31668604886216	3.832114298332634	32219.0
0.04946198202708631	0.573493871534073	0.9428099356697321	6.529628835498177	198.0	0.005050505050505051	2.3628759822382066	0.000220072123113562	0.942781420480098	3.361545075847805	13.0	1.5461525232940492	58.962076940171485	3.822842228126946	28405.0
0.04945609856998948	0.5626328733913285	0.9436635785116559	6.908846865119608	164.0	0.006097560975609756	2.396203849894375	-0.0015869315952963968	0.9491758129832881	3.3528719288954387	12.0	1.5281200757827207	59.582138772445106	3.7794410820915876	29866.0
0.04944233871845543	0.5665559418730879	0.9410454357178034	6.121741897841193	189.0	0.005291005291005291	2.2351471262453493	-0.0004708289842706199	0.9436162995867701	3.3528457404429766	13.0	1.5396992724719192	58.95396390696038	3.7756705709157767	30615.0
0.04945642095120027	0.5742632935194211	0.9465679332636942	6.5448	142.0	0.007042253521126761	2.38547882257075	-0.0016866046043501808	0.9439434260208364	3.39629904339184	11.0	1.5741263633599492	59.50370944797882	3.7783889828784623	26808.0
0.04944120993107141	0.5575598361142529	0.9669963013939896	8.679244730679157	136.0	0.007352941176470588	2.8076366994829183	-0.0006162086268366671	0.9531509905349607	3.386529229931311	12.0	1.5508526234617082	60.498078702772304	3.733652134665272	31683.0
0.04945730749952993	0.5720500495333097	0.9465248920394361	6.666838837046474	169.0	0.005917159763313609	2.378343406598448	0.00012177120755740723	0.9453075857573535	3.36896147189667	14.0	1.54671050169279	59.36683722417653	3.742405295115153	29191.0
0.04946407750495641	0.5771500119091169	0.9441663652331466	6.673196291817815	156.0	0.00641025641025641	2.3848951408725245	-0.001375730557524003	0.9428213199855312	3.3980967090272722	14.0	1.5672802370021521	59.52739626435861	3.8028565407240484	30281.0
0.049455534402870614	0.5738743697263411	0.9457081489110667	6.576157289364836	145.0	0.006896551724137931	2.390809293767315	0.00018528770029772393	0.9460365237570646	3.396152293588716	13.0	1.5642258905266124	59.66488550186427	3.8238660267856837	30132.0
0.04947955180307408	0.5783566216236902	0.9427553157872447	6.473492304939155	169.0	0.005917159763313609	2.362666695521232	0.0007829472416524141	0.9406060339519746	3.299578312220375	12.0	1.5157300444078745	57.63719515842311	3.705777015105343	32682.0
0.049470363938566714	0.568683513098369	0.9420653229327547	6.4348779239278	195.0	0.005128205128205128	2.3394093063260533	0.0019245240888371873	0.9412002372061804	3.28707575886888	12.0	1.503008844543838	57.54519139830144	3.7858352626856586	33471.0
0.049474160293699034	0.5789477021751583	0.9433678213990753	6.394098006589604	126.0	0.007936507936507936	2.4083052439462387	-0.0009192349826284932	0.9453382583418416	3.266667041196398	14.0	1.485052074522072	57.74607834933234	3.6343992079616565	37404.0
0.04947213703522603	0.5764428992966829	0.9414271610891544	6.502019645127536	151.0	0.006622516556291391	2.350245575871276	-0.0005773840514005427	0.940916436691353	3.3406974457452225	13.0	1.5357495943447106	58.31631040948406	3.7503533485113936	34440.0
0.04945927052921584	0.5606654135002898	0.9651858082774181	8.35339597618443	147.0	0.006802721088435374	2.777705907816545	0.001808809979890374	0.9489076142595382	3.37287958812946	13.0	1.5594030587520735	59.75284159312904	3.742763051964226	33290.0
0.04946359393314023	0.5673356546540663	0.9400190312320768	6.3784273836900764	133.0	0.007518796992481203	2.3214676199267457	-0.00033628891467134747	0.9411856718285625	3.3291375613804552	15.0	1.5329820577955615	57.93030807077347	3.776137704838539	33599.0
0.04946701078556345	0.5633337444766214	0.9653102405121886	8.465060103197404	159.0	0.006289308176100629	2.7826841293691724	0.0009467642610675311	0.9510842281638534	3.330601178669787	13.0	1.5206412121778616	59.65178624282247	3.7369611332043755	39685.0
0.049472090328791574	0.5692632048126057	0.9674536781255144	8.61375607632591	133.0	0.007518796992481203	2.815585086396646	0.0022023302790255845	0.9535135196801757	3.3366420485328923	14.0	1.5176517974807469	59.53087756237089	3.6842850891023633	36174.0
0.04950037675265715	0.5901795275170254	0.9495972696690108	7.40998221996444	190.0	0.005263157894736842	2.522097357638216	6.279569625130846e-5	0.9450027749250933	3.2654382260064616	11.0	1.4963321870513522	57.881991468686635	3.642606311360118	36417.0
0.04947721453929589	0.5772612234875907	0.9452856098009926	6.459206161928719	154.0	0.006493506493506494	2.364826444309451	0.001831837770731645	0.9416718113950712	3.3091927506697503	11.0	1.524075518691921	57.62149500135813	3.7004130367386785	36633.0
0.049457980486491235	0.5718643366222093	0.9682970010368236	8.898352059925093	142.0	0.007042253521126761	2.8460288029125653	0.0003995061486326728	0.9529663586626933	3.366191302945758	11.0	1.5274758228292764	60.364570157238205	3.693301244853338	38356.0
0.04948123846429115	0.5858353608765285	0.9483061868071133	6.617875941555495	125.0	0.008	2.475057177082396	-1.8251665328104983e-5	0.9484443577489515	3.2699149265274556	13.0	1.479906180288386	58.186921063593616	3.710873722180403	39485.0
0.04946967149868295	0.5731622446785664	0.9676655958615092	8.691269469492914	178.0	0.0056179775280898875	2.832439549495617	0.0005983693836495393	0.9516564883132292	3.331196764053149	12.0	1.5285069357656154	59.63218572487034	3.678519674914094	34843.0
0.0494737982502966	0.569584688493803	0.938042272259865	5.919193472333272	109.0	0.009174311926605505	2.3427358659793325	0.0012428081808181068	0.9400038337765461	3.2811294168346503	15.0	1.5168407216410709	57.31796434882645	3.7969192723482004	35288.0
0.04947539606327337	0.5741592011641512	0.9391569485095205	6.074746750714158	173.0	0.005780346820809248	2.226664497351532	0.0012029529792913591	0.9410253443454341	3.2818199385056066	12.0	1.493499994117569	57.3658506918773	3.66697138771135	36936.0
0.04946343274253484	0.5697315301860829	0.9445680971638809	6.455954740851282	129.0	0.007751937984496124	2.371627680054902	0.000721186857122506	0.9432319960373196	3.369024478251254	12.0	1.5524143253852671	59.16315085736116	3.8259881333473564	30942.0
0.049478181682928245	0.5680657880564988	0.9421624377554328	6.323959677243008	135.0	0.007407407407407408	2.330523279247771	-0.0005040727255240299	0.939041454026574	3.276531169008321	13.0	1.506698227016457	57.00155068903705	3.774055111099765	33296.0
0.04947318477416108	0.5717467981069226	0.9420067215446194	6.379682035326956	142.0	0.007042253521126761	2.342313731942237	-0.00032247674867769995	0.9401601702052792	3.338594770958253	15.0	1.5367061572146437	58.197398853699404	3.7462899138277788	37763.0
0.04946523697681712	0.5628789166077931	0.964101176524282	8.446910300901132	170.0	0.0058823529411764705	2.788461035715483	-0.0011853911031434025	0.9498982888401342	3.3299877146367245	14.0	1.5329227133565129	59.461061596404434	3.785010047694017	32843.0
0.04945894801853469	0.5666926479973279	0.9636988445186364	8.306719500885254	141.0	0.0070921985815602835	2.7687908941719397	-0.00036718278266019346	0.9503891272594486	3.36595314732755	11.0	1.550116187880204	60.01772623886051	3.7608846944165624	33184.0
0.049462495636027344	0.5620529275889534	0.9657895766364342	8.480976238190667	205.0	0.004878048780487805	2.7896203635730386	0.0005299467910807021	0.9515964972908122	3.297152281224937	12.0	1.5017860228215794	58.945734631380795	3.7058527824729492	36382.0
0.049465398232157703	0.5654888926421975	0.9649130242019612	8.397446627420385	168.0	0.005952380952380952	2.7854347498729792	0.0008739187540516516	0.950525179949927	3.331130291726884	12.0	1.5324967565847643	59.30013823079368	3.7863248740970565	33587.0
0.04947382953658265	0.5661558081898339	0.9494766679427552	6.581758023352982	149.0	0.006711409395973154	2.430859711863497	0.0008489993958833644	0.9414234631957058	3.340332127209461	13.0	1.5440164246966035	58.15647157968151	3.772244607642515	34093.0
0.04946056057194044	0.5615873681389301	0.9374286813466266	5.984286383266559	150.0	0.006666666666666667	2.227191230591455	0.00019911415078746226	0.9370447832238965	3.284270397975129	12.0	1.5135459160193498	57.17694014458881	3.797058344138957	35906.0
0.04948148609033879	0.5793153185030226	0.9431452072644352	6.344088613281036	154.0	0.006493506493506494	2.3493723604271657	-0.0004599191143378256	0.9407305155142927	3.3053945162047236	11.0	1.5203990990532605	57.79641084511464	3.815678122347061	37397.0
0.04945844764655688	0.5775531243865272	0.9531927503879302	6.948404173244234	163.0	0.006134969325153374	2.540806169229653	0.00030262337278222763	0.950896920494271	3.35976849814321	12.0	1.5276161888822934	59.733003119331165	3.7706104891635035	36119.0
0.04948672478501404	0.5820591733903737	0.9424606890711139	6.3909197331801915	122.0	0.00819672131147541	2.356899571720725	-0.0010892018374989607	0.9378134084672198	3.2661283918685906	12.0	1.4999358694229579	56.84395821589711	3.7569745876005096	37429.0
0.04945740074841942	0.5744210375180762	0.9532178121092122	6.675785704511244	117.0	0.008547008547008548	2.49300524088635	-4.6403526832278665e-5	0.9486643197686536	3.355728220206948	12.0	1.5375304098267724	59.306481061129425	3.811291422790492	31473.0
0.049462495636027344	0.5638810043502498	0.9611324470062008	8.403511772418904	133.0	0.007518796992481203	2.766100550288688	0.0011217166616303833	0.9485979708803067	3.3307929839422825	13.0	1.534577076543129	58.93616107580182	3.8502097606133874	33035.0
0.049466459748774096	0.5844326673376135	0.9486311297861598	6.895082627018325	145.0	0.006896551724137931	2.4883630483941155	0.0008057463858860521	0.9437053142456964	3.39441025626005	12.0	1.5749185979695146	59.4305066858666	3.9590663957560155	28237.0
0.049831339956896474	0.7558257367531901	0.3122262949744381	2.6747142266905386	58.0	0.017241379310344827	1.1212152295804438	-0.0001311845200549048	0.441963280923443	2.7207363238241333	11.0	1.1662713831788682	26.91853396820838	4.15800880715628	41754.0
0.04945548102871232	0.5603956713779247	0.9644772172597456	8.427716679013049	163.0	0.006134969325153374	2.784345966690587	-0.0008528590137449028	0.9530789183231956	3.3719235405743686	13.0	1.546054429752563	60.36958394478641	3.726575909168783	31359.0
0.049462062622389	0.5698896579020787	0.9358246334989384	6.23546783054307	138.0	0.007246376811594203	2.3011190616249944	0.0008504014468082657	0.9380488146662344	3.3879802967261257	16.0	1.5648522111997134	58.72939137884039	3.9772460246981725	34320.0
0.04945161090053851	0.5661048644378561	0.9630934582029664	8.23535070475553	158.0	0.006329113924050633	2.758409667949724	0.0005404291919196946	0.9508236145780514	3.4396672230643555	13.0	1.597261397838883	60.901730117842725	3.9260361796955334	32985.0
0.049464245851625864	0.573068788654643	0.9524102574121378	6.629398365876047	177.0	0.005649717514124294	2.4837580261027004	-0.0006820995143647918	0.9480674145961848	3.356729680109983	12.0	1.544972835729843	59.517844996697654	3.814213257304397	33287.0
0.04947991376219089	0.56909570365275	0.9404699296782524	6.4358934361385645	146.0	0.00684931506849315	2.407384950909753	-0.0011815000613225066	0.9383557183027043	3.3517101199788306	14.0	1.5656365763968019	58.095048597544796	3.8908605242921563	30654.0
0.049469316199631665	0.5749774212099946	0.9424094858414562	6.413895572532627	116.0	0.008620689655172414	2.364706607325268	0.00198442294270178	0.9409529829797703	3.321893324360777	16.0	1.5298092947331794	58.06117347295107	3.8100176983972194	36023.0
0.04946315666763584	0.5667168153109473	0.9458246263247819	6.614728328966852	104.0	0.009615384615384616	2.4421021582499756	7.845576953133524e-5	0.9411916562562604	3.34841347101021	16.0	1.5634451449420874	58.54643002638318	3.921941484988926	32166.0
0.04947536084733388	0.571277891939784	0.9391797013719427	6.218657980174952	160.0	0.00625	2.326043444194894	0.0006412126536988749	0.9367655251729182	3.3054704519718805	14.0	1.5258644640397747	57.389788678814625	3.846865696731713	34477.0
0.04947173405871255	0.5655375638757283	0.9453381967942212	6.352853592581645	144.0	0.006944444444444444	2.3778040131990634	0.0005333324001665944	0.9374174240708731	3.298616724279269	15.0	1.5324998629426683	57.06763309137063	3.914398679875827	32491.0
0.0494643192908645	0.5824387486413328	0.9408720673513248	6.4302354067838134	134.0	0.007462686567164179	2.3582276646642577	-8.833748484158171e-5	0.9401445570333873	3.381614496949522	16.0	1.5681863609481892	58.67115240528819	3.926487455105279	38894.0
0.04945609856998948	0.5632267930717505	0.9399007553350118	6.160409301133268	148.0	0.006756756756756757	2.3195813332970094	0.0021327655346078203	0.9382637887343453	3.3865842791138143	14.0	1.5785483166588217	58.39103700097371	3.8890233968708805	32194.0
0.04947354928877815	0.5669071715113736	0.9378649661780367	6.398064831478149	139.0	0.007194244604316547	2.3758255238470594	0.00035146499693175975	0.9341082367960815	3.3909632874315387	15.0	1.5925631167877303	57.82820707168237	3.9789927454710945	31015.0
0.049465398232157703	0.5546617926016625	0.9592651392655956	7.97011105092091	167.0	0.005988023952095809	2.7081011946537155	-0.0011289093691364842	0.9487069358960984	3.3005968498802045	13.0	1.5119573252665324	58.612808879862264	3.831009247262046	35290.0
0.049477255184689366	0.5682340372718043	0.9357870466861192	6.357178412220834	132.0	0.007575757575757576	2.3618202368325467	-0.0005467207718932484	0.9358383375885786	3.340964842932546	13.0	1.5601856401665395	57.42732602661051	3.9282416892063874	33234.0
0.04946746250766965	0.5616574885246773	0.9350153802038529	5.932967362424919	122.0	0.00819672131147541	2.2574981241287375	-0.0014496922563085183	0.9327841101639686	3.2965239471653787	15.0	1.537483601953334	56.72870952025664	3.877195945216962	38432.0
0.049452955353184336	0.5800378971241121	0.9451675043513973	6.542030456852792	168.0	0.005952380952380952	2.384136337103594	-0.0010682827358866954	0.9460141526346325	3.4168336909271244	16.0	1.5726568634964944	60.00941312001915	3.9152413176287997	31812.0
0.049457335465128933	0.5614869066172988	0.9540433384849137	7.902957461174882	180.0	0.005555555555555556	2.6890355398496046	0.0005853377738461789	0.9459279691687696	3.4255655788031927	13.0	1.5908383367072692	59.67230998777863	3.9807463165143817	29764.0
0.04948591883198708	0.5667814686986032	0.9345933665035301	6.013066758877956	104.0	0.009615384615384616	2.276820177876404	0.00017891866238938165	0.9338743169843894	3.280331005918175	14.0	1.5181223273746627	56.62578378556097	3.881517005344748	32033.0
0.049484022472875054	0.5734988248569464	0.9429983654278216	6.703500954805856	113.0	0.008849557522123894	2.440398159471219	-0.002081791673115213	0.9384080504307847	3.2859488348891897	12.0	1.525393526135463	57.167679317486794	3.807413328144592	36548.0
0.04947793989702016	0.5678873092252162	0.9337341547403023	5.974828017510944	119.0	0.008403361344537815	2.2701515192077344	0.0027698202904179047	0.9328374376533215	3.281717663441344	12.0	1.5197671182383385	56.31959314022031	3.8785477314882373	35406.0
0.04985521336821308	0.7564118560623481	0.3079567038073782	2.6612094702492537	31.0	0.03225806451612903	1.1089090874504903	-7.488795158643913e-5	0.41954756250020087	2.722544316996872	10.0	1.1698266974123994	26.310098091726047	4.112374901158267	40122.0
0.049704765194514854	0.6213464026795843	0.9374660277380392	6.210019991384928	4366.0	0.00022904260192395785	2.3518116428855453	0.00016364319853534676	0.8517041987214758	2.8455091621614845	6.0	1.2026334601264992	44.28677041411888	2.8565550487995153	109660.0
0.04946891322311818	0.5705335363636297	0.9395953691303597	6.281578460097374	113.0	0.008849557522123894	2.3383508974461713	0.0015040980225847038	0.9395489366139128	3.3485823283145297	14.0	1.5494889920029227	58.292391596017026	3.9451883374147467	35834.0
0.04976568385312964	0.6131890777721025	0.9373620509036283	6.085701147458588	4776.0	0.00020938023450586265	2.2860145531444216	0.0001342745918060188	0.83266898146623	2.7251605112640904	6.0	1.125010434501883	41.864017497167254	2.7288293765411846	120288.0
0.04976078705993466	0.642124421707039	0.9334567150986134	6.24564855785434	4100.0	0.00024390243902439024	2.340346118273551	-0.007724081321737827	0.8195647299304231	2.5945617843437825	10.0	0.9989345332608752	36.53582350407391	2.832724567224016	99383.0
0.049757842664853606	0.6232491935304542	0.9097141747214833	6.861273542155511	4778.0	0.0002092925910422771	2.2683440938745494	0.00021196824836530606	0.8200612670863072	2.5194856752724606	6.0	0.9302011772760339	39.16961776371086	2.4817471416398726	134350.0
0.04946678200059246	0.5608370518373219	0.9402375190142245	6.413729128014842	121.0	0.008264462809917356	2.384112536805933	-0.00024149022512206137	0.9385909767529731	3.388034167935521	15.0	1.5864574144069243	58.86403232130376	3.8894120522281015	29714.0
0.049453545964625416	0.5671372144462892	0.926830540778046	5.622760946757268	115.0	0.008695652173913044	2.1413912624798437	-0.0019561956045068864	0.9340066225705421	3.365029809979735	14.0	1.565651883411373	57.52883223158951	3.9548191802792267	32027.0
0.0494813248997334	0.5635148176975484	0.933168607113306	5.913371522939568	105.0	0.009523809523809525	2.258935944755068	-0.0006649947930054528	0.9327386032693322	3.253636280993614	12.0	1.5038177525036402	56.09296295261771	3.802110170725127	37051.0
0.049682613524125396	0.6325954847913586	0.9496748492392071	6.467690389845875	3397.0	0.00029437739181630853	2.4287953948832923	-0.01321511365437791	0.874628090097046	2.8719241161316056	12.0	1.1753281495665882	36.36511453424304	3.0701786591277918	81883.0
0.04944856516282346	0.5434474827488595	0.8594217800223788	4.332748894648574	1918.0	0.0005213764337851929	1.748117359292058	-0.01076450100329744	0.90851402707634	3.2723031258415203	13.0	1.5288113600753224	48.22647315376773	3.8878339623298177	59892.0
0.04945316686126648	0.549683448533318	0.9313963622738639	6.136647096074791	110.0	0.00909090909090909	2.3187231125928713	0.0008407477618152902	0.933628196042975	3.3724835966693147	14.0	1.589289457750273	57.773106418135924	4.091491443741451	25848.0
0.04944784970626344	0.5670232630082989	0.9388705055076827	6.313022425258269	770.0	0.0012987012987012987	2.3881025657912267	-0.01065521168591205	0.9411001353907514	3.457460180646088	14.0	1.6081819318819115	54.28504492476006	3.9780888982802676	30314.0
0.04945263297197355	0.5704937099038451	0.9369467007392535	6.086850185283218	130.0	0.007692307692307693	2.311660500959996	-0.0013301661761513373	0.9380117407006611	3.417266336551364	15.0	1.5979898965312889	59.04187401026626	4.0041453561089595	35602.0
0.04945408368742208	0.5575484082105148	0.9322159026091491	5.788942638545926	123.0	0.008130081300813009	2.2347458368849002	-0.0004218409183416981	0.9370976678998061	3.3590906701094165	14.0	1.563768887079583	58.2053882205943	4.008030326597727	34171.0
0.04946568941101034	0.5640408517757967	0.9281438491643231	5.8978733978009235	97.0	0.010309278350515464	2.2472114672845263	0.002952258831113618	0.9341161116668893	3.395736653349878	15.0	1.5827729149113012	58.01142529669501	4.009365094340105	32038.0
0.04947769811111207	0.5492829828748955	0.9300117445264154	5.801556736543679	143.0	0.006993006993006993	2.2143069266429207	0.001095142700737653	0.9317269992164886	3.2357042446732986	15.0	1.4996808789477063	55.87648390685239	3.945488655641184	34805.0
0.049773432327430055	0.6236395957662058	0.9390598542295516	6.399003488928922	4622.0	0.00021635655560363478	2.3230299052078243	0.0002651447248668149	0.8114195217283636	2.6955549008926885	6.0	1.0594954144437692	40.32630501500037	2.860136044945446	122688.0
0.049801067864644874	0.6508927446997386	0.8837807880977464	6.223095739234314	4873.0	0.00020521239482864764	1.9664249541839518	0.0005631402503140992	0.8102965222617902	2.40427352681022	6.0	0.8069354210543114	37.56748665382796	2.441387700751445	150177.0
0.04946617298282651	0.5695699804302804	0.934490680396246	6.121163287086446	128.0	0.0078125	2.2934935112613752	-0.0016547069471083494	0.9348214285714286	3.35062500547482	15.0	1.5627049736730074	57.33844230313221	3.9252422632388675	31745.0
0.04947632799096623	0.5805689971382763	0.9364132754289884	6.154326274543391	110.0	0.00909090909090909	2.313059859654361	0.0007259989355010854	0.9385708421433295	3.349555708642535	13.0	1.556041496550672	58.089840903717075	3.8465180040564557	35394.0
0.04948531148014852	0.5640057188970642	0.9472343238191989	5.911375043179648	140.0	0.007142857142857143	2.324256774175666	0.00035065148567446836	0.9349957020337195	3.3318955264577736	14.0	1.5676430617697894	57.31340918190311	4.049669280634043	31215.0
0.049465608815707635	0.5565688452105939	0.9259490381309745	5.852408708009803	128.0	0.0078125	2.2340223868304054	-0.0016022603086808763	0.9311156116548513	3.381318801605827	15.0	1.5843853710367992	57.33594036241376	4.0012740568574525	37783.0
0.049731119525343585	0.6134253535281129	0.9572184671172793	6.496855630457404	4519.0	0.0002212878955521133	2.4286847069956137	0.0004839947141899268	0.8489139636576944	2.678719980648791	6.0	1.0570397971100567	42.33954381433578	2.948288392187572	94699.0
0.049710343088647996	0.6103820197535104	0.9346757145026221	6.755040517075053	4330.0	0.00023094688221709007	2.366317378763649	-0.008591304957630112	0.8496203279312169	2.815856996709708	9.0	1.1985544619563864	39.01588545933948	2.6966670993499613	115144.0
0.04958570257381479	0.5918608807158173	0.8799936951436014	4.900317829887096	3368.0	0.0002969121140142518	1.8138256409453066	-0.012453432764216978	0.8670164755852732	2.931519644555147	14.0	1.2974456946174606	40.02411474429854	3.313908443815417	74400.0
0.04948823620112654	0.5749764148382404	0.9345081078621151	6.0112703739715	99.0	0.010101010101010102	2.357284036320976	-0.0033069480082457184	0.9400170982679065	3.2246385700028437	13.0	1.4737629563186285	55.8808211744563	3.869475080347661	39000.0
0.04987460050089301	0.7559196999131266	0.3019901696222051	2.5864217911679734	26.0	0.038461538461538464	1.039357100226333	3.5990661006642725e-5	0.38915767154973013	2.6135557017875057	11.0	1.0668664208404783	25.4431091778794	4.121460487399251	37690.0
0.049473629851732745	0.5697948008487164	0.9334846661531773	6.2092675635276535	133.0	0.007518796992481203	2.3509008753598097	0.0008262238821004646	0.9375890532308309	3.391405633371423	15.0	1.5926061045275237	58.453077959408	4.003937933382084	32972.0
0.049465931196918424	0.5648154781305686	0.9299185182409325	5.856307332389337	113.0	0.008849557522123894	2.237832435093046	-9.439082126758127e-5	0.9327087104505529	3.3344876294214445	15.0	1.5551501606977487	57.22963339517449	3.9596323816046413	34594.0
0.04977082499264136	0.6475946110458248	0.9071367168264938	6.98111656347147	4398.0	0.00022737608003638017	2.3243055518138824	0.0007068601097173354	0.8178580668853335	2.5243708605859516	7.0	0.9672308131958717	39.10647763318016	2.4755229094786735	145195.0
0.049534657400934795	0.5866954240086856	0.876315793757111	5.813618987970542	3114.0	0.0003211303789338471	1.833168783565817	-0.012811253120826444	0.8897573584346714	2.9096241570013466	13.0	1.2847778604282654	41.668331305213584	3.3219846540120876	90512.0
0.04976604114467275	0.6119395140285493	0.915685516000939	6.413032151995462	3768.0	0.0002653927813163482	2.2636778513190814	0.0002672070014637511	0.835780837226526	2.7296068633564685	7.0	1.1262960719481598	42.09056135561976	2.849394074081082	125447.0
0.049509563442737076	0.6023338890937795	0.9171606310523482	5.825468902155045	2858.0	0.0003498950314905528	2.172461563437333	-0.01763352213496758	0.9136152527092356	3.1373238529878824	14.0	1.4324758307715844	41.308256049758945	3.356201294707747	82955.0
0.049536975768111766	0.5494245308129051	0.9342920210348633	5.8343063326035836	1731.0	0.0005777007510109763	2.301312989528995	-0.013606604488927731	0.9216199766279296	3.2998608177177013	18.0	1.570891276907326	50.61937852848029	4.09534025592871	34710.0
0.04959136413866831	0.6278933609059065	0.8979266054739485	5.255717580828023	3180.0	0.00031446540880503143	2.0796909814683566	-0.017686977318359116	0.8814740353964864	3.0493396065655207	13.0	1.384493758010284	34.26586838489679	3.5019101218593294	65961.0
0.04945601797468679	0.5674088310473375	0.9314998842958506	5.977766390228088	120.0	0.008333333333333333	2.2761691022700306	0.0014730868919389372	0.9362176802458795	3.400736980746748	15.0	1.578634549231748	58.52283920740739	4.018462760260812	31829.0
0.049901272037262426	0.755724285406053	0.31193640094163655	2.639311029781908	48.0	0.020833333333333332	1.0801072901336537	9.419678023581884e-5	0.37467197087615933	2.5839423343498753	11.0	1.0362387495343646	25.0359511376763	4.116039331235723	35660.0
0.04948084132791722	0.5675442155563462	0.9305406699655667	5.8461554204785005	101.0	0.009900990099009901	2.2487229392031565	-0.00047774319367584867	0.9327599349775711	3.3114970710861558	16.0	1.541678018858442	56.91338776069281	3.9471849406308332	28922.0
0.04946312731457231	0.5700424730920177	0.857312874855437	4.6603677034979345	2511.0	0.00039824771007566706	1.8769267441606166	-0.016374127253484888	0.9027233331540303	3.2792107078959742	12.0	1.5212914754848668	42.84493673051786	3.7738097890617084	61963.0
0.049849926220369066	0.6650413927333687	0.811144429097757	5.2889490234667464	4835.0	0.00020682523267838676	1.8902570009763258	0.00011688244318458186	0.7547169192308576	2.563395976220589	6.0	0.9800306998306346	36.48595560673249	3.2061054376136404	90637.0
0.04980136655849109	0.6690646506625028	0.7921733384780222	4.885871286016322	4814.0	0.0002077274615704196	1.5810276581006588	-0.00013879091273584032	0.814470762214358	2.587452191434178	6.0	0.9704972806112282	39.4668363090272	3.2651245161054105	80752.0
0.049485392043103114	0.5694583223337119	0.9385212740844451	6.486071107110711	142.0	0.007042253521126761	2.407363716256875	-0.0007229284366037428	0.9353043166814544	3.2995020646799027	14.0	1.5357175363750328	56.9002339560333	3.901665744538659	40064.0
0.04980564964281634	0.6594027548598661	0.9081578001916116	5.670242595438873	4803.0	0.00020820320632937748	2.113745058692177	-0.00032279630566859415	0.7975519613583139	2.533061802352916	6.0	0.9389229267008786	38.12233716735861	3.1686513117376838	82315.0
0.0494707669150802	0.5633525635499322	0.9308328052171901	5.836765757482889	98.0	0.01020408163265306	2.2528096450055464	0.0015767653917648195	0.9323356961439647	3.2999094704308516	16.0	1.5345744456385795	56.6800430189514	3.965425900810283	37872.0
0.0493699491676341	0.5338814742126549	0.906794199901295	4.597987811106194	1330.0	0.0007518796992481203	2.014358197091133	-0.01382102458743374	0.935529465481758	3.4826743655599506	13.0	1.6190460932177695	49.90040924213663	4.130743268884279	24661.0
0.04946867143721009	0.5574440057126683	0.9297627368273566	5.75560755204131	95.0	0.010526315789473684	2.246505561318072	-0.00039683363108360836	0.9318766485660428	3.318928500969026	14.0	1.5461443295275301	57.08644349270169	4.018490883982567	34198.0
0.04962748165231209	0.6036720948888723	0.9127185441739549	5.865513744328797	3783.0	0.0002643404705260375	2.2079586176825927	-0.012475959757269782	0.8655204777448318	2.919394873231545	12.0	1.2864890246813026	37.25310783491555	2.9910700376062236	76648.0
0.0494989266194745	0.5645409023503489	0.9331638490722038	6.302051045307657	93.0	0.010752688172043012	2.3568237345167073	0.0015587393569459508	0.9297394423620594	3.2116898304322405	16.0	1.490552884573164	55.31424753877445	3.8570709491340467	40046.0
0.04990117923202215	0.7561999097914919	0.29520657596955047	2.5854273125272744	113.0	0.008849557522123894	1.0321447787067268	1.8092991760060776e-5	0.35388993544902786	2.6224822821749747	10.0	1.07164389449499	24.687987663105986	4.1190429708140455	38292.0
0.049464166374118025	0.5713202406874955	0.9148299113057714	5.304382290769592	2382.0	0.00041981528127623844	2.1065051803078316	-0.017798069580517707	0.9216300834620286	3.3720026924050712	13.0	1.5625143075360668	43.687279949883205	3.638971756085468	61351.0
0.0495028200214598	0.567617926802749	0.9349365877782622	6.041470439828442	120.0	0.008333333333333333	2.335183705890373	-0.0028073558781680813	0.9263601579937141	3.261982368003483	17.0	1.5348624362630154	54.736166962667134	4.022790026958195	36235.0
0.04973965801907948	0.6492415364819978	0.9125027840476563	5.707216666320145	4469.0	0.00022376370552696352	2.1409983384126274	-6.668482072133168e-5	0.8540909710425801	2.836591168791022	6.0	1.176486614741668	44.27752301324317	2.9717705454305245	81799.0
0.04950241736833001	0.5772124566752834	0.9388924407396743	6.207274839209275	135.0	0.007407407407407408	2.4143461988110944	0.0005448691312648474	0.9263839610348412	3.3458738505831547	16.0	1.5815906856083481	56.636305578447875	4.044233455923814	31553.0
0.04977973223835256	0.621506556020378	0.9228055150019097	5.764358378517945	4180.0	0.00023923444976076556	2.2494562854503672	0.00013697816271693582	0.8316267734527292	2.6943158109002088	6.0	1.0984419500966784	41.47505366119684	2.8191291446463658	91944.0
0.049483669569750637	0.5564403653275485	0.927241058270521	5.777427943752088	123.0	0.008130081300813009	2.314954113168728	1.3801424710382284e-5	0.9351928729383207	3.207917646665403	14.0	1.4735338108090084	55.62953157574304	3.952446332667195	40246.0
0.04945666273710836	0.5534749746648845	0.9296055354750815	5.708503037156381	133.0	0.007518796992481203	2.2262132799887437	-0.00020797840597672142	0.9337398678708433	3.33414022449419	15.0	1.561701194777024	57.59675030949433	3.9807983164538174	30514.0
0.04966961300333707	0.6028876191691098	0.9256984235958913	5.805661646742224	2778.0	0.0003599712023038157	2.281609782387	-0.009965773727547225	0.8633915132951335	2.8788870973954865	13.0	1.2364406665685421	40.701677288860054	3.255834735146371	74809.0
0.04948321684332914	0.5684301117712013	0.9349449218355698	6.33023578822051	101.0	0.009900990099009901	2.379466825226945	0.0005847643040301892	0.9343734634934177	3.3176231877355655	13.0	1.5488882043036063	57.257986703256826	4.005322728478079	31963.0
0.04979215472935791	0.6132203657172025	0.919047769027131	5.681077148507547	4109.0	0.0002433682161109759	2.246039360465055	-1.6451386130291487e-5	0.821946533566954	2.6265341688605437	6.0	1.0156558364806096	40.20950560374764	3.014080238637263	71417.0
0.04984081828503174	0.6528511275134199	0.917702383305266	5.159922486315712	4143.0	0.0002413709872073377	2.0952366579435058	-0.00010082900552287593	0.7421478005347777	2.4397808063234314	5.0	0.8444856583137019	35.02664884905133	2.881925741539381	107242.0
0.04979628448487201	0.6274381559635701	0.8750469176708127	5.819999354373581	4169.0	0.00023986567522187575	2.1048775320955926	0.0008468350067082728	0.8147002769760429	2.6749897742907076	7.0	1.0959623732274628	40.349652422221666	2.831431475360321	91750.0
0.049749037679310576	0.6252662223957967	0.8962518569306365	6.005436447166922	4558.0	0.00021939447125932427	2.0797883517075224	8.95960693786139e-5	0.8377622149305386	2.6642854361623423	5.0	1.0104583805673826	41.513279899418514	2.5499886921876422	107879.0
0.049457952261951495	0.551001134169193	0.9209901932346681	5.487489441029973	104.0	0.009615384615384616	2.1728405843478877	0.00027225240922788607	0.9299960238439	3.363129298203226	17.0	1.5771795079113706	56.923912371109495	4.1167545436961035	31885.0
0.04967847684259426	0.600204014170632	0.9211372658579847	5.61690916474352	2587.0	0.00038654812524159255	2.2525564944950447	-0.009934316152150532	0.8672569893381326	2.829779735215866	11.0	1.1710646070992026	39.403654897364646	3.268688863878662	80778.0
0.04977510251302856	0.6031661141851158	0.9170606526681824	5.993433488118001	4792.0	0.00020868113522537563	2.1116982401029505	0.00034350394674528194	0.7983156680486826	2.492141610193596	7.0	0.938131132304444	37.92077392615164	2.6088671480170627	111649.0
0.049476489181571624	0.5554815188366253	0.92559391941201	5.572444296249804	93.0	0.010752688172043012	2.1909216612402687	0.0012668383816289322	0.9305809854566305	3.2662900694398784	15.0	1.5190502808312105	56.008540986503704	3.9763715788530334	36661.0
0.049858337740835056	0.7564076522991069	0.291088555282579	2.5996383830556633	32.0	0.03125	1.0498210972162982	0.0003055819939578418	0.4067834056658799	2.6303898343827274	11.0	1.085414739017296	25.798391146988205	4.127982255446648	40260.0
0.04976539356999732	0.6102561177458197	0.9205414969399679	6.6760111559316755	3879.0	0.0002577984016499098	2.3398434552758736	0.0002493030365035359	0.8247438419742653	2.739812591154829	6.0	1.123236293774828	41.576045145606464	2.735621735566939	94928.0
0.049757645814019986	0.5981092334961711	0.9163582777126889	6.360046992697703	4811.0	0.00020785699438786114	2.171382334607716	0.0004488487074741596	0.8153707139467038	2.544656267155568	7.0	0.9846719639916346	39.23532032595733	2.5936877336483035	107470.0
0.049739027298126556	0.6183084759785163	0.9149936834804435	6.434922478369432	4570.0	0.0002188183807439825	2.2359343967360195	0.0004017512690357421	0.8443617838181503	2.8021609150047406	6.0	1.1551855559598108	43.40277851211041	2.5392788202655097	107668.0
