0.013729853807678516	0.2839521087714998	0.7100098387711725	0.9101513640872027	0.8505303852213679	0.879646151881754	1.16852322822219	1.3558909969102206	1.336338813095612	1.3286103597552716	1.4954539081967235	1.4875635215012784	1.4304168773322057	1.3790742353513494	1.3328427441455637	1.2984896381812916	1.2679761266595704	1.2932066732905885	1.3549109486730135	1.371844696144335	1.3671233036861858	1.3366627191513312	1.318035675163027	1.329055616285334	1.3365390306078295	1.4380223204141762	1.4484702743128441	1.4745213565695827	1.461133660215964	1.4431316615251621	1.4411096838375506
0.7190980864701675	0.509320820703261	0.4625388881611432	0.5398926155755436	0.8004688971336597	0.8862258744023607	1.4456324226278336	1.3523146812312572	1.3317226753495515	1.4845562303424076	1.4248688876701787	1.3655036663680766	1.313554887631417	1.2680305620983694	1.2494135679918945	1.2996340753967957	1.3142101618132267	1.2843637842284186	1.3122427675421588	1.327652451224711	1.5053700647320623	1.5214693907650976	1.5566603055162604	1.5320491237616296	1.5082109174293585	1.4969401163609886	1.4693073756037656	1.4467817181543414	1.429015361034331	1.4347996676694275	1.4116934948408824
0.38823769910625133	0.6875782141248741	0.732152302476252	0.8377354624927676	1.432113014446624	1.3236637430933442	1.2343079579201581	1.1983145998429696	1.129953902118028	1.076072193130165	1.0396388701893735	1.0393118448319008	1.006199193064491	0.9940490031459012	0.9881923972584423	1.0816918138006415	1.128902612900504	1.1065457556376632	1.094834053375208	1.1764776020355452	1.2502283356174582	1.2329619935182488	1.229432802586826	1.2948161726810148	1.3096796468243392	1.2988234340920763	1.2788346806626263	1.2691569526967008	1.2760901314486646	1.3611245901030984	1.359286046621478
0.09985112152392082	0.3485046212832356	0.5043081325264634	0.6906420344613494	1.3232843112446642	1.217308799897752	1.1486749340291404	1.1333175419379367	1.0709176682793777	1.0431298844979975	1.076811835298014	1.1873656657912572	1.1454289697246687	1.1307936743770435	1.224365021168796	1.3198136682666213	1.4609856131404475	1.464123328929886	1.4252917061011765	1.3893976387645475	1.3566462199362175	1.332111522355376	1.3031384965093178	1.276930626354751	1.2576476569586956	1.2424381435960317	1.2287042814932514	1.2278594945484111	1.2850640304698282	1.3366227724900026	1.3621046252729363
0.3296018999478992	0.36074669871779746	0.39454888389662485	0.44280064991195517	0.814859707827611	0.9078689812571213	1.1004671582829912	1.0311829224745688	1.0126430144438394	1.0546176221757837	1.2597178495560832	1.466574504978887	1.421269566056068	1.4443942132872938	1.5113166599551133	1.4633294109160175	1.4265528789222603	1.448474942341119	1.4255069077342546	1.4246636380871365	1.406456911703596	1.4725227076846255	1.4420822827661295	1.4208416237942625	1.4546437891060893	1.4660338050528008	1.444207376635091	1.4274394502672578	1.474473951804398	1.4896211587873862	1.4747668209375686
0.33737275376403303	0.4587582738314976	0.8615768884235301	0.7473499675364862	0.680024351319835	0.6212108476782368	0.5822479505336255	0.5719095682787787	0.542280223397527	0.5251292165364407	0.5157791054462888	0.6326578199865143	0.6122220772892455	0.593465941875931	0.5750270998514021	0.5691929340589801	0.5926950476047946	0.6678485837205089	0.6847574116269342	0.8455122674224079	0.8251745780180452	0.8268070062484252	0.9023078929285402	0.8834031376669798	0.8699789712925248	0.8591992017851126	0.8867424136987373	0.8708076869748503	0.860893033513789	0.8481420481706361	0.8491313745942888
0.1555633012404443	0.12533886659533422	0.19435827333701108	0.16850193067249536	0.25734527874244745	0.3430840159061922	0.6988686941751141	0.8801876994061216	1.1628136432800618	1.1346441023215508	1.101868255736752	1.1206669056208514	1.0768767805691848	1.037847700787392	1.003479618720103	0.9752565337303155	0.9699428742493629	0.9555306552713752	0.936616680550394	0.9476458127852154	1.0130445121994163	1.1367313780602528	1.2356537106591134	1.219680558720967	1.2206658124569763	1.2979612205059545	1.2838637697968873	1.2634985217144115	1.2515200045647308	1.2334347497727347	1.2474941797939838
0.24620819030452426	0.5512745635437455	0.4641979155302769	0.4284028266323656	0.40862551012776904	0.5755252411567913	0.6933401521354162	1.108233478136709	1.280686325329473	1.2827608725719108	1.2483499403124123	1.2217675215139805	1.213246629414733	1.4415306626488211	1.3974901073170753	1.4056704033417078	1.4853025873722168	1.4443188543184506	1.4172893583518107	1.4661503036663477	1.4703610538251632	1.4552283382609754	1.447518248705478	1.562073648858586	1.5438538763580243	1.5857325385848795	1.5957386473905206	1.598918419405095	1.5713316959778445	1.5482983177170575	1.546686275483862
0.8251620407066469	0.8463278049309166	1.111719935957451	1.6270479779157851	1.74765462801804	1.606816842061866	1.489576369554131	1.3991121884766229	1.3217080958950835	1.2854523108249682	1.4381805250459307	1.3812254102920745	1.3312500344150855	1.3275464365077159	1.2852605640326735	1.2507640751276916	1.2192162235735529	1.22200771424079	1.2548894651023794	1.34662681984293	1.3356662241543988	1.324373184593171	1.337831780149688	1.3185053021626993	1.3450249868892588	1.3285980656249465	1.3614844724405881	1.430814903602212	1.4534180198972582	1.4291584441790697	1.407323740050091
0.10583823727836976	0.07506551627726546	0.09820261173597211	0.0850463933180013	0.15329970395006134	0.15952169414320908	0.1917234625313495	0.3677623785477555	0.49352337548575326	1.0140725567048416	1.1372943037659966	1.254002998030288	1.2193221168733432	1.1970844477778606	1.3368183739256727	1.4755382778323796	1.4417467112898832	1.450954135949929	1.5746931186002027	1.582902438353148	1.6440185453076746	1.6314818318722872	1.5957007071585803	1.565706801256264	1.5352451307118946	1.5253397635742976	1.5462786777667334	1.5792798354926547	1.5547572186351548	1.5289652701011023	1.5071760167153911
0.2251715206537076	0.17140505226083752	0.2316738667594438	0.3099517127376799	0.38889331644578956	0.9139338354471485	1.2552828036421368	1.4099768606710805	1.3439638272143415	1.2749960832159237	1.2178969453444473	1.1710236392107156	1.1490647577486222	1.1151558839009077	1.183929432400758	1.4076176844928683	1.3990405318588017	1.430285157395422	1.4546020266505695	1.4178329099460079	1.3876225427892488	1.3768750951072186	1.3481375603261576	1.336302337499925	1.335710962519601	1.4058676763233078	1.4291651974621622	1.4073172188810181	1.3842075744284772	1.3677905900208873	1.3638029093386395
0.5665955979055157	1.1646509252682247	0.991246542232675	0.8840284883151879	0.8030843895008768	0.9136228493427875	1.2974245115425878	1.2853857010520162	1.347873682157159	1.3068305345856916	1.2486402823760185	1.2039592437331685	1.1580594584830888	1.140631498642389	1.2217090488900464	1.1868630326471348	1.17393671999282	1.2379551301449552	1.2680564382644213	1.236726080090099	1.2162072443116838	1.2692449619853463	1.2984048778841766	1.2726995627681084	1.253546526427323	1.2890340268709464	1.3337118834339055	1.3170745313116774	1.29418677079808	1.2727886558479968	1.2521378806624535
0.012533658782824838	0.02541489110328549	0.027627296253913157	0.024589905819378078	0.0805399128228726	0.13045583251214754	0.1481419760648878	0.17897784168396624	0.4314140250892796	0.42049767702800595	0.5742334724726513	0.5847550921457173	0.6368500392823134	0.6143390796221113	0.6233693344100927	0.6200445043363433	0.6720582281372101	0.91391971019042	0.9087622692806403	0.9022105787754062	0.881755925438927	0.8616031294192587	0.8460782314038975	0.8473367290332925	0.8527424065221718	0.9844244994208619	1.003373815328866	1.049531621780414	1.0508940892705927	1.035635499463943	1.047430959851038
0.04420323055855285	0.167928372506377	0.2104967241034076	0.25786675629874395	0.4553523211386604	1.036941119282038	0.9865251755018923	0.9344585133656264	0.9900555556187184	1.0077377467983981	1.185169706869414	1.2190078250188212	1.181789549418719	1.1703924717781533	1.2560540693235922	1.274247210875473	1.3203208110956495	1.5337847404628067	1.496883876834868	1.4627520456723522	1.4324415173763363	1.4097745437705347	1.393155159661499	1.4596135250749722	1.4324808649766703	1.40769448905888	1.4005108449548056	1.3761373752319457	1.3557935227771876	1.3347942587700132	1.3204859601848216
1.3299593336497377	1.4590198869879687	1.4986805179902076	2.0125895510866325	1.9762342409708749	1.8833730303541485	1.7517731953996643	1.6809234708448493	1.6995588067351353	1.7569453391191947	1.9246068351230368	1.8934046796190998	1.846574096509324	1.7844979494054825	1.746145298090202	1.7903246905889882	1.8036613210449748	1.8040540506714204	1.8206129704315939	1.8626365997844516	1.859356432952299	1.8166856564844809	1.7796896627627232	1.7576630088323277	1.7466457640464124	1.831042189761417	1.8056574724891061	1.785240551559983	1.7541945158712413	1.725510428756444	1.6992974986589733
0.4756826765636112	0.3509600492981751	0.288944281347453	0.27487851104127486	0.25614432900135314	0.26335544974715613	0.2928839694124495	0.5217845354778745	0.4968096959440465	0.5679633523349563	0.6736120794145432	0.9971304958230844	1.0570008172276124	1.0481243267731766	1.0405219217692856	1.0706573811745406	1.2758625212344066	1.2845599986665155	1.2751213212255956	1.2494990660986947	1.2449346631846372	1.312241712035946	1.35697301345468	1.3776382412567392	1.4187373550866496	1.5066211112320953	1.5174443470051417	1.4908288938977043	1.464902252061421	1.4404226744589184	1.417301408538409
0.26792338930860227	0.4422358231454469	0.3754849390044678	0.4623920893136365	0.5860840373714944	1.0205198817776935	1.2530374776285882	1.5302100559353713	1.5944409688309504	1.5126368647845796	1.4574636871042912	1.4519703236272972	1.4000064148741582	1.4250719680984283	1.3879138323204008	1.3624013669849713	1.328053417254358	1.3730196510890902	1.4753924768951119	1.4728530551238943	1.458540644104623	1.4353957788332397	1.4263339246971631	1.5198743304012996	1.4955534339412486	1.4667151748558909	1.4469578898153936	1.4209752588061335	1.3981785746337945	1.3817464967633093	1.3794056875902396
0.029816651820026914	0.2960618529011204	0.49724690118004977	0.43083046610742376	0.3894108754508615	0.3554896223125782	0.34730109209073334	0.341357166036509	0.3784182193263162	0.5787412164287781	0.566403329188574	0.5456237204763639	0.543929004290405	0.5241600887772256	0.5130837981000529	0.5512276422895687	0.6064108125231189	0.6012477100920693	0.6317820541901858	0.7690369499928552	0.8611512703835348	0.9269763103398933	0.982233220845351	1.0869149733480656	1.1460331163255566	1.1239762129146669	1.1083218500317358	1.1270863135941982	1.1188218662971707	1.1163522397210188	1.101754047201218
0.23874990846509775	0.8295985932041018	1.1961945715748454	1.036888651832274	0.9476163720069483	0.9911501490216228	0.9176536272153216	0.871415096612491	0.8295370119639403	0.8277572731200777	0.9706755821712909	1.0408409144906225	1.0018820238479096	0.9923465699086172	1.0078575221059602	1.1862846718039022	1.1766723379850343	1.1442383985824154	1.1217417860365444	1.0961532651942592	1.0901562622436707	1.157652214058856	1.171328235316392	1.1466872379864255	1.1251542824675758	1.1049082911387944	1.102606524977897	1.0871628735924495	1.0930931972083542	1.1047514118245945	1.1619804059264678
0.807423499359766	1.5113112537990072	1.3382697522787979	1.1665371114916243	1.1341879194341449	1.0500316299463548	1.0297926655689777	1.055221340649504	1.2220420554534985	1.1648313865497837	1.1187455693299408	1.1155556067590557	1.0732592917062183	1.051382886266359	1.0491700235873345	1.1353671855522969	1.1389943119551487	1.1125795294011869	1.1077329607868116	1.165816795078636	1.1557895811696044	1.1706527593611376	1.314222417675611	1.2890301301037335	1.307365180476382	1.2841647040238988	1.26363298421591	1.2949745305337212	1.3270747727203043	1.3183448152470818	1.3000857647123125
0.18972362342108082	0.23259323022453035	0.4595123920306144	0.399067494635596	0.4673528696773702	0.746690489803913	0.6917062476855188	0.6724359600124586	0.7181171175569449	0.7048090371505976	0.8638815461203126	1.014464052950152	1.186875548924921	1.1509450791734666	1.1184287567972426	1.1083698133066429	1.075720470240239	1.0516029014449102	1.0516276247578866	1.0828249714397906	1.0860809088341918	1.2137085747217378	1.1999620924660241	1.1852314771286119	1.2532806060812747	1.248407637206195	1.226163516329411	1.2183586440222882	1.2635376295634102	1.3086578199568655	1.3642135993878197
0.27412523501626773	0.20323598529985207	0.44656222859426964	0.8425095389799986	0.8885407312177831	0.9312405453834851	1.3881381809155715	1.2991887161866513	1.2488052532253655	1.3506016434281984	1.3732799794531847	1.3351144489359117	1.3190339900133339	1.4893972197806402	1.4699093540769497	1.5469108056254812	1.5754473674328016	1.600189224713089	1.5705127128240672	1.5334329076531386	1.5033028308278298	1.468742061276603	1.4404509198793618	1.4298079905095746	1.4056019638118515	1.3902999297835787	1.4297666701535405	1.4251757269408107	1.4152706117337102	1.4659038658377475	1.4527999108173448
0.26682375021407007	0.215689171685436	0.43618223272660467	0.4724981676769563	0.7113383947823395	1.2227424528818593	1.2756265508367863	1.2766351427811542	1.2396419138864532	1.2441071635940628	1.503098823916477	1.4425603949507992	1.3938068745958736	1.3881834906675827	1.3411486791871576	1.2989386393871996	1.260159940409874	1.2277582468215686	1.216833018987262	1.1969188285016117	1.1762131411141081	1.187914556035546	1.2635581837287346	1.3654765559825137	1.341678272643939	1.3164179761297583	1.3043852811143504	1.280964461548042	1.2586883527661357	1.2386622400245166	1.2224525763853211
0.11490992348312327	0.16804862733364243	0.3385245651462541	0.40123961210172737	0.4266945514163333	0.5948511533306413	0.8877706761821907	1.3214797676805154	1.34281140575967	1.3896649204217597	1.3266889537806155	1.2757568735751266	1.2444951785882516	1.202336221548952	1.1778212167441044	1.1968531172944339	1.2383916955852152	1.207159314485148	1.2090077107652062	1.2691542923923194	1.3767504852836152	1.3577779625498745	1.3280419935513985	1.300516577868142	1.2743124579952987	1.25083878351838	1.229312456344051	1.2185251717019103	1.2319642876824282	1.253912042386802	1.2346547399138472
0.018261104774034795	0.21439431524343186	0.17886675821481385	0.2137715936160817	0.3435200457165374	0.5695927944992445	0.527432240291795	0.5090756722012689	0.49839165890770926	0.5426547189848716	0.6624821148896937	1.0036770033081774	1.0597856599699107	1.0430746913664826	1.011454885108108	0.9923705127435035	1.00212189746818	1.1102643699263721	1.226509541841973	1.2022251995153554	1.178589118571425	1.1961555287606322	1.1861844556431063	1.1912570514228664	1.1705021409679577	1.1800966270307727	1.1580922834857956	1.139220328964264	1.1194288465522948	1.1007305326089072	1.084724892155064
0.2803291354246106	0.650294122557132	0.5316420183656031	0.4990824678201925	0.5108792006849462	0.4687572794752314	0.4654266529697891	0.4962784787354459	0.796427273513613	0.8143317655441713	1.02012452995395	1.2077064967920559	1.328977341757546	1.318395926539117	1.3323398278497827	1.5442825689796107	1.5017827796029382	1.4594781113433977	1.4225245913335094	1.3896692548703704	1.375794374326472	1.3810138067865583	1.5161052570447964	1.4867179506667045	1.4575156716783118	1.4325251479073118	1.4113559375059053	1.4391694973075557	1.4141392481401647	1.3960507844183399	1.3790992922760337
1.3624203913795467	0.98155496071109	0.8027604885082114	0.7070408826271004	0.6346388635935433	0.6225339640255128	0.7468843219679268	0.8410512550944992	0.9106806758195234	1.2821573930967438	1.2332881667626485	1.1844614578679953	1.169795911799652	1.1279660875314828	1.105231313379487	1.1087740627444393	1.1981151761821858	1.1666346758293684	1.1360571700495858	1.1097842466723036	1.08700664933866	1.086648920491576	1.0772154151150204	1.1543438784048312	1.2057860287798008	1.1842457543853302	1.1672358245090753	1.213441736161425	1.323085567214938	1.3051270099547723	1.2839042504929008
0.3265059900780785	0.35811539356142225	0.7630456598382844	0.6613114023587275	0.6915409473111841	0.7232398270070873	0.981818856049542	1.33952937779994	1.2795987756324254	1.22487579525825	1.1679907122782496	1.1183056676203071	1.0746858861868367	1.0357519609432533	1.0006875438316787	0.9694683127443247	0.9405232981709271	0.9180536309645231	0.9000780315763144	0.9073027601264024	0.9051900850597121	0.9725142659915261	1.0269269891634452	1.037580514790525	1.0277719512833772	1.0665322542552211	1.0573137451195218	1.0875784245545468	1.1455564862806484	1.2294013900297196	1.2142049780792648
0.26927128224535674	0.19701887571820906	0.21619879023643956	0.45224158124432334	0.7494195673452315	0.6864620947108341	0.6826667205156312	0.8076320563493778	0.7976406052821782	1.0586135156542396	1.0097120839482927	0.9878399499924048	1.056184488504949	1.052664324907361	1.0601210635137412	1.0536436892366263	1.189729478007364	1.1597757499774242	1.149131936010759	1.2203441481726327	1.284469548708049	1.2570099770576095	1.2419086968733242	1.289629578919102	1.35504735390805	1.328786535535326	1.3098463390870743	1.3203059108344888	1.2976439936523843	1.2760995947017006	1.255350806487021
0.2718985905227057	0.4275883481556442	0.5056618028009966	0.45419845962997607	0.5447483885024191	0.662418837028031	1.1663088321871413	1.091057591240162	1.050057535557058	1.1517112605914175	1.1867150690014456	1.176048379195584	1.1683976186011298	1.3472435013275423	1.308751148973773	1.318778858724662	1.4208879684977014	1.387880003094596	1.3676414553470326	1.4140781527345527	1.4026651160398256	1.371289860674129	1.348469477245471	1.3489488884335497	1.371640166926631	1.4723710493361897	1.4453517985601676	1.41930763386336	1.3947048426152204	1.371268698620336	1.3489720550274003
1.1487089521435832	1.5248233386984458	1.7716474796634778	1.541659996644197	1.4239428153929863	1.5035723754245285	1.4451120323719735	1.641407149164013	1.6443968256610157	1.6375600477149954	1.821259728978129	1.8440446864405722	1.7943293468536246	1.7291038885003642	1.672223886754389	1.621744406357655	1.6015907170577661	1.5575236868217603	1.5175665258038074	1.4793318242575577	1.4520122988149584	1.43715617883495	1.4635154970510524	1.432736003375121	1.411157142017012	1.3938220560604255	1.4370688081654346	1.4125218950722587	1.388113878728864	1.3650375517537567	1.3445360125064074
0.621214227786788	1.2302737118575189	1.1036716023145845	1.4664993765093022	1.5358290022089298	1.6710568109862562	1.8570172948361718	1.7719068442504027	1.6744840959927472	1.6274392702196452	1.5517095923537683	1.4861216106616166	1.4304356017810993	1.3887057088468997	1.3499551605950042	1.362610588334875	1.41769612990058	1.4703772943021267	1.456241200707424	1.419378060805996	1.3860227913234948	1.3541960919331946	1.3269036339414555	1.2992461719308517	1.2771237497201338	1.2714497231687423	1.2911744929071203	1.2689927769480174	1.252606866431602	1.2699114566308574	1.2552541280622316
0.75740553269436	1.3459504978241807	1.099018851336762	1.0422285860614848	1.0221049477860409	1.3643364327762901	1.2818217994576198	1.2372895624607816	1.3641994573839828	1.4791616828858898	1.4122459100745672	1.3687585953847297	1.4399510249007044	1.5388867506473143	1.486713774646727	1.4559295285543914	1.4563683117815613	1.434860932159132	1.5068578225338625	1.4837702292699868	1.4539048442932923	1.4654500569778786	1.435926397844417	1.4076371769460365	1.3819000649135484	1.3769232203491746	1.3834014009497466	1.4282989231054728	1.4177405586361223	1.4040444416007485	1.4070692205641002
0.6058525881249189	1.2252323134245964	1.034045516107363	1.2452874889557566	1.2666087537035635	1.6193237175261108	1.668850460300495	1.6249268526476148	1.5320177388843645	1.455151747262319	1.3948758939109671	1.35505456401385	1.412696029197838	1.386087348862384	1.4246268309864067	1.5690410233393635	1.5502364475032642	1.5339956577994744	1.4953230129156394	1.4733849185005168	1.5011104458093827	1.5000401875824423	1.5611549736588954	1.6324750724318575	1.6093441134054505	1.634085257829994	1.6665017687179726	1.6508797230905246	1.6256152205337684	1.6042654496077877	1.5846470813839117
0.18884131743806484	0.31821775480211484	0.8202238717509318	1.1325998036646463	1.017528145165782	0.9545081318548381	0.9971371194334384	0.9378482719197081	0.8870644838800078	0.8436991989339259	0.8175776616149286	0.8138804029539399	0.8826665118166354	0.8737340856517041	0.8946610581984152	0.86690998356804	0.8587618237575502	0.8537297774427502	0.9405367225350852	1.0635238727602514	1.0874157469994323	1.070690075822487	1.0575157508482933	1.0487699575416625	1.1348889069826809	1.1195347229987676	1.1004935681970742	1.0820527288304727	1.0639932824712006	1.0549072525644454	1.0894455869852813
0.3765299443387595	0.597276432450025	1.0372361846631397	1.167083127748988	1.7915333352516134	1.6769092167342452	1.5566463957563932	1.4568686951035834	1.3810838315741596	1.3392665545988365	1.3044391866369824	1.466151241332192	1.542663554988455	1.5338468285960118	1.5004936157394833	1.4801794838633773	1.4733160138255776	1.6299005998270686	1.5962569501847268	1.645199666072135	1.6338477312518154	1.6027965889460272	1.5697189589736018	1.5433157283250458	1.549983524519493	1.5200043364011635	1.4923965401297932	1.4655410579941948	1.4425672459271652	1.4367424546535181	1.4161067886448853
0.7854426157139335	1.0048233442827528	1.4083508902412913	2.1032493240461854	1.91228093534762	1.8090883242965448	1.7986564196589057	1.6882130052964606	1.6211116975601843	1.6995614235529322	1.646641653556764	1.5800034730875283	1.5212173498249448	1.4697906679953732	1.448364811651204	1.4885152318000785	1.5802297799756861	1.5605841097807747	1.5327722141887226	1.528139768741883	1.5110605747682084	1.5868904242743478	1.5539119885390256	1.5276155808935012	1.5540738510460905	1.570454439543461	1.5580635977333568	1.5344192367904597	1.5454528757926518	1.5200874667938393	1.5056103955092528
0.010223650398819426	0.12791024392170366	0.11719773744097386	0.15734049766055547	0.3873369755158134	0.35401158483648815	0.3299493127962864	0.30880593524826583	0.2911692296411869	0.27694386020551837	0.2713167880291769	0.2921469696240755	0.28133871929619486	0.2729005762233844	0.2638881097910683	0.2577418357878283	0.2570146631477007	0.26166414048250947	0.33034508806920554	0.3766989715712073	0.3907585122967924	0.4562504176509456	0.6436330797470121	0.8256200706672299	0.8399172718505445	0.824275574237933	0.8174664216548821	0.8046826737659722	0.8143379822643625	0.8770524646435164	0.9361563068677674
0.7366973106780355	1.3304049633100061	1.5536874933527	1.657195707466648	1.4822949440730586	1.3931672757906175	1.3987648941642554	1.5327798888248718	1.797854855393475	1.7099556275739514	1.6305412057119977	1.5611761118736278	1.5000231276605847	1.445611112136228	1.4023825800958798	1.3639742602679183	1.3576115309529782	1.3615307839947166	1.4431905339323419	1.4219674143243994	1.3981502062068072	1.392316586719709	1.3679484938953774	1.3996379327566941	1.3773703402023814	1.3512371755592123	1.3287134989358835	1.3253972783934354	1.3480445311454614	1.4711609729802337	1.4505586078376689
0.6277467347815782	0.9751553314919433	0.8640405568208259	0.97624317529437	1.4342962747553836	1.3800249835515106	1.3104502511310663	1.457454765598496	1.4129140181212634	1.3430434535592748	1.304497568038879	1.2974044001531697	1.4083108732370504	1.5107889939781651	1.485169386643762	1.4501288085129176	1.4804370365893809	1.438796165361979	1.4085257710320125	1.3839328938468016	1.408179613676393	1.4401262513089081	1.5343436931772099	1.5594097595170002	1.557989760727374	1.5279245206989298	1.5011453642384576	1.4765954902000824	1.4548256761538634	1.4624133469606004	1.4387263999162772
0.10398106819288978	0.17609240715186603	0.17432311812383372	0.16632427087172122	0.41688759760544036	0.7351756189755129	0.6878270643042365	0.6476677946468666	0.646115447496808	0.6183483586333878	0.691320769700366	1.012468706882579	0.9786312497352949	0.9431064098465389	0.9127296237010322	0.8854513118208778	0.866745011569009	0.8788750119195321	0.8562510104915616	0.8594905087025019	0.867014684736312	0.9833721682184241	1.067372790118968	1.056888465462376	1.0510777067175268	1.1026552952435456	1.101668809310476	1.0932239014946032	1.0990581486768063	1.2134028463354456	1.1937226461304404
0.19026653404194283	0.2602280496076081	0.3557811181844151	0.6434830985814328	0.638665653876487	0.9699911708171576	1.0203152365691301	1.0073170978460602	1.035547302111876	1.3616984326592405	1.3078958488374202	1.360168590929058	1.3465913336317878	1.306895518150365	1.3206096699376755	1.2788796993746259	1.25421890071362	1.2288225168806324	1.2865579625275363	1.3260818306993016	1.303443576640405	1.2795378177788608	1.3283760151065298	1.3538643063984845	1.3299803844855842	1.3109210305025483	1.3435007588322563	1.4016782753648167	1.3789356802041524	1.3732328696495193	1.4171753444861275
0.035254910454048285	0.19457987935640114	0.1926803478848375	0.20053426993307988	0.2681057154123874	0.482035881430787	0.45131554299584	0.4248357147122096	0.44017987776576006	0.5140220116382007	0.56892696943525	0.9431219119914945	1.045519144325456	1.008158881154789	0.9876797211396762	1.0307920080298443	1.006529424177301	1.0771792823628428	1.0485861743830833	1.0288954640977876	1.011971464126718	1.0514193762435045	1.0549896538817298	1.1040466088519016	1.0817429740366193	1.066331392548387	1.0517957178894959	1.0555533574826046	1.0387001140031082	1.0275724901429335	1.0299305338925584
0.3846646712295087	0.2722432091344082	0.23657615071842453	0.24699800076353126	0.2779370869998158	0.3059514350183779	0.44355914190851015	0.7606294197418207	0.9607329531424529	1.4273927984364878	1.412117197284019	1.4597019362086834	1.454558348352492	1.4016586013760752	1.3572259724805773	1.3230115838042533	1.3286829899303048	1.327834364192275	1.4987277384163427	1.4694080069111237	1.5107536181455792	1.5508475218252615	1.5192995508618266	1.4894602047054566	1.4705436933686582	1.4430876772956491	1.4408484516898679	1.5023606731423065	1.4826244217632143	1.4580547249571014	1.4345621760486802
0.13532710181347454	0.16578191678270707	0.1958037212523261	0.17712812177706821	0.3164500997836066	0.6567759526404934	0.8096720004482726	0.8450665488302054	1.155497380695011	1.143518280408331	1.1136957203080469	1.2281574205022134	1.1867815930435333	1.1443408921725613	1.107990040816608	1.0765669301193102	1.0721631569526533	1.0591107222827127	1.133594142533927	1.2709527947498949	1.2426225595357068	1.2142521747065258	1.1903675147505643	1.1709647416858844	1.1770038620265457	1.1966732737235015	1.352942441153735	1.3301247884788365	1.3074584055453833	1.2856298140504818	1.2648522678950158
0.15988886142384895	0.26900470904116436	0.24874605769522226	0.5040095751368125	0.8900479142791766	1.102058609822564	1.0320280800090467	1.0310122869386686	1.1918597030373779	1.3007434677127614	1.418466571207534	1.4314342609900212	1.4018228354247568	1.4635236961266334	1.5474868039984648	1.559412842656156	1.5138257880256882	1.4858959998896244	1.4974789208891308	1.5404058112611196	1.6647229891947457	1.628536800820323	1.5948843304212532	1.5613704582870649	1.5307336253539958	1.501568744288713	1.4802965163091018	1.4796796329800985	1.5198740121588152	1.5006212830517307	1.4816150121842522
0.20818018185759876	0.4068638207643564	0.5211242947967458	1.1778222952276125	1.1186414818862753	1.0330378599300998	0.9972327256795426	1.1029844547798684	1.2392779402571088	1.5601555164413625	1.533647394967023	1.5318132884849467	1.484627614235705	1.4313407657628476	1.3918790582321212	1.3566948872069566	1.3829534597429833	1.3924585931594087	1.4172348977802933	1.3936624193704277	1.4161886958004308	1.4777715979599975	1.5747619708331173	1.5417236326111596	1.522846125514789	1.5458986254417848	1.5188603589026297	1.4915396040878786	1.4662341048457834	1.446179487912021	1.4307393266510757
0.5311024990915778	0.507455025411296	0.8624389685322265	0.8955850612785341	1.4976438361008673	1.393140776356042	1.4084379508207812	1.6010138211648484	1.5473891499043402	1.5629715240611735	1.6517524465181934	1.5884001843914182	1.5384898612199833	1.5422830279837654	1.5026561839593588	1.4733893341596938	1.4405330179830738	1.4759141092653598	1.513985214958837	1.4904336312204343	1.455959659193547	1.4377987801592627	1.4066934145472296	1.3770981734043208	1.349297590686118	1.3231603480754166	1.298854024982522	1.2755999601500103	1.2537152811852652	1.2328003204013516	1.2128140324437615
0.04052027862519012	0.09218348495725856	0.18214358250744755	0.27088547585831513	0.47424558876452805	0.48950403427795164	0.959251710480373	1.4155373837334844	1.3567638467335017	1.306775929846388	1.2465422576660492	1.196537450659887	1.1534193027413588	1.1565862915354028	1.1189190799466728	1.1051027385217171	1.1239829369857277	1.2139846926336106	1.1823800631352097	1.157497603499956	1.1406866949173216	1.1393673091635692	1.2733003168716333	1.262208738747495	1.2553604453867817	1.3507731150038789	1.3499999416257977	1.3293041394831933	1.3077005137865725	1.2901252557260001	1.3045511325257637
0.8131375964523235	0.5897344363046322	0.4830066573604971	0.4314676492593406	0.38646358060028374	0.3528353286625346	0.32720284539374084	0.31806424328780086	0.30132874737721665	0.30064606867785104	0.3816268634056677	0.36622218522609834	0.35823032579161534	0.35238982093910864	0.3732801894504305	0.39710768190974627	0.573594765404159	0.7246249113264545	0.8360402626575019	0.8175591153001669	0.7994530112702768	0.7838514819199648	0.7722526751760447	0.8063394615046489	0.8472537628127902	0.9698577895535019	0.9975817577775781	1.0155164812776745	1.0407456511001516	1.0537340629542835	1.1581786345342018
0.38272026604976195	0.3490540202288041	0.4418039632514755	0.6421796654363134	0.7947800389023769	1.4865168727926246	1.442751227692007	1.5935291420694555	1.681029260678694	1.7234449529801719	1.6760994641851958	1.6048743073159284	1.5425075591256288	1.4864089131311369	1.4363847925256181	1.3914659888777197	1.3541546618549225	1.3178231247410486	1.2928235707451263	1.3291586807144928	1.3032275609346682	1.2834322674193375	1.3455634917894457	1.3603464013669035	1.3370135144109994	1.3196696259493073	1.3900761275679367	1.384566035191563	1.3698235715190537	1.364961333876816	1.3540402708811734
0.528729320040606	1.2366141295694457	1.1045668773713981	1.0242010512461932	1.3405513598251442	1.3815589557229662	1.298601686474801	1.2612302166247746	1.421588397364839	1.3736560375285662	1.3191218233278126	1.283651496250157	1.2414345537893021	1.2795022885378047	1.421948243674317	1.4168142028002284	1.4577075406334121	1.4247456632633748	1.391858473611175	1.3906729166386032	1.3637843942024388	1.357122877536382	1.331512210815087	1.3152365948331708	1.293833481360556	1.2911097411261312	1.3153066514563043	1.3672243955263967	1.352554507470778	1.3358159150284006	1.3359308845162265
0.43742209289817024	0.7915651333227011	0.6501126149277192	0.6900501067934615	0.7421082414768403	1.0316470991643163	1.2382836226916665	1.1598642807625361	1.1168208467358056	1.2139993240783482	1.3709859100205122	1.3146543562486948	1.2675608373118485	1.2277439373346215	1.2008750102922776	1.2426572595332623	1.2333854789338559	1.297587664494222	1.413289180544908	1.3804799447079552	1.3853600083456075	1.3545128540861424	1.3286737541477904	1.3422255233019171	1.327501447442195	1.3185197061375848	1.3072415368601995	1.3664987404827602	1.362039523133526	1.3730024813643982	1.385511075661354
0.494091223022669	0.46886019053746975	0.7970138245220935	0.9161461685446924	1.6371356171395839	1.5105012414401249	1.559772455016158	1.505071911841105	1.4347694512953892	1.4639732650181514	1.3960560431727447	1.3433167153140624	1.3077218786444054	1.353823260717851	1.3113158616954634	1.3039615392644714	1.3129955594664082	1.4824363479739207	1.4689728450279436	1.4754873210607535	1.4499315487820839	1.417759595315439	1.3912911903164362	1.3690111772757436	1.4001102669748902	1.40964455905438	1.3990688194964027	1.3898984812446247	1.472024942362402	1.4579610987936993	1.5009770818116421
0.04276435900460294	0.31008727240672757	0.3588056750814347	0.4234698713872187	0.7645026230224308	1.0590006419337075	1.562881188189097	1.4629492386523424	1.3894709749249359	1.3291056758080864	1.2759917964261531	1.2398619750834121	1.2708818956766827	1.3003340960000167	1.457782748061902	1.4801060783143771	1.5105694520809743	1.48870422940672	1.45657972408547	1.4429953192462068	1.4150898020579241	1.4558152719877582	1.437693874010944	1.4092019033141894	1.394234650923552	1.4104947160651484	1.457290377148307	1.5171222615681126	1.4908062690030324	1.4716405011435707	1.4809438516071145
0.09973075913007502	0.07435214278569996	0.08418823109895493	0.10146679765198992	0.09346868453671939	0.08923020298770346	0.08263666614931713	0.09124022116798998	0.16643773341236584	0.25105418220743214	0.26183069913	0.45620612456187903	0.7902361591251689	0.964644296020251	1.0758314358061132	1.0829284593318345	1.0563884742167668	1.029171431215777	1.0062919332866491	1.0276021859481468	1.0804635202906288	1.1998680352807105	1.226560111359945	1.2754625701871687	1.2689947665491617	1.2467712344628747	1.2588599901490334	1.2366019055627266	1.2159562277829061	1.1957184799809146	1.1772878934133604
0.398045577236384	0.3233371181894555	0.4605884793449276	0.8327868557692768	0.829759048731723	0.8551788470946324	1.2034973686611072	1.197260620125646	1.1714286784946142	1.2129280694986633	1.1709734303860868	1.20799485150477	1.2466200495804398	1.4154385279325956	1.450291362234618	1.499001378633053	1.4867835524872264	1.4521021500351805	1.423003180949968	1.4141853034253573	1.5088917544143328	1.4746617644679854	1.4566924685947082	1.492233371061955	1.4689854542668692	1.441188599398096	1.4152033219851057	1.3905094025668048	1.3707917487214936	1.3582741765731945	1.3586053257283357
0.029350776922227415	0.026999322161881504	0.02254234163743712	0.05012111408239139	0.0827700595092718	0.1112092322321162	0.1742428915734809	0.359309469925831	0.397345568989806	0.5533966519824597	0.8830619607574149	0.9294359843012587	0.9884880744947326	0.955544968081407	0.9329724647952208	1.0069035820612797	1.029763748152267	1.0199901119582009	1.0238468035518264	1.176551966941682	1.1562712258242531	1.207803220168851	1.2141381595944545	1.1907113225143002	1.16716363210569	1.1473460679430258	1.147440330278444	1.1268187775905874	1.1090295009086648	1.0904030140788399	1.0728991238688337
0.31064094642300427	0.5885548428652075	0.9344182541843047	0.8377813189882027	1.1589219733277432	1.120317661365089	1.1110098947183966	1.1082899856741133	1.4372827689537275	1.4811861273431632	1.5757420529402015	1.540145261748396	1.482724195217207	1.4695843953999272	1.4199011908708399	1.3750484069750486	1.3339929598497373	1.2964319879363533	1.2618880236892134	1.2300793398026855	1.2004508558708709	1.1729013862090945	1.1477799291289557	1.1247197293899847	1.107154190094778	1.1060374704710367	1.124531318736984	1.1201815488291647	1.2160109027907127	1.1988226047011354	1.1890964366638643
0.9652686992363747	1.7888125365453862	1.8565739621449797	1.83616373332847	1.68872385545448	1.8342917252286217	1.7936137116334614	1.8970002163055626	2.1680821431533746	2.0623393159459957	1.9665392904526942	1.8835730454575161	1.813153541711089	1.7496465833238246	1.7145438219672595	1.723053254347239	1.7652546885268348	1.7156726940157079	1.6812924734452004	1.684109841108448	1.6494363556581215	1.67040822559568	1.6360967406326417	1.6370083453291993	1.6320430383557494	1.7517513586566908	1.7230765520338687	1.6923477921544792	1.6629152346851959	1.6353969575576799	1.6098317344332311
0.17557773551162284	0.12684285987160718	0.1086596889215973	0.1321042184700526	0.1430211180899807	0.13087418073472362	0.12863153640044453	0.12032789177521616	0.1636031786716017	0.18474378600939667	0.28474628320843715	0.41719702659063157	0.7262563861463465	0.7085188335928214	0.684637125254323	0.6632490445316096	0.6447876498146389	0.6345410592427928	0.6445155488327695	0.7154579502664281	0.8287324200006384	1.1159980880604854	1.102684197593719	1.0944414440637877	1.1101543909310179	1.0953931419897884	1.0965624505922276	1.197744192598291	1.2005501498947748	1.1835409604215112	1.1925954797422955
0.645084670646253	0.46730379834302943	0.4476233050670604	0.564512017070343	0.9207150735026294	0.9078099677783711	1.154863850291519	1.1070976536896253	1.1644421701536334	1.3821390624135979	1.7102455224251167	1.6500344430352305	1.5853965632756588	1.528001727002506	1.4783253424239158	1.4341448886365793	1.417781510557555	1.3905075357762715	1.4601598614259266	1.5844516039610346	1.5516111442039071	1.5167402849951381	1.4837865784326425	1.4541572718242313	1.4276373930616166	1.4156426059492973	1.3940970449377443	1.4054729542344266	1.4982359219553023	1.5058239584211153	1.5356742758078277
0.008780895206098798	0.3542336906020472	0.628834157351237	0.5820845421200923	0.655948422211954	0.9199193118566507	1.226860038180345	1.619759109725313	1.5280179964882425	1.4688813013910853	1.41175039510139	1.4056585722304251	1.4858338805891573	1.6573323459434361	1.6176721091337478	1.571785904614776	1.527530638337475	1.4886654088761428	1.473924914182367	1.4575603518052818	1.5604449638268194	1.5507994158700222	1.5640423594421582	1.6078736850658464	1.575462136790685	1.5530450227701176	1.5797506542995132	1.5868732702835269	1.5742674409778663	1.5612898951681107	1.6205663404765116
0.02079599145808027	0.015756471827580366	0.013221298048776788	0.045024330555629086	0.042228812530822314	0.056271028878545674	0.05328017157371664	0.0586337617658432	0.05548902927553828	0.06005748469447843	0.05726351143398789	0.05484534129145706	0.05388553605189293	0.0610696266833382	0.0618574181895609	0.06020337966613458	0.07518425418362684	0.09980014755965616	0.13403641571082958	0.19408782736872177	0.395832301271739	0.44815095408344224	0.7299347594434082	0.7367161937460458	0.7233091206555897	0.7288757106385817	0.7182459901429563	0.7233397181037874	0.7819127330495098	0.8340716945900184	0.8210206447585209
0.11396711003624066	0.08151424513831648	0.14214821248544648	0.13370423669393844	0.2759215624012098	0.3244426331386399	0.5889848596325011	0.9955423736203478	1.0508700705883347	1.039317781906812	1.0214812749695612	1.021141635181279	1.196431440780964	1.1530360891790978	1.1312784047672313	1.2244515048540754	1.3433833004781266	1.3082710650812026	1.2761642180841555	1.2551403208934548	1.2255439110772977	1.2075208048774697	1.2018707852312787	1.234384495653075	1.210767006039432	1.2060191257048491	1.2159542856759356	1.319055624526883	1.3035761680958469	1.282351973854471	1.2707246224615039
0.9117995554461525	1.1268080034088843	0.9676195347857192	1.0726644529965843	1.4278458424576232	1.6910798140673642	1.6937003348854862	1.5893883250202776	1.5272051617172355	1.4995913067660473	1.6661631999520927	1.6176269815758129	1.5732943709402432	1.6491998213314616	1.6212849865793868	1.5709980891795383	1.5309712674460527	1.515488092615008	1.5803306724998085	1.6216858736258468	1.6180108516413443	1.6162161793549998	1.6999394636910992	1.7159292837904074	1.6877492976991588	1.6551515382319497	1.624226997325696	1.5951800637894267	1.5683772239683622	1.5448427966151588	1.5324038223557126
0.03804239170155108	0.3438363830635226	0.5997806223967304	0.8324472316596141	0.7992291587616317	1.1532762048746925	1.0678141329707462	1.029367568368984	1.106519634842912	1.1005498907641758	1.3166541050064675	1.3156433022426985	1.2719336154373584	1.276546308115294	1.2553481818630141	1.3806490660887532	1.341128242545081	1.316306855841091	1.3756250102856233	1.4651441573148143	1.4331773335060654	1.4018955229873173	1.3940818814079068	1.373433118761381	1.3771088767337452	1.3849139139072875	1.4336839539981583	1.4084834272924647	1.3868642499663253	1.379047792759087	1.3593260713066417
0.7188763291214857	1.2301579899786426	1.009445503130954	0.9467163655773905	0.8468452285878904	0.7760680149962743	0.7309295773279036	0.6925342224847814	0.6652498682343355	0.7090100072902126	0.8567819086480359	1.1067598280201985	1.4079201797237662	1.364285904096182	1.4387660112490006	1.4141642522784772	1.377994824002888	1.3753713052333738	1.3415111029730993	1.307992642749942	1.2772573375477867	1.2577643402355627	1.268781630053708	1.2784311785726261	1.2693459050360258	1.3560888752017413	1.3374443583548077	1.322111609400899	1.355502821794966	1.3566769302829589	1.3466147632314915
0.3805239738390948	0.2825394340075223	0.23694882308306403	0.2103894718503588	0.21661205059870997	0.20107837349419888	0.22825001666184444	0.40281461693762777	0.5040894628407313	0.5390660513891559	0.6745315887274115	0.9776396208137076	1.2436971563175696	1.2046138635767554	1.1699557723197829	1.1719913671462099	1.1386681192304815	1.1190740137747461	1.1010989909690825	1.1406699333835968	1.2271110537978764	1.2676013872974754	1.2502295806832617	1.2249102457806358	1.2033380634127107	1.1949767080844012	1.244718908082395	1.2773786510652763	1.3326489270999484	1.4055432652579603	1.3886827972458724
0.0885408549848691	0.06740529946731355	0.08155514907091863	0.11043611605266605	0.09992199925120954	0.10137758978800726	0.16172967142412936	0.2597301283463618	0.30427203340817555	0.459238180058646	0.9019255972966996	0.9364837181829928	0.9211526718096467	0.911323627148571	0.906976207339728	1.0808163659673993	1.0833531168585173	1.0537529265235324	1.025661622289491	0.9997288906757927	0.9770423274197239	0.9555356311936352	0.9500461877630536	0.9700195554146344	1.01134900025685	1.0043330809924447	1.0439381632942086	1.1279448578643247	1.219705705129228	1.2026652057673297	1.1856679556631609
0.5743922968940118	1.1158766811171072	0.9123151369744397	0.9414731814982551	0.8420807772866601	0.782853435596029	0.7860408597674952	0.8710695148566681	0.8528737768405906	1.0093994316504686	0.964475785496366	0.9634750713158114	1.0418257520346232	1.1930958506025653	1.3840654707857627	1.3498740665544797	1.3794326436628945	1.3999319143569084	1.3637682167007148	1.3419365577550144	1.3403738912954322	1.4329769181732752	1.4708010407823118	1.4425938718951212	1.4176762952351747	1.4060394804150358	1.3813449611864608	1.3570832540012634	1.3338976125653392	1.3136138086871172	1.3014104867808776
0.45008702655039273	0.8971817386513626	0.7544755607236726	0.7106686602071555	0.9376634924765982	0.9513509543225355	1.2699297029265137	1.205163374831397	1.1636507453293798	1.2547911002733558	1.2985728393734526	1.265241997369675	1.2424315460852209	1.403098109385521	1.4014840890525684	1.4432355998904765	1.462129194921508	1.422171136874002	1.3934029132569847	1.3963586530441967	1.4494317414498052	1.5387553132549756	1.5101292187953967	1.5219597975753387	1.5498338018143742	1.519799246753923	1.4958083995643696	1.4896958587192883	1.464419679834859	1.4545274566684367	1.4312239790777364
0.11211461436125396	0.12669878219479	0.19460821527639413	0.29273544069822943	0.26229663314077095	0.23958433522762476	0.22198584255100057	0.2087459511301195	0.1969042232391958	0.1876216671825865	0.18029889359953355	0.18659000521084662	0.21019529556780228	0.33515298164071733	0.446682381791657	0.9037621413314407	0.9597303086825881	0.9608748042944948	1.004444549889064	1.0035752682214452	1.2098925695339526	1.2186692134941313	1.203520666035867	1.2023493824482048	1.1953324093070357	1.3142360945619926	1.4125236655189455	1.4323442894887435	1.4231704328244787	1.4112706286644447	1.4205170145368786
0.29283927472514115	0.23802891722424593	0.19962162478978207	0.22603510763578955	0.30199996261055595	0.3496818259407266	0.5773234255242794	1.096586885314412	1.0651628497131462	1.0169782462963637	0.9762203347016654	0.9441435798226095	0.9845082748119335	0.9486994366307051	0.9226632698629751	0.8949836490851475	0.8735866173207394	0.8840722733018836	0.8903636926491881	0.8833817082810757	0.9063560082776357	1.009763107900183	1.148893280770982	1.129643586144941	1.1103545905938288	1.1071861741433255	1.086784454460979	1.0726532656947618	1.0672087336782037	1.0898970765772902	1.0751614417090252
0.9156853942999486	1.329312501426344	1.1372431916735828	1.2843656664696075	1.2291179011113462	1.4697824596658833	1.4823006497114435	1.52151378201686	1.8169818907073565	1.7775289437198785	1.76611343565049	1.690935283340574	1.6297951816249976	1.5999731753759956	1.5479887433003998	1.5228089189646532	1.5096395837203336	1.59709091142862	1.6261602279749072	1.6173285838246527	1.5786200769620224	1.550081587783985	1.540171289328826	1.5472431208631274	1.6843461099579413	1.6532017205234142	1.6234022765444491	1.5948583085819825	1.5672768409157645	1.5419773564814505	1.5171994979983485
0.47341641714789523	1.0329342544303417	0.8515607061733477	0.8980150327526492	0.8290840218077973	0.8583481939877001	1.0457384567470915	1.2434072430963814	1.173915221345464	1.1263544574719715	1.1246908314112614	1.0819850299276303	1.1141135853554271	1.2066347484967979	1.3463182634458697	1.3723819347235369	1.387654837972815	1.3762050865117477	1.3765783180284474	1.5133708875248844	1.481768856278463	1.5160040550497993	1.5163833440048342	1.484933379192173	1.4615686771369005	1.4447553376989903	1.4924667869684858	1.473201642365057	1.4558913366963435	1.4867593801211407	1.4877349782020326
0.4035360223175382	0.3032013969401086	0.2931845756507564	0.48702916284185793	0.43567927739822776	0.39838411361597625	0.36893059640882253	0.34537901872530846	0.3290117859557811	0.3160862900951396	0.4112140702370561	0.39401023380849176	0.38741088853562106	0.4066148396650306	0.5462641496034252	0.5528972195899838	0.7457561852522796	0.8465289536818075	0.9816550333886982	0.9638722756610776	1.0028479073607843	1.1475074301091501	1.2756495208355116	1.26801573144762	1.2543092014223225	1.3118148732452712	1.3053256282550378	1.2845458846120366	1.2717006949656862	1.2805006891822455	1.3434730481279815
0.38510743621778437	0.5558832834336594	0.4541949862921955	0.40220139877520567	0.37654021954749284	0.43318288713109354	0.557048084507024	0.9256309700395458	1.1391625880852891	1.1035483596199636	1.065730347067033	1.141750268299664	1.1843038897700604	1.2584548031868124	1.217778983732137	1.204241851100684	1.2725643612024502	1.29565804914831	1.379810158400591	1.486556636573172	1.4562710913537804	1.4537509725990407	1.5260297225608486	1.5029819917989746	1.486055170042339	1.5144753817088326	1.4904407325992133	1.4640808491959068	1.4410566555147297	1.4254523835797048	1.43746192522293
0.2577012112668264	0.25211259413598575	0.34514070899829735	0.3373754297628775	0.4645686266348301	0.8480393487989046	0.8477831503450414	1.0252477651390512	1.2713973295863508	1.379090249151859	1.317327182878448	1.28313207452188	1.3675797540783996	1.3309928890158271	1.2880493815880762	1.256566925719263	1.2538418698633413	1.311033412565587	1.4164234049764697	1.4239382338145887	1.3932731501215059	1.3617447056156196	1.3331255125121362	1.3195478070023325	1.3091449164158304	1.396316678291236	1.3811503830711256	1.3991774326253847	1.4689425087212618	1.4665283757215544	1.5014448749354796
0.15165377377636605	0.17605864202881	0.3298559875974176	0.46748741361521307	0.43152044080117563	0.45637568341866525	0.5036332894447115	0.8073239384731039	0.7632852179031375	0.7640611906189921	0.8399187353568006	1.0739118933561569	1.3184279498300986	1.2751142771411041	1.2803332677611936	1.369201754490622	1.3286686392058655	1.3048106890819051	1.33822513164809	1.3393632712208854	1.3335847697420031	1.3274045125807992	1.4512405145623897	1.4209459221712875	1.4136122600651646	1.4271714756319793	1.421148693048705	1.473049247405601	1.5089216249452817	1.4836746260535043	1.466518714296366
0.4196895484976706	0.2986041748691634	0.252874464035495	0.27535815521646395	0.3238440159902933	0.4455636142686994	0.7792790970476473	0.9981927965585017	1.0856717091084978	1.0504329665265346	1.1076182939994434	1.1809287398569994	1.4414130482063765	1.4313114832689375	1.4641643033306468	1.4732773663852083	1.4327371131430398	1.3924386167594012	1.3567694655080147	1.323492703180853	1.3115377461082758	1.281501930754244	1.256730093831246	1.2403009668527032	1.248908991983405	1.2254917856495302	1.2084353659645288	1.1866834304828306	1.1665320150409066	1.1491142725808439	1.1315655694672637
0.8351955431138013	1.233653373431982	1.188556267935775	1.806105650591851	1.6668518523138434	1.5334037661921356	1.4897635015740367	1.3937634282945357	1.3151277447351801	1.2476887415025353	1.1919815632352087	1.1489262401385838	1.140137336897565	1.0994968606504398	1.0626182247609703	1.0290046752212225	1.0010950294536234	0.9731511994006379	0.9474470578199632	0.927445536025557	0.907878506116631	0.8906088133571365	0.8765923516624129	0.8966175567033619	0.9274881074032573	1.1306716417673859	1.1097074157884963	1.0973358706380372	1.0811193497977252	1.065403373929316	1.0555537017230252
0.9261166342695303	0.7218053557282348	1.0081447623084556	1.4727824074951341	1.64535818941718	1.7425201622326174	1.7046148934199403	1.609903021889106	1.5299879842169628	1.480194226857156	1.5994828763222053	1.5874749457274833	1.5417076206805285	1.5656088540391404	1.5659103019798284	1.6488485543279923	1.7048349015267004	1.6871120232264534	1.700733230069194	1.712059291647077	1.6709955939089962	1.6411525276392152	1.6349815292754994	1.6261230672185432	1.7027473434235547	1.6815845272484982	1.6598856998481035	1.6328601358283892	1.6147296049328121	1.6300468397702899	1.6440588755363514
0.024380358546062988	0.22898124773985198	0.2643917786464155	0.41122640588298637	0.7741197297617817	0.9381197266304315	0.944245036554575	1.218313401911638	1.2195997758635935	1.265983221196944	1.5624677842465142	1.5028135414139068	1.4444907997780663	1.3921352383008199	1.345093853116571	1.3035956749212327	1.2712360719382454	1.2428024094778498	1.248388962198173	1.2844475808011213	1.363524072234992	1.3445081612951635	1.3247227775369121	1.328749564295372	1.3027828999539897	1.293379148420912	1.2696692243367602	1.2528804631018151	1.2457504257186043	1.2680962374625362	1.2482130298479424
0.17773627786486637	0.12607379538104319	0.12222778840848816	0.27416897044033656	0.39041219450347553	0.4824472260946947	0.6404685326449833	1.1475795805791098	1.1438458322748295	1.0930461853769635	1.1034267859598985	1.0692477261217423	1.1593455738814225	1.1689877564832711	1.1589179170117205	1.1659792925309478	1.3695898394142572	1.3329745572730116	1.3536345464355353	1.3489252653595156	1.3346829065261279	1.4269867429570635	1.404649121277168	1.3801641158153082	1.392540328008218	1.3764637147231251	1.3666652901951346	1.3507074475784966	1.4013236298243137	1.4318393663868576	1.422503693246019
0.09558666839893482	0.09066223736093401	0.07405748694295304	0.06482018331238763	0.058334272928808564	0.05899457620812846	0.09315464983252512	0.11925221390740882	0.11281148243932573	0.1519800209496651	0.26144617524666386	0.2901004563590568	0.48259347304859496	0.891409229087202	0.8970140024687522	0.9648761153788906	1.0085814784174938	0.9813370420019027	0.9555004284651228	0.9313330325447304	0.9089553813945292	0.8942829413112751	0.8920576383603603	0.9101427755176946	0.8918137602334831	0.8786862939909023	0.8624752873627068	0.8472226109742877	0.8338838934053984	0.8209005557780086	0.8108552983127912
0.5085292794720614	0.5940697142727286	0.9071501039250753	0.8994466077344315	1.1137757852667918	1.0350808367786348	0.9732484841149213	0.9307183369091044	1.0030369916170259	1.043342300058181	1.2039083335306269	1.1559760555266725	1.1188490941786617	1.1122313863094475	1.074529619920243	1.042668812268104	1.0193604251738486	1.007610744438774	0.9815085897812127	0.9568111586226822	0.933874393112996	0.9125902836215076	0.892558067693332	0.8739149018838542	0.8562990591574877	0.8397626570463347	0.8241209305385789	0.8093606799335006	0.7952946810153778	0.7821175292270379	0.769694439440176
1.420408509017189	2.06946451089246	1.8766765395502334	1.8458005133283941	1.6510983687360408	1.5227015474042476	1.5141620731370322	1.540336482190176	1.6104740729457563	1.5309057741098875	1.4655504277617426	1.4362991816266704	1.3817281625050195	1.3325161268244154	1.2877512284996528	1.2496780622389334	1.2157191015219517	1.2022988742995842	1.1741600771713157	1.155926637825456	1.1421102907673149	1.1890189095127535	1.2166088501734817	1.2193753864192585	1.2072237133870851	1.243537643438611	1.2281316150439443	1.2369137879229826	1.3132727686206596	1.3235141069850846	1.3109018815984432
0.04525943452974441	0.3519265675368725	0.322999321302238	0.4376294247721014	0.8213079360933417	0.7706641767123321	0.768747152839038	1.088405708397126	1.1635983292923515	1.1193668758672457	1.1156037528242817	1.3368760121932342	1.331739183654471	1.3487011107054978	1.4037389851018414	1.3717465377789961	1.3639342710546203	1.4990134501383146	1.4676763854077055	1.4305371669010594	1.398819426889026	1.3691526111183732	1.356850022680825	1.3748746797848073	1.429863760238818	1.4070490396007347	1.3856885961000875	1.377977963024102	1.3540371301961547	1.3324423652175124	1.312102442014275
0.002609357275828498	0.0963701843907398	0.4577862412368085	0.3995480032170817	0.36646821892969267	0.3430274807676005	0.37988548386033777	0.35536266433195574	0.359033507287319	0.48308393260574145	0.5059101377817895	0.5133981764094999	0.5937957570547867	0.7463677626107198	1.061384726209499	1.1322187197628653	1.1933693206136382	1.165136576933449	1.1354425519823517	1.1136417986572187	1.0868601127495208	1.0619016523716356	1.0394248491977367	1.0191504112483845	1.0024442410588539	0.9900778255296486	1.0157088570872408	1.0149011543163047	1.1054416038950592	1.098427703109842	1.0866701580927502
0.6692561215914824	0.6096487309523506	0.6281029332014824	0.6881272087701137	1.2186238476474587	1.249055012617337	1.4589972180728807	1.9007742168000337	1.8111529199561571	1.7233451950012537	1.643439684666268	1.5737070932946462	1.5126758135227607	1.463372926697273	1.415286134431625	1.382442195168417	1.4438636150944792	1.4696597148160766	1.4347205125547435	1.3990908451452553	1.3674591182083327	1.3388211042981866	1.338057032956867	1.315408905794759	1.353275737765046	1.396510490331115	1.453263849977866	1.4286267541638524	1.4064735626180453	1.3987736910110218	1.376049905150217
0.15347377536788792	0.6976638129491414	1.116341767068122	1.3449555686148196	1.207221504752542	1.1678881636632072	1.2800791404379992	1.2977869558197754	1.509951316044726	1.6469223776593098	1.6338663766734909	1.6946696751395507	1.6887579479184516	1.6308332719400853	1.576156368614534	1.5285491675615717	1.496516549183711	1.4577023213074676	1.4704423778861033	1.5531225367449737	1.5492027059764581	1.5724339798227802	1.5510249971670107	1.5272091070598033	1.5253246256185153	1.4979779927619281	1.4910649438032917	1.4647262484624215	1.4393381882808285	1.4152967115198176	1.393156039782794
0.4233325084180523	0.35945426083169757	0.5952603229425504	1.1838375891894914	1.0803647179762899	1.1026119177286675	1.3280584918678817	1.2738046888966106	1.2144633926738055	1.176906886763403	1.12587099694295	1.1293196025961885	1.2101110799790655	1.3474714960685594	1.3583624762511148	1.3733959787733765	1.3628033526972838	1.3609734888672003	1.4966269236432206	1.4587372339936993	1.4440533961937156	1.4148013067404255	1.4034854179808416	1.4428933909268054	1.4882501587141097	1.483801910427207	1.464484281755029	1.474793034832927	1.4661104554626307	1.5122815065723314	1.560729581771767
0.16067399662543444	0.3087430559696014	0.5716359040453318	0.6248848161790107	1.0060116626572706	1.4122304193900426	1.3938044238431693	1.3383291308150553	1.2855195955507286	1.2685145030992684	1.4659160887218172	1.407711949120095	1.3747101503359689	1.4616542002744661	1.5497160114632786	1.5011515538833218	1.4739906477708649	1.5340420009562754	1.5813212338246425	1.541299749787819	1.512764254965809	1.5326599473744273	1.6145166798710227	1.5885372437101193	1.5616486189991416	1.531944338801223	1.5056537955761873	1.4806764451197942	1.477800573914692	1.4530633669061068	1.4304221662334902
0.08535776987646067	0.1371609654230427	0.3337573753269241	0.49934809394632895	0.7295083945450402	0.7114267561810342	0.7612248735169157	0.7249309758822728	0.7292470552351173	0.7341182706055637	0.9049720435626256	1.0860195770115721	1.1262003151221023	1.0854549166441412	1.0523871207165512	1.0216378858352142	1.0133459742086013	0.9857548967187068	0.9669195892308816	1.0032755073299948	0.9793009608360987	0.9664997588219776	0.9984719758324334	0.9810573109275159	0.9684180360402866	0.9506183880018595	0.9369977354339567	0.9458295361593687	0.9375001626560228	0.9260985529267965	0.9253309296692309
0.5972982144696125	0.9533017427181192	0.778641433529163	0.6747943259382562	0.6094381404080713	0.593564133009901	0.7074650719817673	0.6839135636675259	0.6448132527159698	0.6196472752333791	0.6034758081127259	0.63332983801539	0.632478729688766	0.7155041684620586	0.904412419822974	0.9938808551768059	1.0279925578568623	0.9993755328076657	0.9774423531341284	0.9738483955032056	0.9530459319942555	0.9835429322125673	1.0457848701101624	1.1384666239987613	1.1644401681557937	1.2184526690180395	1.2076566218786071	1.1898946791099563	1.2134071968343474	1.2235811753946657	1.2361689921062966
1.0638861628462253	1.5999042720663437	1.307692864605559	1.2043128017538698	1.1865462050603306	1.6204885426231659	1.5416803631782747	1.450901239501534	1.4123402248232546	1.340996158837341	1.321708346168347	1.408362211619843	1.5139291273656375	1.4627895812233171	1.4192942213444941	1.404412681190635	1.3655337305076491	1.3494717080460221	1.3916158400935024	1.4713273795696347	1.439971608626522	1.4170767707265783	1.410123182364877	1.381122089875226	1.3555327100634114	1.330169891692125	1.314402879249646	1.313359743729203	1.3643990398413286	1.3487270472834707	1.3272507147137174
0.4157065048345669	0.9448936857809114	0.7787781123127226	0.6783486221131965	0.609514131931207	0.5688781595762565	0.5729089135111058	0.5904050031136526	0.6349920378875127	0.9545676485197171	0.985564328167993	1.0554656271606333	1.3589018580182688	1.3116680147744086	1.2690692902945637	1.2289072381158122	1.1954466153354637	1.162268067545955	1.1406518796982184	1.1521232902248446	1.1732014408140652	1.1692507363046898	1.2332724627652678	1.2671836691334943	1.2832124179019708	1.3445954054138165	1.4035546827988712	1.3796018259892233	1.368350147197799	1.4110226980529401	1.4233990160593584
0.6842908769328235	0.5441417895164801	0.781497715604695	1.2356419078516991	1.345585751950619	1.2390486160452463	1.1474042632006327	1.0733103964982578	1.0186920599376108	0.976847189582028	0.9814022850464709	1.0552649995313395	1.341297904886918	1.3205539660566048	1.323584470682253	1.3310926919638932	1.2941790789386964	1.2719255784641401	1.3241228807420213	1.2906638671386375	1.2706512114228328	1.2926749699227822	1.29232070245093	1.374864262812213	1.4240778608880702	1.4248733666758278	1.419002724381418	1.4200173316514488	1.418147298812588	1.4816734527517217	1.4818108873914575
0.9493401079209691	1.6713861183004501	1.3765863584497213	1.2840518293515961	1.4257517062937943	1.494952491124211	1.4090370349878105	1.3357190250369504	1.4570029016086514	1.4982717048031204	1.4319201372376114	1.387259242395605	1.4552839815665906	1.5277344490015736	1.4759516239143273	1.4401681640137927	1.4586580096140949	1.4612370155910308	1.4522267224961571	1.436177127496134	1.5088442013029664	1.4826228577776723	1.45477707297083	1.4586011275059974	1.4335184164771595	1.4144978416525822	1.3900191070990857	1.4035631952916834	1.4391298644522106	1.4565469706858327	1.4377554045731407
