-0.2827986571422291	-1.8628463701808	-0.9673351869986724	-0.2837702729981984
-0.2317108161297003	-1.8086795308526138	-1.0406787495870389	-0.3018601497848363
-0.18874187078619462	-1.7389301605674936	-1.1178221400921073	-0.3218793485749146
-0.14360193133657323	-1.65575658887697	-1.1982970081419952	-0.34395613883646836
-0.10337963323698873	-1.5617125414865969	-1.2814195675649533	-0.3682341458830343
-0.0652950264558123	-1.459556080919478	-1.3662530615806303	-0.3948720104604736
-0.033184709378716766	-1.35206331139151	-1.4515765076929343	-0.42404249828171603
-0.0018803782071898714	-1.2418719943931695	-1.5358665957383657	-0.45593119329441
0.014169071556810143	-1.131362934117294	-1.6172970310525625	-0.49073510073315346
0.03769359567963064	-1.0225831926679103	-1.6937669709322816	-0.5286595745888677
0.058912952190563084	-0.9172093535581675	-1.7629558638791067	-0.569914617289204
0.0781983810563341	-0.8165431455045356	-1.8224320325905996	-0.6147108055989536
0.09589246257055352	-0.7215310601817458	-1.8697777166738445	-0.6632509108893598
0.07783447329368536	-0.6327999824804953	-1.9027683240800546	-0.7157215885934517
0.08114590818683973	-0.5507011577059994	-1.9195417358953795	-0.7722829295337432
0.08773473041666328	-0.47535652117042393	-1.9187802854847367	-0.8330500127497922
0.09958085325809528	-0.40670507361038677	-1.8998419739313002	-0.8980773323132338
0.11096485399131159	-0.34454447683252826	-1.8628463701808	-0.9673351869986724
0.12207620585842589	-0.2827986571422291	-1.8086795308526138	-1.0406787495870389
0.1330904912210726	-0.2317108161297003	-1.7389301605674936	-1.1178221400921073
0.14417189901057575	-0.18874187078619462	-1.65575658887697	-1.1982970081419952
0.15547550043538483	-0.14360193133657323	-1.5617125414865969	-1.2814195675649533
0.16714942364471222	-0.10337963323698873	-1.459556080919478	-1.3662530615806303
0.17933710221428323	-0.0652950264558123	-1.35206331139151	-1.4515765076929343
0.19217916210069808	-0.033184709378716766	-1.2418719943931695	-1.5358665957383657
0.20581553447567127	-0.0018803782071898714	-1.131362934117294	-1.6172970310525625
0.23202189948008767	0.014169071556810143	-1.0225831926679103	-1.6937669709322816
0.24841693469364276	0.03769359567963064	-0.9172093535581675	-1.7629558638791067
0.26610184673529386	0.058912952190563084	-0.8165431455045356	-1.8224320325905996
0.28523596110992394	0.0781983810563341	-0.7215310601817458	-1.8697777166738445
0.3059862277719547	0.09589246257055352	-0.6327999824804953	-1.9027683240800546
0.32852817961696107	0.07783447329368536	-0.5507011577059994	-1.9195417358953795
0.3530473345084102	0.08114590818683973	-0.47535652117042393	-1.9187802854847367
0.3797394944201614	0.08773473041666328	-0.40670507361038677	-1.8998419739313002
0.40881149223227226	0.09958085325809528	-0.34454447683252826	-1.8628463701808
0.44048099693185955	0.11096485399131159	-0.2827986571422291	-1.8086795308526138
0.47497563134693704	0.12207620585842589	-0.2317108161297003	-1.7389301605674936
0.5125318288257732	0.1330904912210726	-0.18874187078619462	-1.65575658887697
0.553392156482725	0.14417189901057575	-0.14360193133657323	-1.5617125414865969
0.5978008496919004	0.15547550043538483	-0.10337963323698873	-1.459556080919478
0.6459991950280343	0.16714942364471222	-0.0652950264558123	-1.35206331139151
0.6982166394349086	0.17933710221428323	-0.033184709378716766	-1.2418719943931695
0.7546600024753168	0.19217916210069808	-0.0018803782071898714	-1.131362934117294
0.8155011244247141	0.20581553447567127	0.014169071556810143	-1.0225831926679103
0.8808554035672106	0.23202189948008767	0.03769359567963064	-0.9172093535581675
0.9507626376473345	0.24841693469364276	0.058912952190563084	-0.8165431455045356
1.0251570272238126	0.26610184673529386	0.0781983810563341	-0.7215310601817458
1.1038336006807754	0.28523596110992394	0.09589246257055352	-0.6327999824804953
1.186413242118966	0.3059862277719547	0.07783447329368536	-0.5507011577059994
1.2722959397744198	0.32852817961696107	0.08114590818683973	-0.47535652117042393
1.3606241314741	0.3530473345084102	0.08773473041666328	-0.40670507361038677
1.450237787387735	0.3797394944201614	0.09958085325809528	-0.34454447683252826
1.5396485518763328	0.40881149223227226	0.11096485399131159	-0.2827986571422291
1.6235689157645454	0.44048099693185955	0.12207620585842589	-0.2317108161297003
1.6928049796529006	0.47497563134693704	0.1330904912210726	-0.18874187078619462
1.754257049260437	0.5125318288257732	0.14417189901057575	-0.14360193133657323
1.8298121430381185	0.553392156482725	0.15547550043538483	-0.10337963323698873
1.8873113439998888	0.5978008496919004	0.16714942364471222	-0.0652950264558123
1.9416522022611322	0.6459991950280343	0.17933710221428323	-0.033184709378716766
1.9877181665528545	0.6982166394349086	0.19217916210069808	-0.0018803782071898714
2.0102855927854577	0.7546600024753168	0.20581553447567127	0.014169071556810143
2.0130874137358727	0.8155011244247141	0.23202189948008767	0.03769359567963064
1.9951829074512077	0.8808554035672106	0.24841693469364276	0.058912952190563084
1.9565532973679203	0.9507626376473345	0.26610184673529386	0.0781983810563341
1.898131360953231	1.0251570272238126	0.28523596110992394	0.09589246257055352
1.8217240507837429	1.1038336006807754	0.3059862277719547	0.07783447329368536
1.7360056644712047	1.186413242118966	0.32852817961696107	0.08114590818683973
1.6369460619902105	1.2722959397744198	0.3530473345084102	0.08773473041666328
1.52827093883742	1.3606241314741	0.3797394944201614	0.09958085325809528
1.413126949923598	1.450237787387735	0.40881149223227226	0.11096485399131159
1.2923392526589386	1.5396485518763328	0.44048099693185955	0.12207620585842589
1.1752249075375132	1.6235689157645454	0.47497563134693704	0.1330904912210726
1.0596420347477404	1.6928049796529006	0.5125318288257732	0.14417189901057575
0.9524458779078768	1.754257049260437	0.553392156482725	0.15547550043538483
0.862796816076238	1.8298121430381185	0.5978008496919004	0.16714942364471222
0.7624093325242509	1.8873113439998888	0.6459991950280343	0.17933710221428323
0.6683918492700059	1.9416522022611322	0.6982166394349086	0.19217916210069808
0.5811908907757904	1.9877181665528545	0.7546600024753168	0.20581553447567127
0.4864589041462288	2.0102855927854577	0.8155011244247141	0.23202189948008767
0.3992833565705056	2.0130874137358727	0.8808554035672106	0.24841693469364276
0.3180721144602371	1.9951829074512077	0.9507626376473345	0.26610184673529386
0.2553623889037525	1.9565532973679203	1.0251570272238126	0.28523596110992394
0.19905628222788724	1.898131360953231	1.1038336006807754	0.3059862277719547
0.12582704627424957	1.8217240507837429	1.186413242118966	0.32852817961696107
0.07938611477755153	1.7360056644712047	1.2722959397744198	0.3530473345084102
0.03899326585748786	1.6369460619902105	1.3606241314741	0.3797394944201614
0.001356590167744365	1.52827093883742	1.450237787387735	0.40881149223227226
-0.03238248294093732	1.413126949923598	1.5396485518763328	0.44048099693185955
-0.055503237364965784	1.2923392526589386	1.6235689157645454	0.47497563134693704
-0.08384319900744627	1.1752249075375132	1.6928049796529006	0.5125318288257732
-0.10962700871497867	1.0596420347477404	1.754257049260437	0.553392156482725
-0.09766774248020477	0.9524458779078768	1.8298121430381185	0.5978008496919004
-0.10419252220292176	0.862796816076238	1.8873113439998888	0.6459991950280343
-0.10332973854324642	0.7624093325242509	1.9416522022611322	0.6982166394349086
-0.11144154271874043	0.6683918492700059	1.9877181665528545	0.7546600024753168
-0.10699507722310497	0.5811908907757904	2.0102855927854577	0.8155011244247141
-0.1215942695854905	0.4864589041462288	2.0130874137358727	0.8808554035672106
-0.13711710712991293	0.3992833565705056	1.9951829074512077	0.9507626376473345
-0.15729148974506138	0.3180721144602371	1.9565532973679203	1.0251570272238126
-0.18398733359066244	0.2553623889037525	1.898131360953231	1.1038336006807754
-0.19883064179437246	0.19905628222788724	1.8217240507837429	1.186413242118966
-0.21411761455375888	0.12582704627424957	1.7360056644712047	1.2722959397744198
-0.2557655869552882	0.07938611477755153	1.6369460619902105	1.3606241314741
-0.2896826968939323	0.03899326585748786	1.52827093883742	1.450237787387735
-0.31258460780065295	0.001356590167744365	1.413126949923598	1.5396485518763328
-0.3471350837091269	-0.03238248294093732	1.2923392526589386	1.6235689157645454
-0.37093548607287746	-0.055503237364965784	1.1752249075375132	1.6928049796529006
-0.4143464753224841	-0.08384319900744627	1.0596420347477404	1.754257049260437
-0.44285074801677626	-0.10962700871497867	0.9524458779078768	1.8298121430381185
-0.4784111081587913	-0.09766774248020477	0.862796816076238	1.8873113439998888
-0.5116093529499033	-0.10419252220292176	0.7624093325242509	1.9416522022611322
-0.5132113866931793	-0.10332973854324642	0.6683918492700059	1.9877181665528545
-0.5364709936646957	-0.11144154271874043	0.5811908907757904	2.0102855927854577
-0.5749779028921623	-0.10699507722310497	0.4864589041462288	2.0130874137358727
-0.5985350219953666	-0.1215942695854905	0.3992833565705056	1.9951829074512077
-0.6125409986281088	-0.13711710712991293	0.3180721144602371	1.9565532973679203
-0.6333054725410485	-0.15729148974506138	0.2553623889037525	1.898131360953231
-0.6813036823023908	-0.18398733359066244	0.19905628222788724	1.8217240507837429
-0.73296537650392	-0.19883064179437246	0.12582704627424957	1.7360056644712047
-0.7836801756722008	-0.21411761455375888	0.07938611477755153	1.6369460619902105
-0.8430808127725706	-0.2557655869552882	0.03899326585748786	1.52827093883742
-0.9110194326699671	-0.2896826968939323	0.001356590167744365	1.413126949923598
-0.9781159957826232	-0.31258460780065295	-0.03238248294093732	1.2923392526589386
-1.0488852717279027	-0.3471350837091269	-0.055503237364965784	1.1752249075375132
-1.160377067199847	-0.37093548607287746	-0.08384319900744627	1.0596420347477404
-1.2377950053430098	-0.4143464753224841	-0.10962700871497867	0.9524458779078768
-1.3169136246580146	-0.44285074801677626	-0.09766774248020477	0.862796816076238
-1.3881390509632732	-0.4784111081587913	-0.10419252220292176	0.7624093325242509
-1.474607559310823	-0.5116093529499033	-0.10332973854324642	0.6683918492700059
-1.570727613658882	-0.5132113866931793	-0.11144154271874043	0.5811908907757904
-1.621357165402716	-0.5364709936646957	-0.10699507722310497	0.4864589041462288
-1.683223926754886	-0.5749779028921623	-0.1215942695854905	0.3992833565705056
-1.7361938080154722	-0.5985350219953666	-0.13711710712991293	0.3180721144602371
-1.788964360459633	-0.6125409986281088	-0.15729148974506138	0.2553623889037525
-1.8298954045508304	-0.6333054725410485	-0.18398733359066244	0.19905628222788724
-1.8667506010995267	-0.6813036823023908	-0.19883064179437246	0.12582704627424957
-1.9162293394076115	-0.73296537650392	-0.21411761455375888	0.07938611477755153
-1.9261447208770286	-0.7836801756722008	-0.2557655869552882	0.03899326585748786
-1.9183657421110951	-0.8430808127725706	-0.2896826968939323	0.001356590167744365
-1.8907386221284443	-0.9110194326699671	-0.31258460780065295	-0.03238248294093732
-1.8451721277816424	-0.9781159957826232	-0.3471350837091269	-0.055503237364965784
-1.7829106857883144	-1.0488852717279027	-0.37093548607287746	-0.08384319900744627
-1.7005707972747874	-1.160377067199847	-0.4143464753224841	-0.10962700871497867
-1.5975109836334542	-1.2377950053430098	-0.44285074801677626	-0.09766774248020477
-1.4820003403815911	-1.3169136246580146	-0.4784111081587913	-0.10419252220292176
-1.3674152327108977	-1.3881390509632732	-0.5116093529499033	-0.10332973854324642
-1.268568909748147	-1.474607559310823	-0.5132113866931793	-0.11144154271874043
-1.1661053883578398	-1.570727613658882	-0.5364709936646957	-0.10699507722310497
-1.060085813333171	-1.621357165402716	-0.5749779028921623	-0.1215942695854905
-0.9644663756207346	-1.683223926754886	-0.5985350219953666	-0.13711710712991293
-0.8861264260463232	-1.7361938080154722	-0.6125409986281088	-0.15729148974506138
-0.8042241892604632	-1.788964360459633	-0.6333054725410485	-0.18398733359066244
-0.7211068556702656	-1.8298954045508304	-0.6813036823023908	-0.19883064179437246
-0.6363064451378542	-1.8667506010995267	-0.73296537650392	-0.21411761455375888
-0.5578717291588002	-1.9162293394076115	-0.7836801756722008	-0.2557655869552882
-0.47852177670763296	-1.9261447208770286	-0.8430808127725706	-0.2896826968939323
-0.39904507142535955	-1.9183657421110951	-0.9110194326699671	-0.31258460780065295
-0.33632147932038126	-1.8907386221284443	-0.9781159957826232	-0.3471350837091269
-0.2827986571422291	-1.8451721277816424	-1.0488852717279027	-0.37093548607287746
-0.23152809115847806	-1.7829106857883144	-1.160377067199847	-0.4143464753224841
-0.1925239590636688	-1.7005707972747874	-1.2377950053430098	-0.44285074801677626
-0.16963358637718026	-1.5975109836334542	-1.3169136246580146	-0.4784111081587913
-0.14200132152095846	-1.4820003403815911	-1.3881390509632732	-0.5116093529499033
-0.1383221732286158	-1.3674152327108977	-1.474607559310823	-0.5132113866931793
-0.11304725898725924	-1.268568909748147	-1.570727613658882	-0.5364709936646957
-0.090888736900266	-1.1661053883578398	-1.621357165402716	-0.5749779028921623
-0.0846819840415325	-1.060085813333171	-1.683223926754886	-0.5985350219953666
-0.08931326519579995	-0.9644663756207346	-1.7361938080154722	-0.6125409986281088
-0.07489942402470322	-0.8861264260463232	-1.788964360459633	-0.6333054725410485
-0.04294025585395619	-0.8042241892604632	-1.8298954045508304	-0.6813036823023908
-0.02360143594333876	-0.7211068556702656	-1.8667506010995267	-0.73296537650392
-0.012742656334596363	-0.6363064451378542	-1.9162293394076115	-0.7836801756722008
0.0075045082598271095	-0.5578717291588002	-1.9261447208770286	-0.8430808127725706
0.023763583849810564	-0.47852177670763296	-1.9183657421110951	-0.9110194326699671
0.037254918986370865	-0.39904507142535955	-1.8907386221284443	-0.9781159957826232
0.06152803968898541	-0.33632147932038126	-1.8451721277816424	-1.0488852717279027
0.0755839769756689	-0.2827986571422291	-1.7829106857883144	-1.160377067199847
0.09007301051856838	-0.23152809115847806	-1.7005707972747874	-1.2377950053430098
0.0984848757103398	-0.1925239590636688	-1.5975109836334542	-1.3169136246580146
0.10697084246660024	-0.16963358637718026	-1.4820003403815911	-1.3881390509632732
0.11565081880121687	-0.14200132152095846	-1.3674152327108977	-1.474607559310823
0.10642481130344271	-0.1383221732286158	-1.268568909748147	-1.570727613658882
0.11467393279583148	-0.11304725898725924	-1.1661053883578398	-1.621357165402716
0.10537864841637236	-0.090888736900266	-1.060085813333171	-1.683223926754886
0.11337111769347763	-0.0846819840415325	-0.9644663756207346	-1.7361938080154722
0.11702600111166861	-0.08931326519579995	-0.8861264260463232	-1.788964360459633
0.1021982737053085	-0.07489942402470322	-0.8042241892604632	-1.8298954045508304
0.09868357887241487	-0.04294025585395619	-0.7211068556702656	-1.8667506010995267
0.10688208234118492	-0.02360143594333876	-0.6363064451378542	-1.9162293394076115
0.11780028309656759	-0.012742656334596363	-0.5578717291588002	-1.9261447208770286
0.12372058477498864	0.0075045082598271095	-0.47852177670763296	-1.9183657421110951
0.13323279228169285	0.023763583849810564	-0.39904507142535955	-1.8907386221284443
0.15886710276901897	0.037254918986370865	-0.33632147932038126	-1.8451721277816424
0.1974367932192973	0.06152803968898541	-0.2827986571422291	-1.7829106857883144
0.2234863045227132	0.0755839769756689	-0.23152809115847806	-1.7005707972747874
0.2417001913894008	0.09007301051856838	-0.1925239590636688	-1.5975109836334542
0.26166551762560075	0.0984848757103398	-0.16963358637718026	-1.4820003403815911
0.28975485599865536	0.10697084246660024	-0.14200132152095846	-1.3674152327108977
0.327774358886892	0.11565081880121687	-0.1383221732286158	-1.268568909748147
0.35598105492671134	0.10642481130344271	-0.11304725898725924	-1.1661053883578398
0.3710703472940987	0.11467393279583148	-0.090888736900266	-1.060085813333171
0.40361409531656056	0.10537864841637236	-0.0846819840415325	-0.9644663756207346
0.4393097927435573	0.11337111769347763	-0.08931326519579995	-0.8861264260463232
0.46763677996526976	0.11702600111166861	-0.07489942402470322	-0.8042241892604632
0.5094729664035966	0.1021982737053085	-0.04294025585395619	-0.7211068556702656
0.5552666158465882	0.09868357887241487	-0.02360143594333876	-0.6363064451378542
0.5786286382113903	0.10688208234118492	-0.012742656334596363	-0.5578717291588002
0.6311200550025754	0.11780028309656759	0.0075045082598271095	-0.47852177670763296
0.6883728770995529	0.12372058477498864	0.023763583849810564	-0.39904507142535955
0.7506749837052641	0.13323279228169285	0.037254918986370865	-0.33632147932038126
0.8182743882287439	0.15886710276901897	0.06152803968898541	-0.2827986571422291
0.8913589138629584	0.1974367932192973	0.0755839769756689	-0.23152809115847806
0.9700237329994272	0.2234863045227132	0.09007301051856838	-0.1925239590636688
1.054233203214064	0.2417001913894008	0.0984848757103398	-0.16963358637718026
1.1437765569168954	0.26166551762560075	0.10697084246660024	-0.14200132152095846
1.238208931435374	0.28975485599865536	0.11565081880121687	-0.1383221732286158
1.3557355122136114	0.327774358886892	0.10642481130344271	-0.11304725898725924
1.4568310038887646	0.35598105492671134	0.11467393279583148	-0.090888736900266
1.559036300024358	0.3710703472940987	0.10537864841637236	-0.0846819840415325
1.650469788952989	0.40361409531656056	0.11337111769347763	-0.08931326519579995
1.7310123427700657	0.4393097927435573	0.11702600111166861	-0.07489942402470322
1.7994183330906293	0.46763677996526976	0.1021982737053085	-0.04294025585395619
1.876283545979973	0.5094729664035966	0.09868357887241487	-0.02360143594333876
1.9552063589969464	0.5552666158465882	0.10688208234118492	-0.012742656334596363
2.0200081287194083	0.5786286382113903	0.11780028309656759	0.0075045082598271095
2.0744532283412607	0.6311200550025754	0.12372058477498864	0.023763583849810564
2.1092899126510987	0.6883728770995529	0.13323279228169285	0.037254918986370865
2.1214092317360533	0.7506749837052641	0.15886710276901897	0.06152803968898541
2.1091799777160545	0.8182743882287439	0.1974367932192973	0.0755839769756689
2.073898768117731	0.8913589138629584	0.2234863045227132	0.09007301051856838
2.0138881525427816	0.9700237329994272	0.2417001913894008	0.0984848757103398
1.927960275103981	1.054233203214064	0.26166551762560075	0.10697084246660024
1.8330701962104363	1.1437765569168954	0.28975485599865536	0.11565081880121687
1.7087299758178836	1.238208931435374	0.327774358886892	0.10642481130344271
1.590411074244761	1.3557355122136114	0.35598105492671134	0.11467393279583148
1.4641991271173316	1.4568310038887646	0.3710703472940987	0.10537864841637236
1.3241225291650374	1.559036300024358	0.40361409531656056	0.11337111769347763
1.174463165146901	1.650469788952989	0.4393097927435573	0.11702600111166861
1.0441460403449043	1.7310123427700657	0.46763677996526976	0.1021982737053085
0.9182108045420266	1.7994183330906293	0.5094729664035966	0.09868357887241487
0.8173301591945586	1.876283545979973	0.5552666158465882	0.10688208234118492
0.714283007645157	1.9552063589969464	0.5786286382113903	0.11780028309656759
0.6052068992823362	2.0200081287194083	0.6311200550025754	0.12372058477498864
0.5030228924176081	2.0744532283412607	0.6883728770995529	0.13323279228169285
0.40937290715615954	2.1092899126510987	0.7506749837052641	0.15886710276901897
0.3241325949825826	2.1214092317360533	0.8182743882287439	0.1974367932192973
0.2278997663016397	2.1091799777160545	0.8913589138629584	0.2234863045227132
0.15858137768549815	2.073898768117731	0.9700237329994272	0.2417001913894008
0.07619814185269091	2.0138881525427816	1.054233203214064	0.26166551762560075
0.019194616175975874	1.927960275103981	1.1437765569168954	0.28975485599865536
-0.04947265845887994	1.8330701962104363	1.238208931435374	0.327774358886892
-0.09619682928177971	1.7087299758178836	1.3557355122136114	0.35598105492671134
-0.1382349903378954	1.590411074244761	1.4568310038887646	0.3710703472940987
-0.183079135823698	1.4641991271173316	1.559036300024358	0.40361409531656056
-0.19894583819238235	1.3241225291650374	1.650469788952989	0.4393097927435573
-0.21545454396194447	1.174463165146901	1.7310123427700657	0.46763677996526976
-0.24495158517139615	1.0441460403449043	1.7994183330906293	0.5094729664035966
-0.24885915575168038	0.9182108045420266	1.876283545979973	0.5552666158465882
-0.2712548271097941	0.8173301591945586	1.9552063589969464	0.5786286382113903
-0.29424140842960456	0.714283007645157	2.0200081287194083	0.6311200550025754
-0.29179469048198675	0.6052068992823362	2.0744532283412607	0.6883728770995529
-0.3026273172614735	0.5030228924176081	2.1092899126510987	0.7506749837052641
-0.32455738279804147	0.40937290715615954	2.1214092317360533	0.8182743882287439
-0.34656030236198626	0.3241325949825826	2.1091799777160545	0.8913589138629584
-0.36891657166221486	0.2278997663016397	2.073898768117731	0.9700237329994272
-0.4056961544722529	0.15858137768549815	2.0138881525427816	1.054233203214064
-0.43007397820523113	0.07619814185269091	1.927960275103981	1.1437765569168954
-0.45562301270717354	0.019194616175975874	1.8330701962104363	1.238208931435374
-0.48255901239139837	-0.04947265845887994	1.7087299758178836	1.3557355122136114
-0.5301336868220933	-0.09619682928177971	1.590411074244761	1.4568310038887646
-0.561229166370957	-0.1382349903378954	1.4641991271173316	1.559036300024358
-0.5943278742278552	-0.183079135823698	1.3241225291650374	1.650469788952989
-0.6526863368751015	-0.19894583819238235	1.174463165146901	1.7310123427700657
-0.6905331912222809	-0.21545454396194447	1.0441460403449043	1.7994183330906293
-0.7307451450275736	-0.24495158517139615	0.9182108045420266	1.876283545979973
-0.7646403241094732	-0.24885915575168038	0.8173301591945586	1.9552063589969464
-0.8197955746800195	-0.2712548271097941	0.714283007645157	2.0200081287194083
-0.8667671198846005	-0.29424140842960456	0.6052068992823362	2.0744532283412607
-0.9071197920933104	-0.29179469048198675	0.5030228924176081	2.1092899126510987
-0.9358075205225168	-0.3026273172614735	0.40937290715615954	2.1214092317360533
-0.9710037589178281	-0.32455738279804147	0.3241325949825826	2.1091799777160545
-1.0018699982094272	-0.34656030236198626	0.2278997663016397	2.073898768117731
-1.049250413844838	-0.36891657166221486	0.15858137768549815	2.0138881525427816
-1.1097863332384172	-0.4056961544722529	0.07619814185269091	1.927960275103981
-1.1719181506834997	-0.43007397820523113	0.019194616175975874	1.8330701962104363
-1.2350760658377755	-0.45562301270717354	-0.04947265845887994	1.7087299758178836
-1.3132748123210696	-0.48255901239139837	-0.09619682928177971	1.590411074244761
-1.3874490651637355	-0.5301336868220933	-0.1382349903378954	1.4641991271173316
-1.446025770692877	-0.561229166370957	-0.183079135823698	1.3241225291650374
-1.5012316034892412	-0.5943278742278552	-0.19894583819238235	1.174463165146901
-1.5517822280576141	-0.6526863368751015	-0.21545454396194447	1.0441460403449043
-1.5963434879195306	-0.6905331912222809	-0.24495158517139615	0.9182108045420266
-1.6335897307449216	-0.7307451450275736	-0.24885915575168038	0.8173301591945586
-1.657118877026104	-0.7646403241094732	-0.2712548271097941	0.714283007645157
-1.6751985945231562	-0.8197955746800195	-0.29424140842960456	0.6052068992823362
-1.6828565966323294	-0.8667671198846005	-0.29179469048198675	0.5030228924176081
-1.687349958350329	-0.9071197920933104	-0.3026273172614735	0.40937290715615954
-1.6775485841253732	-0.9358075205225168	-0.32455738279804147	0.3241325949825826
-1.6710572897478404	-0.9710037589178281	-0.34656030236198626	0.2278997663016397
-1.6436694685298712	-1.0018699982094272	-0.36891657166221486	0.15858137768549815
-1.6249832391131571	-1.049250413844838	-0.4056961544722529	0.07619814185269091
-1.5922369062312287	-1.1097863332384172	-0.43007397820523113	0.019194616175975874
-1.5457140025168834	-1.1719181506834997	-0.45562301270717354	-0.04947265845887994
-1.4806729981114035	-1.2350760658377755	-0.48255901239139837	-0.09619682928177971
-1.4022868110850302	-1.3132748123210696	-0.5301336868220933	-0.1382349903378954
-1.3020161630072633	-1.3874490651637355	-0.561229166370957	-0.183079135823698
-1.1990638491519783	-1.446025770692877	-0.5943278742278552	-0.19894583819238235
-1.1238400947344975	-1.5012316034892412	-0.6526863368751015	-0.21545454396194447
-1.0432575464439289	-1.5517822280576141	-0.6905331912222809	-0.24495158517139615
-0.967913392679336	-1.5963434879195306	-0.7307451450275736	-0.24885915575168038
-0.8929677691843251	-1.6335897307449216	-0.7646403241094732	-0.2712548271097941
-0.8258430645134657	-1.657118877026104	-0.8197955746800195	-0.29424140842960456
-0.7615359570479203	-1.6751985945231562	-0.8667671198846005	-0.29179469048198675
-0.7076712726308271	-1.6828565966323294	-0.9071197920933104	-0.3026273172614735
-0.6454508799882581	-1.687349958350329	-0.9358075205225168	-0.32455738279804147
-0.5934188888360602	-1.6775485841253732	-0.9710037589178281	-0.34656030236198626
-0.5586549083191183	-1.6710572897478404	-1.0018699982094272	-0.36891657166221486
-0.5290543232523289	-1.6436694685298712	-1.049250413844838	-0.4056961544722529
-0.487738852294529	-1.6249832391131571	-1.1097863332384172	-0.43007397820523113
-0.44238627514311163	-1.5922369062312287	-1.1719181506834997	-0.45562301270717354
-0.4073197821186075	-1.5457140025168834	-1.2350760658377755	-0.48255901239139837
-0.38514011037535656	-1.4806729981114035	-1.3132748123210696	-0.5301336868220933
-0.34966698799572316	-1.4022868110850302	-1.3874490651637355	-0.561229166370957
-0.32657490395082805	-1.3020161630072633	-1.446025770692877	-0.5943278742278552
-0.3084274713438053	-1.1990638491519783	-1.5012316034892412	-0.6526863368751015
-0.31955774084931293	-1.1238400947344975	-1.5517822280576141	-0.6905331912222809
-0.3169090338186383	-1.0432575464439289	-1.5963434879195306	-0.7307451450275736
-0.3295855358971223	-0.967913392679336	-1.6335897307449216	-0.7646403241094732
-0.3254133750387273	-0.8929677691843251	-1.657118877026104	-0.8197955746800195
-0.3377764945141993	-0.8258430645134657	-1.6751985945231562	-0.8667671198846005
-0.3497558814511067	-0.7615359570479203	-1.6828565966323294	-0.9071197920933104
-0.35366257290590586	-0.7076712726308271	-1.687349958350329	-0.9358075205225168
-0.34672263946824877	-0.6454508799882581	-1.6775485841253732	-0.9710037589178281
-0.33617874345892285	-0.5934188888360602	-1.6710572897478404	-1.0018699982094272
-0.32249101541637837	-0.5586549083191183	-1.6436694685298712	-1.049250413844838
-0.3331761866925753	-0.5290543232523289	-1.6249832391131571	-1.1097863332384172
-0.3442201760046902	-0.487738852294529	-1.5922369062312287	-1.1719181506834997
-0.3442858028889049	-0.44238627514311163	-1.5457140025168834	-1.2350760658377755
-0.3424333686206632	-0.4073197821186075	-1.4806729981114035	-1.3132748123210696
-0.35032231395081065	-0.38514011037535656	-1.4022868110850302	-1.3874490651637355
-0.35832359911948336	-0.34966698799572316	-1.3020161630072633	-1.446025770692877
-0.38458094005208043	-0.32657490395082805	-1.1990638491519783	-1.5012316034892412
-0.41368348537976085	-0.3084274713438053	-1.1238400947344975	-1.5517822280576141
-0.4382384321438293	-0.31955774084931293	-1.0432575464439289	-1.5963434879195306
-0.465238800421749	-0.3169090338186383	-0.967913392679336	-1.6335897307449216
-0.5082720603193376	-0.3295855358971223	-0.8929677691843251	-1.657118877026104
-0.5420158246370822	-0.3254133750387273	-0.8258430645134657	-1.6751985945231562
-0.5775481069698591	-0.3377764945141993	-0.7615359570479203	-1.6828565966323294
-0.6163350621585234	-0.3497558814511067	-0.7076712726308271	-1.687349958350329
-0.6678433348915582	-0.35366257290590586	-0.6454508799882581	-1.6775485841253732
-0.7446536634092111	-0.34672263946824877	-0.5934188888360602	-1.6710572897478404
-0.8014860214791909	-0.33617874345892285	-0.5586549083191183	-1.6436694685298712
-0.8488164611097264	-0.32249101541637837	-0.5290543232523289	-1.6249832391131571
-0.8988827639837764	-0.3331761866925753	-0.487738852294529	-1.5922369062312287
-0.9586794207350836	-0.3442201760046902	-0.44238627514311163	-1.5457140025168834
-0.9901876462118726	-0.3442858028889049	-0.4073197821186075	-1.4806729981114035
-1.0348396042128727	-0.3424333686206632	-0.38514011037535656	-1.4022868110850302
-1.0912377469186876	-0.35032231395081065	-0.34966698799572316	-1.3020161630072633
-1.1507302417706058	-0.35832359911948336	-0.32657490395082805	-1.1990638491519783
-1.2239445507881705	-0.38458094005208043	-0.3084274713438053	-1.1238400947344975
-1.2986409342467875	-0.41368348537976085	-0.31955774084931293	-1.0432575464439289
-1.3738655740264236	-0.4382384321438293	-0.3169090338186383	-0.967913392679336
-1.448441413082309	-0.465238800421749	-0.3295855358971223	-0.8929677691843251
-1.520962614978237	-0.5082720603193376	-0.3254133750387273	-0.8258430645134657
-1.5898160128185204	-0.5420158246370822	-0.3377764945141993	-0.7615359570479203
-1.660663610856491	-0.5775481069698591	-0.3497558814511067	-0.7076712726308271
-1.7133044732722413	-0.6163350621585234	-0.35366257290590586	-0.6454508799882581
-1.7563310338465343	-0.6678433348915582	-0.34672263946824877	-0.5934188888360602
-1.7880142373297931	-0.7446536634092111	-0.33617874345892285	-0.5586549083191183
-1.796196616061632	-0.8014860214791909	-0.32249101541637837	-0.5290543232523289
-1.800721145290534	-0.8488164611097264	-0.3331761866925753	-0.487738852294529
-1.790819210697215	-0.8988827639837764	-0.3442201760046902	-0.44238627514311163
-1.777523968462706	-0.9586794207350836	-0.3442858028889049	-0.4073197821186075
-1.7387104262304245	-0.9901876462118726	-0.3424333686206632	-0.38514011037535656
-1.7107570139402675	-1.0348396042128727	-0.35032231395081065	-0.34966698799572316
-1.681746570907248	-1.0912377469186876	-0.35832359911948336	-0.32657490395082805
-1.6289846383959554	-1.1507302417706058	-0.38458094005208043	-0.3084274713438053
-1.5510923996700485	-1.2239445507881705	-0.41368348537976085	-0.31955774084931293
-1.4759724167126267	-1.2986409342467875	-0.4382384321438293	-0.3169090338186383
-1.3884089209886203	-1.3738655740264236	-0.465238800421749	-0.3295855358971223
-1.3038682641964638	-1.448441413082309	-0.5082720603193376	-0.3254133750387273
-1.214056903772049	-1.520962614978237	-0.5420158246370822	-0.3377764945141993
-1.1074830709825036	-1.5898160128185204	-0.5775481069698591	-0.3497558814511067
-1.019984259991616	-1.660663610856491	-0.6163350621585234	-0.35366257290590586
-0.9283726923932775	-1.7133044732722413	-0.6678433348915582	-0.34672263946824877
-0.8406215503814259	-1.7563310338465343	-0.7446536634092111	-0.33617874345892285
-0.759928139907775	-1.7880142373297931	-0.8014860214791909	-0.32249101541637837
-0.6680574641128038	-1.796196616061632	-0.8488164611097264	-0.3331761866925753
-0.6031392107720486	-1.800721145290534	-0.8988827639837764	-0.3442201760046902
-0.5436203562103908	-1.790819210697215	-0.9586794207350836	-0.3442858028889049
-0.47890205788589746	-1.777523968462706	-0.9901876462118726	-0.3424333686206632
-0.419734765211902	-1.7387104262304245	-1.0348396042128727	-0.35032231395081065
-0.3734418566917653	-1.7107570139402675	-1.0912377469186876	-0.35832359911948336
-0.3368191904251065	-1.681746570907248	-1.1507302417706058	-0.38458094005208043
-0.3026449807831811	-1.6289846383959554	-1.2239445507881705	-0.41368348537976085
-0.25591318144986996	-1.5510923996700485	-1.2986409342467875	-0.4382384321438293
-0.2234063463571437	-1.4759724167126267	-1.3738655740264236	-0.465238800421749
-0.19488143572489405	-1.3884089209886203	-1.448441413082309	-0.5082720603193376
-0.18494198944440418	-1.3038682641964638	-1.520962614978237	-0.5420158246370822
-0.16303024017899642	-1.214056903772049	-1.5898160128185204	-0.5775481069698591
-0.15690096401662249	-1.1074830709825036	-1.660663610856491	-0.6163350621585234
-0.1495276183436818	-1.019984259991616	-1.7133044732722413	-0.6678433348915582
-0.1396698374248815	-0.9283726923932775	-1.7563310338465343	-0.7446536634092111
-0.16182075477122146	-0.8406215503814259	-1.7880142373297931	-0.8014860214791909
-0.17005157780431973	-0.759928139907775	-1.796196616061632	-0.8488164611097264
-0.19282702488386355	-0.6680574641128038	-1.800721145290534	-0.8988827639837764
-0.19570756831069233	-0.6031392107720486	-1.790819210697215	-0.9586794207350836
-0.19679258716429188	-0.5436203562103908	-1.777523968462706	-0.9901876462118726
-0.19462428156470646	-0.47890205788589746	-1.7387104262304245	-1.0348396042128727
-0.18286350076371397	-0.419734765211902	-1.7107570139402675	-1.0912377469186876
-0.16262678229567326	-0.3734418566917653	-1.681746570907248	-1.1507302417706058
-0.13926449373764366	-0.3368191904251065	-1.6289846383959554	-1.2239445507881705
-0.13343346990247937	-0.3026449807831811	-1.5510923996700485	-1.2986409342467875
-0.13804023272006657	-0.25591318144986996	-1.4759724167126267	-1.3738655740264236
-0.11421125185369738	-0.2234063463571437	-1.3884089209886203	-1.448441413082309
-0.10943098906939909	-0.19488143572489405	-1.3038682641964638	-1.520962614978237
-0.09487317585062349	-0.18494198944440418	-1.214056903772049	-1.5898160128185204
-0.09984023551995637	-0.16303024017899642	-1.1074830709825036	-1.660663610856491
-0.10562344347955466	-0.15690096401662249	-1.019984259991616	-1.7133044732722413
-0.11207602388729174	-0.1495276183436818	-0.9283726923932775	-1.7563310338465343
-0.11947647626894503	-0.1396698374248815	-0.8406215503814259	-1.7880142373297931
-0.12779836436092454	-0.16182075477122146	-0.759928139907775	-1.796196616061632
-0.14752814526988905	-0.17005157780431973	-0.6680574641128038	-1.800721145290534
-0.18481894927244577	-0.19282702488386355	-0.6031392107720486	-1.790819210697215
-0.2498360650298627	-0.19570756831069233	-0.5436203562103908	-1.777523968462706
-0.3004068826186763	-0.19679258716429188	-0.47890205788589746	-1.7387104262304245
-0.3511120457398234	-0.19462428156470646	-0.419734765211902	-1.7107570139402675
-0.3794683883670068	-0.18286350076371397	-0.3734418566917653	-1.681746570907248
-0.41051755485988595	-0.16262678229567326	-0.3368191904251065	-1.6289846383959554
-0.42905106506537316	-0.13926449373764366	-0.3026449807831811	-1.5510923996700485
-0.4647770876615019	-0.13343346990247937	-0.25591318144986996	-1.4759724167126267
-0.4828519024693485	-0.13804023272006657	-0.2234063463571437	-1.3884089209886203
-0.5239480108008855	-0.11421125185369738	-0.19488143572489405	-1.3038682641964638
-0.568752527395262	-0.10943098906939909	-0.18494198944440418	-1.214056903772049
-0.5898172838133813	-0.09487317585062349	-0.16303024017899642	-1.1074830709825036
-0.6059507093584902	-0.09984023551995637	-0.15690096401662249	-1.019984259991616
-0.658782018851645	-0.10562344347955466	-0.1495276183436818	-0.9283726923932775
-0.7161144644471314	-0.11207602388729174	-0.1396698374248815	-0.8406215503814259
-0.7781613935753341	-0.11947647626894503	-0.16182075477122146	-0.759928139907775
-0.8450853505765774	-0.12779836436092454	-0.17005157780431973	-0.6680574641128038
-0.9169773278447192	-0.14752814526988905	-0.19282702488386355	-0.6031392107720486
-0.9938214516536408	-0.18481894927244577	-0.19570756831069233	-0.5436203562103908
-1.075464312026948	-0.2498360650298627	-0.19679258716429188	-0.47890205788589746
-1.1615688011934076	-0.3004068826186763	-0.19462428156470646	-0.419734765211902
-1.251566944766724	-0.3511120457398234	-0.18286350076371397	-0.3734418566917653
-1.3446114871831099	-0.3794683883670068	-0.16262678229567326	-0.3368191904251065
-1.4395228861524136	-0.41051755485988595	-0.13926449373764366	-0.3026449807831811
-1.5347524346913282	-0.42905106506537316	-0.13343346990247937	-0.25591318144986996
-1.6283558513219343	-0.4647770876615019	-0.13804023272006657	-0.2234063463571437
-1.7180011254661254	-0.4828519024693485	-0.11421125185369738	-0.19488143572489405
-1.800258367564446	-0.5239480108008855	-0.10943098906939909	-0.18494198944440418
-1.8744572144067029	-0.568752527395262	-0.09487317585062349	-0.16303024017899642
-1.9471882510711669	-0.5898172838133813	-0.09984023551995637	-0.15690096401662249
-1.9991606024394828	-0.6059507093584902	-0.10562344347955466	-0.1495276183436818
-2.017918460369577	-0.658782018851645	-0.11207602388729174	-0.1396698374248815
-2.040418703611553	-0.7161144644471314	-0.11947647626894503	-0.16182075477122146
-2.045985864434639	-0.7781613935753341	-0.12779836436092454	-0.17005157780431973
-2.000975285492864	-0.8450853505765774	-0.14752814526988905	-0.19282702488386355
-1.9610726707945378	-0.9169773278447192	-0.18481894927244577	-0.19570756831069233
-1.916594482504618	-0.9938214516536408	-0.2498360650298627	-0.19679258716429188
-1.8272953008750985	-1.075464312026948	-0.3004068826186763	-0.19462428156470646
-1.7313934345470594	-1.1615688011934076	-0.3511120457398234	-0.18286350076371397
-1.6139430028176518	-1.251566944766724	-0.3794683883670068	-0.16262678229567326
-1.4900966357934868	-1.3446114871831099	-0.41051755485988595	-0.13926449373764366
-1.3782054722247632	-1.4395228861524136	-0.42905106506537316	-0.13343346990247937
-1.2572029737855943	-1.5347524346913282	-0.4647770876615019	-0.13804023272006657
-1.1474755036993742	-1.6283558513219343	-0.4828519024693485	-0.11421125185369738
-1.030542208116372	-1.7180011254661254	-0.5239480108008855	-0.10943098906939909
-0.8920800881352665	-1.800258367564446	-0.568752527395262	-0.09487317585062349
-0.7867197830837415	-1.8744572144067029	-0.5898172838133813	-0.09984023551995637
-0.6877114336021851	-1.9471882510711669	-0.6059507093584902	-0.10562344347955466
-0.5748606535387779	-1.9991606024394828	-0.658782018851645	-0.11207602388729174
-0.48104549979135053	-2.017918460369577	-0.7161144644471314	-0.11947647626894503
-0.39518970758797134	-2.040418703611553	-0.7781613935753341	-0.12779836436092454
-0.3171354178770508	-2.045985864434639	-0.8450853505765774	-0.14752814526988905
-0.2268201657924609	-2.000975285492864	-0.9169773278447192	-0.18481894927244577
-0.16172099727297976	-1.9610726707945378	-0.9938214516536408	-0.2498360650298627
-0.10481981770152442	-1.916594482504618	-1.075464312026948	-0.3004068826186763
-0.06822680533319006	-1.8272953008750985	-1.1615688011934076	-0.3511120457398234
-0.023675426451552073	-1.7313934345470594	-1.251566944766724	-0.3794683883670068
0.0185627031767876	-1.6139430028176518	-1.3446114871831099	-0.41051755485988595
0.05642664470381093	-1.4900966357934868	-1.4395228861524136	-0.42905106506537316
0.058660262066218605	-1.3782054722247632	-1.5347524346913282	-0.4647770876615019
0.06074711864510857	-1.2572029737855943	-1.6283558513219343	-0.4828519024693485
0.07592858726430522	-1.1474755036993742	-1.7180011254661254	-0.5239480108008855
0.08844486211651659	-1.030542208116372	-1.800258367564446	-0.568752527395262
0.11047211420723024	-0.8920800881352665	-1.8744572144067029	-0.5898172838133813
0.126299581761534	-0.7867197830837415	-1.9471882510711669	-0.6059507093584902
0.14955937755338675	-0.6877114336021851	-1.9991606024394828	-0.658782018851645
0.16756036886466583	-0.5748606535387779	-2.017918460369577	-0.7161144644471314
0.1971172724542555	-0.48104549979135053	-2.040418703611553	-0.7781613935753341
0.22129933740248064	-0.39518970758797134	-2.045985864434639	-0.8450853505765774
0.24743074187701258	-0.3171354178770508	-2.000975285492864	-0.9169773278447192
0.2651154601403864	-0.2268201657924609	-1.9610726707945378	-0.9938214516536408
0.2831749328240326	-0.16172099727297976	-1.916594482504618	-1.075464312026948
0.33363312771805803	-0.10481981770152442	-1.8272953008750985	-1.1615688011934076
0.37233841220919395	-0.06822680533319006	-1.7313934345470594	-1.251566944766724
0.3952199849236451	-0.023675426451552073	-1.6139430028176518	-1.3446114871831099
0.4194911408588892	0.0185627031767876	-1.4900966357934868	-1.4395228861524136
0.445352911533059	0.05642664470381093	-1.3782054722247632	-1.5347524346913282
0.4713705818632465	0.058660262066218605	-1.2572029737855943	-1.6283558513219343
0.5008470559113811	0.06074711864510857	-1.1474755036993742	-1.7180011254661254
0.5068436407447806	0.07592858726430522	-1.030542208116372	-1.800258367564446
0.5394783279487825	0.08844486211651659	-0.8920800881352665	-1.8744572144067029
0.5745775089886848	0.11047211420723024	-0.7867197830837415	-1.9471882510711669
0.6123235883399855	0.126299581761534	-0.6877114336021851	-1.9991606024394828
0.6150970400011215	0.14955937755338675	-0.5748606535387779	-2.017918460369577
0.6364310700140088	0.16756036886466583	-0.48104549979135053	-2.040418703611553
0.6799723053715934	0.1971172724542555	-0.39518970758797134	-2.045985864434639
0.7267212227797469	0.22129933740248064	-0.3171354178770508	-2.000975285492864
0.7768053543062898	0.24743074187701258	-0.2268201657924609	-1.9610726707945378
0.8303157852053823	0.2651154601403864	-0.16172099727297976	-1.916594482504618
0.8872924662323599	0.2831749328240326	-0.10481981770152442	-1.8272953008750985
0.947711385267384	0.33363312771805803	-0.06822680533319006	-1.7313934345470594
1.0114625178632979	0.37233841220919395	-0.023675426451552073	-1.6139430028176518
1.0783300198257004	0.3952199849236451	0.0185627031767876	-1.4900966357934868
1.1479691561839505	0.4194911408588892	0.05642664470381093	-1.3782054722247632
1.2320563620899276	0.445352911533059	0.058660262066218605	-1.2572029737855943
1.3174869378261644	0.4713705818632465	0.06074711864510857	-1.1474755036993742
1.3905280570725977	0.5008470559113811	0.07592858726430522	-1.030542208116372
1.4626824413777517	0.5068436407447806	0.08844486211651659	-0.8920800881352665
1.5225685144286905	0.5394783279487825	0.11047211420723024	-0.7867197830837415
1.5824005543631618	0.5745775089886848	0.126299581761534	-0.6877114336021851
1.646343024933555	0.6123235883399855	0.14955937755338675	-0.5748606535387779
1.7035175834558374	0.6150970400011215	0.16756036886466583	-0.48104549979135053
1.7511788497257854	0.6364310700140088	0.1971172724542555	-0.39518970758797134
1.7801399519360863	0.6799723053715934	0.22129933740248064	-0.3171354178770508
1.8205170328468996	0.7267212227797469	0.24743074187701258	-0.2268201657924609
1.8550215414824345	0.7768053543062898	0.2651154601403864	-0.16172099727297976
1.8668717316836059	0.8303157852053823	0.2831749328240326	-0.10481981770152442
1.860473645918137	0.8872924662323599	0.33363312771805803	-0.06822680533319006
1.8312846255412891	0.947711385267384	0.37233841220919395	-0.023675426451552073
1.7922283527782759	1.0114625178632979	0.3952199849236451	0.0185627031767876
1.7387277648986874	1.0783300198257004	0.4194911408588892	0.05642664470381093
1.672292025298986	1.1479691561839505	0.445352911533059	0.058660262066218605
1.5900362449787466	1.2320563620899276	0.4713705818632465	0.06074711864510857
1.4892055218884663	1.3174869378261644	0.5008470559113811	0.07592858726430522
1.396880395859262	1.3905280570725977	0.5068436407447806	0.08844486211651659
1.3079858993455677	1.4626824413777517	0.5394783279487825	0.11047211420723024
1.2233189728508922	1.5225685144286905	0.5745775089886848	0.126299581761534
1.1381218617467879	1.5824005543631618	0.6123235883399855	0.14955937755338675
1.0536939735660042	1.646343024933555	0.6150970400011215	0.16756036886466583
0.9686460884639133	1.7035175834558374	0.6364310700140088	0.1971172724542555
0.8930946658812421	1.7511788497257854	0.6799723053715934	0.22129933740248064
0.8097437758154169	1.7801399519360863	0.7267212227797469	0.24743074187701258
0.7313700585838351	1.8205170328468996	0.7768053543062898	0.2651154601403864
0.6583977415957821	1.8550215414824345	0.8303157852053823	0.2831749328240326
0.5863762085062632	1.8668717316836059	0.8872924662323599	0.33363312771805803
0.5100278535083168	1.860473645918137	0.947711385267384	0.37233841220919395
0.45295542431694136	1.8312846255412891	1.0114625178632979	0.3952199849236451
0.4014852918758842	1.7922283527782759	1.0783300198257004	0.4194911408588892
0.355355421390631	1.7387277648986874	1.1479691561839505	0.445352911533059
0.3346124659524429	1.672292025298986	1.2320563620899276	0.4713705818632465
0.29772349798093634	1.5900362449787466	1.3174869378261644	0.5008470559113811
0.27322069183138453	1.4892055218884663	1.3905280570725977	0.5068436407447806
0.2451566701590314	1.396880395859262	1.4626824413777517	0.5394783279487825
0.22074785057021135	1.3079858993455677	1.5225685144286905	0.5745775089886848
0.1996643081986013	1.2233189728508922	1.5824005543631618	0.6123235883399855
0.1815922838255672	1.1381218617467879	1.646343024933555	0.6150970400011215
0.17018668954821506	1.0536939735660042	1.7035175834558374	0.6364310700140088
0.15643143613530358	0.9686460884639133	1.7511788497257854	0.6799723053715934
0.14495570474189906	0.8930946658812421	1.7801399519360863	0.7267212227797469
0.15513688499937783	0.8097437758154169	1.8205170328468996	0.7768053543062898
0.1480059014693556	0.7313700585838351	1.8550215414824345	0.8303157852053823
0.1426162956907499	0.6583977415957821	1.8668717316836059	0.8872924662323599
0.1388124129504363	0.5863762085062632	1.860473645918137	0.947711385267384
0.13646075889700457	0.5100278535083168	1.8312846255412891	1.0114625178632979
0.11264127281480683	0.45295542431694136	1.7922283527782759	1.0783300198257004
0.11193499173352359	0.4014852918758842	1.7387277648986874	1.1479691561839505
0.11228659688868212	0.355355421390631	1.672292025298986	1.2320563620899276
0.1139550904917664	0.3346124659524429	1.5900362449787466	1.3174869378261644
0.11635952846874194	0.29772349798093634	1.4892055218884663	1.3905280570725977
0.12232615985185648	0.27322069183138453	1.396880395859262	1.4626824413777517
0.12684930524964447	0.2451566701590314	1.3079858993455677	1.5225685144286905
0.12899083904870173	0.22074785057021135	1.2233189728508922	1.5824005543631618
0.13412106987652345	0.1996643081986013	1.1381218617467879	1.646343024933555
0.14093163477758922	0.1815922838255672	1.0536939735660042	1.7035175834558374
0.1486928714679057	0.17018668954821506	0.9686460884639133	1.7511788497257854
0.14527701407689694	0.15643143613530358	0.8930946658812421	1.7801399519360863
0.1541174779318732	0.14495570474189906	0.8097437758154169	1.8205170328468996
0.16399264916210024	0.15513688499937783	0.7313700585838351	1.8550215414824345
0.19095784874619726	0.1480059014693556	0.6583977415957821	1.8668717316836059
0.20422314313102866	0.1426162956907499	0.5863762085062632	1.860473645918137
0.2188798782441302	0.1388124129504363	0.5100278535083168	1.8312846255412891
0.23504527585793755	0.13646075889700457	0.45295542431694136	1.7922283527782759
0.2528509454053767	0.11264127281480683	0.4014852918758842	1.7387277648986874
0.27244359799244955	0.11193499173352359	0.355355421390631	1.672292025298986
0.29398553586854825	0.11228659688868212	0.3346124659524429	1.5900362449787466
0.3176554218450366	0.1139550904917664	0.29772349798093634	1.4892055218884663
0.3445871481446262	0.11635952846874194	0.27322069183138453	1.396880395859262
0.37341223397300805	0.12232615985185648	0.2451566701590314	1.3079858993455677
0.4050361348320198	0.12684930524964447	0.22074785057021135	1.2233189728508922
0.4397088882495444	0.12899083904870173	0.1996643081986013	1.1381218617467879
0.4776960836116739	0.13412106987652345	0.1815922838255672	1.0536939735660042
0.5164913696334852	0.14093163477758922	0.17018668954821506	0.9686460884639133
0.5614539227890731	0.1486928714679057	0.15643143613530358	0.8930946658812421
0.6105381061785644	0.14527701407689694	0.14495570474189906	0.8097437758154169
0.6640287059427777	0.1541174779318732	0.15513688499937783	0.7313700585838351
0.7221975526506541	0.16399264916210024	0.1480059014693556	0.6583977415957821
0.7852859271211297	0.19095784874619726	0.1426162956907499	0.5863762085062632
0.8534882773586091	0.20422314313102866	0.1388124129504363	0.5100278535083168
0.9343442387171212	0.2188798782441302	0.13646075889700457	0.45295542431694136
1.0138978368005658	0.23504527585793755	0.11264127281480683	0.4014852918758842
1.0986025761419242	0.2528509454053767	0.11193499173352359	0.355355421390631
1.1881238133893612	0.27244359799244955	0.11228659688868212	0.3346124659524429
1.2709309948612657	0.29398553586854825	0.1139550904917664	0.29772349798093634
1.3672069740960153	0.3176554218450366	0.11635952846874194	0.27322069183138453
1.465675815603865	0.3445871481446262	0.12232615985185648	0.2451566701590314
1.5647300883567432	0.37341223397300805	0.12684930524964447	0.22074785057021135
1.6623336301902505	0.4050361348320198	0.12899083904870173	0.1996643081986013
1.756017114433046	0.4397088882495444	0.13412106987652345	0.1815922838255672
1.8429320588041003	0.4776960836116739	0.14093163477758922	0.17018668954821506
1.895846319395799	0.5164913696334852	0.1486928714679057	0.15643143613530358
1.9650812511499955	0.5614539227890731	0.14527701407689694	0.14495570474189906
2.0050419486479356	0.6105381061785644	0.1541174779318732	0.15513688499937783
2.0407123987181657	0.6640287059427777	0.16399264916210024	0.1480059014693556
2.0597805436263936	0.7221975526506541	0.19095784874619726	0.1426162956907499
2.0669986402158385	0.7852859271211297	0.20422314313102866	0.1388124129504363
2.0385816643431935	0.8534882773586091	0.2188798782441302	0.13646075889700457
2.0024545020258193	0.9343442387171212	0.23504527585793755	0.11264127281480683
1.950085980863347	1.0138978368005658	0.2528509454053767	0.11193499173352359
1.8675086806608225	1.0986025761419242	0.27244359799244955	0.11228659688868212
1.767971143754252	1.1881238133893612	0.29398553586854825	0.1139550904917664
1.6548927693781226	1.2709309948612657	0.3176554218450366	0.11635952846874194
1.5319590083860448	1.3672069740960153	0.3445871481446262	0.12232615985185648
1.402844232316228	1.465675815603865	0.37341223397300805	0.12684930524964447
1.270983130379206	1.5647300883567432	0.4050361348320198	0.12899083904870173
1.1394080393604935	1.6623336301902505	0.4397088882495444	0.13412106987652345
1.0106549901490436	1.756017114433046	0.4776960836116739	0.14093163477758922
0.8867297106454817	1.8429320588041003	0.5164913696334852	0.1486928714679057
0.7691202703434689	1.895846319395799	0.5614539227890731	0.14527701407689694
0.6786294775731854	1.9650812511499955	0.6105381061785644	0.1541174779318732
0.5774422079235163	2.0050419486479356	0.6640287059427777	0.16399264916210024
0.4925106366886529	2.0407123987181657	0.7221975526506541	0.19095784874619726
0.40977337266384356	2.0597805436263936	0.7852859271211297	0.20422314313102866
0.33164959575311415	2.0669986402158385	0.8534882773586091	0.2188798782441302
0.2585979745528117	2.0385816643431935	0.9343442387171212	0.23504527585793755
0.1769533848943452	2.0024545020258193	1.0138978368005658	0.2528509454053767
0.11826641344493756	1.950085980863347	1.0986025761419242	0.27244359799244955
0.05264460990087963	1.8675086806608225	1.1881238133893612	0.29398553586854825
0.0038235129222144583	1.767971143754252	1.2709309948612657	0.3176554218450366
-0.03992337602705639	1.6548927693781226	1.3672069740960153	0.3445871481446262
-0.09433299185866816	1.5319590083860448	1.465675815603865	0.37341223397300805
-0.13062755501315257	1.402844232316228	1.5647300883567432	0.4050361348320198
-0.1635716504068007	1.270983130379206	1.6623336301902505	0.4397088882495444
-0.21545454396194447	1.1394080393604935	1.756017114433046	0.4776960836116739
-0.24495158517139615	1.0106549901490436	1.8429320588041003	0.5164913696334852
-0.24885915575168038	0.8867297106454817	1.895846319395799	0.5614539227890731
-0.2712548271097941	0.7691202703434689	1.9650812511499955	0.6105381061785644
-0.29424140842960456	0.6786294775731854	2.0050419486479356	0.6640287059427777
-0.29179469048198675	0.5774422079235163	2.0407123987181657	0.7221975526506541
-0.3026273172614735	0.4925106366886529	2.0597805436263936	0.7852859271211297
-0.32455738279804147	0.40977337266384356	2.0669986402158385	0.8534882773586091
-0.34656030236198626	0.33164959575311415	2.0385816643431935	0.9343442387171212
-0.3292477550102662	0.2585979745528117	2.0024545020258193	1.0138978368005658
-0.3249915543365308	0.1769533848943452	1.950085980863347	1.0986025761419242
-0.34623231328604726	0.11826641344493756	1.8675086806608225	1.1881238133893612
-0.36847904255649744	0.05264460990087963	1.767971143754252	1.2709309948612657
-0.40418486699836026	0.0038235129222144583	1.6548927693781226	1.3672069740960153
-0.44730269781577986	-0.03992337602705639	1.5319590083860448	1.465675815603865
-0.4752177065934734	-0.09433299185866816	1.402844232316228	1.5647300883567432
-0.5298052667992235	-0.13062755501315257	1.270983130379206	1.6623336301902505
-0.5628034623899182	-0.1635716504068007	1.1394080393604935	1.756017114433046
-0.5981139855598464	-0.21545454396194447	1.0106549901490436	1.8429320588041003
-0.6359000189668993	-0.24495158517139615	0.8867297106454817	1.895846319395799
-0.6778141957644189	-0.24885915575168038	0.7691202703434689	1.9650812511499955
-0.7206064996027844	-0.2712548271097941	0.6786294775731854	2.0050419486479356
-0.792810014507121	-0.29424140842960456	0.5774422079235163	2.0407123987181657
-0.8603471999282666	-0.29179469048198675	0.4925106366886529	2.0597805436263936
-0.893320942758241	-0.3026273172614735	0.40977337266384356	2.0669986402158385
-0.9341781290913709	-0.32455738279804147	0.33164959575311415	2.0385816643431935
-0.977176860715879	-0.34656030236198626	0.2585979745528117	2.0024545020258193
-1.0366770694381413	-0.3292477550102662	0.1769533848943452	1.950085980863347
-1.0637887716047014	-0.3249915543365308	0.11826641344493756	1.8675086806608225
-1.1007025618316184	-0.34623231328604726	0.05264460990087963	1.767971143754252
-1.1583129843554831	-0.36847904255649744	0.0038235129222144583	1.6548927693781226
-1.2087216708078012	-0.40418486699836026	-0.03992337602705639	1.5319590083860448
-1.2775861214746747	-0.44730269781577986	-0.09433299185866816	1.402844232316228
-1.34668396854681	-0.4752177065934734	-0.13062755501315257	1.270983130379206
-1.4303835991701312	-0.5298052667992235	-0.1635716504068007	1.1394080393604935
-1.5180003186866737	-0.5628034623899182	-0.21545454396194447	1.0106549901490436
-1.574606142638223	-0.5981139855598464	-0.24495158517139615	0.8867297106454817
-1.6251375719482148	-0.6359000189668993	-0.24885915575168038	0.7691202703434689
-1.6680586256117989	-0.6778141957644189	-0.2712548271097941	0.6786294775731854
-1.6945589695820757	-0.7206064996027844	-0.29424140842960456	0.5774422079235163
-1.7184827821025304	-0.792810014507121	-0.29179469048198675	0.4925106366886529
-1.731102459228436	-0.8603471999282666	-0.3026273172614735	0.40977337266384356
-1.7316411525378341	-0.893320942758241	-0.32455738279804147	0.33164959575311415
-1.7181418075655148	-0.9341781290913709	-0.34656030236198626	0.2585979745528117
-1.6956491054350795	-0.977176860715879	-0.3292477550102662	0.1769533848943452
-1.6844362588526316	-1.0366770694381413	-0.3249915543365308	0.11826641344493756
-1.6531295756741133	-1.0637887716047014	-0.34623231328604726	0.05264460990087963
-1.6166424755396287	-1.1007025618316184	-0.36847904255649744	0.0038235129222144583
-1.575566221721478	-1.1583129843554831	-0.40418486699836026	-0.03992337602705639
-1.5139829441062151	-1.2087216708078012	-0.44730269781577986	-0.09433299185866816
-1.4022868110850302	-1.2775861214746747	-0.4752177065934734	-0.13062755501315257
-1.3020161630072633	-1.34668396854681	-0.5298052667992235	-0.1635716504068007
-1.1990638491519783	-1.4303835991701312	-0.5628034623899182	-0.21545454396194447
-1.1238400947344975	-1.5180003186866737	-0.5981139855598464	-0.24495158517139615
-1.0432575464439289	-1.574606142638223	-0.6359000189668993	-0.24885915575168038
-0.9691181911103306	-1.6251375719482148	-0.6778141957644189	-0.2712548271097941
-0.896543767521445	-1.6680586256117989	-0.7206064996027844	-0.29424140842960456
-0.8215979649346117	-1.6945589695820757	-0.792810014507121	-0.29179469048198675
-0.741261937720164	-1.7184827821025304	-0.8603471999282666	-0.3026273172614735
-0.6811461517359134	-1.731102459228436	-0.893320942758241	-0.32455738279804147
-0.6105693446283287	-1.7316411525378341	-0.9341781290913709	-0.34656030236198626
-0.5577381465642723	-1.7181418075655148	-0.977176860715879	-0.3292477550102662
-0.5004859223215232	-1.6956491054350795	-1.0366770694381413	-0.3249915543365308
-0.44976497382077946	-1.6844362588526316	-1.0637887716047014	-0.34623231328604726
-0.4041358571800985	-1.6531295756741133	-1.1007025618316184	-0.36847904255649744
-0.37380431212061815	-1.6166424755396287	-1.1583129843554831	-0.40418486699836026
-0.33865853779411526	-1.575566221721478	-1.2087216708078012	-0.44730269781577986
-0.3232340031935226	-1.5139829441062151	-1.2775861214746747	-0.4752177065934734
-0.2929592326891831	-1.4022868110850302	-1.34668396854681	-0.5298052667992235
-0.28735751712167235	-1.3020161630072633	-1.4303835991701312	-0.5628034623899182
-0.2749618830105727	-1.1990638491519783	-1.5180003186866737	-0.5981139855598464
-0.26401614716767396	-1.1238400947344975	-1.574606142638223	-0.6359000189668993
-0.25947846529491003	-1.0432575464439289	-1.6251375719482148	-0.6778141957644189
-0.2489961995377056	-0.9691181911103306	-1.6680586256117989	-0.7206064996027844
-0.24102847744575892	-0.896543767521445	-1.6945589695820757	-0.792810014507121
-0.25735209575193413	-0.8215979649346117	-1.7184827821025304	-0.8603471999282666
-0.27224934552940555	-0.741261937720164	-1.731102459228436	-0.893320942758241
-0.273397475460218	-0.6811461517359134	-1.7316411525378341	-0.9341781290913709
-0.27377582685467783	-0.6105693446283287	-1.7181418075655148	-0.977176860715879
-0.2787073107071746	-0.5577381465642723	-1.6956491054350795	-1.0366770694381413
-0.285530349149925	-0.5004859223215232	-1.6844362588526316	-1.0637887716047014
-0.270914409633418	-0.44976497382077946	-1.6531295756741133	-1.1007025618316184
-0.25701819847997676	-0.4041358571800985	-1.6166424755396287	-1.1583129843554831
-0.2455339322583385	-0.37380431212061815	-1.575566221721478	-1.2087216708078012
-0.23795109264826217	-0.33865853779411526	-1.5139829441062151	-1.2775861214746747
-0.24825868490833197	-0.3232340031935226	-1.4022868110850302	-1.34668396854681
-0.2601889663878984	-0.2929592326891831	-1.3020161630072633	-1.4303835991701312
-0.2601863772332912	-0.28735751712167235	-1.1990638491519783	-1.5180003186866737
-0.2741990412805297	-0.2749618830105727	-1.1238400947344975	-1.574606142638223
-0.2908493431401653	-0.26401614716767396	-1.0432575464439289	-1.6251375719482148
-0.3101370308248486	-0.25947846529491003	-0.9691181911103306	-1.6680586256117989
-0.33057229176201036	-0.2489961995377056	-0.896543767521445	-1.6945589695820757
-0.3696667933316331	-0.24102847744575892	-0.8215979649346117	-1.7184827821025304
-0.40745464201539666	-0.25735209575193413	-0.741261937720164	-1.731102459228436
-0.4568473294231893	-0.27224934552940555	-0.6811461517359134	-1.7316411525378341
-0.49396671968489164	-0.273397475460218	-0.6105693446283287	-1.7181418075655148
-0.5475219330446243	-0.27377582685467783	-0.5577381465642723	-1.6956491054350795
-0.6139023269060523	-0.2787073107071746	-0.5004859223215232	-1.6844362588526316
-0.659349992027363	-0.285530349149925	-0.44976497382077946	-1.6531295756741133
-0.7084156077650002	-0.270914409633418	-0.4041358571800985	-1.6166424755396287
-0.7612356658935466	-0.25701819847997676	-0.37380431212061815	-1.575566221721478
-0.7795180596825857	-0.2455339322583385	-0.33865853779411526	-1.5139829441062151
-0.8110379909292188	-0.23795109264826217	-0.3232340031935226	-1.4022868110850302
-0.8750014341832913	-0.24825868490833197	-0.2929592326891831	-1.3020161630072633
-0.9255594840835628	-0.2601889663878984	-0.28735751712167235	-1.1990638491519783
-0.9868395206302798	-0.2601863772332912	-0.2749618830105727	-1.1238400947344975
-1.0595000402245	-0.2741990412805297	-0.26401614716767396	-1.0432575464439289
-1.1356628748840847	-0.2908493431401653	-0.25947846529491003	-0.9691181911103306
-1.1957476519328145	-0.3101370308248486	-0.2489961995377056	-0.896543767521445
-1.2764186880341533	-0.33057229176201036	-0.24102847744575892	-0.8215979649346117
-1.3302449739660298	-0.3696667933316331	-0.25735209575193413	-0.741261937720164
-1.4133204700746904	-0.40745464201539666	-0.27224934552940555	-0.6811461517359134
-1.4958442479674985	-0.4568473294231893	-0.273397475460218	-0.6105693446283287
-1.5761621676435098	-0.49396671968489164	-0.27377582685467783	-0.5577381465642723
-1.653820939901528	-0.5475219330446243	-0.2787073107071746	-0.5004859223215232
-1.7412156473008273	-0.6139023269060523	-0.285530349149925	-0.44976497382077946
-1.8156999674653274	-0.659349992027363	-0.270914409633418	-0.4041358571800985
-1.8636031550156147	-0.7084156077650002	-0.25701819847997676	-0.37380431212061815
-1.883627007797714	-0.7612356658935466	-0.2455339322583385	-0.33865853779411526
-1.8964703145368835	-0.7795180596825857	-0.23795109264826217	-0.3232340031935226
-1.892476241733787	-0.8110379909292188	-0.24825868490833197	-0.2929592326891831
-1.8882229508479393	-0.8750014341832913	-0.2601889663878984	-0.28735751712167235
-1.8593181912870207	-0.9255594840835628	-0.2601863772332912	-0.2749618830105727
-1.8323902741678018	-0.9868395206302798	-0.2741990412805297	-0.26401614716767396
-1.7773023244864095	-1.0595000402245	-0.2908493431401653	-0.25947846529491003
-1.7076095980827772	-1.1356628748840847	-0.3101370308248486	-0.2489961995377056
-1.625428619997173	-1.1957476519328145	-0.33057229176201036	-0.24102847744575892
-1.5547346308925116	-1.2764186880341533	-0.3696667933316331	-0.25735209575193413
-1.466876144445796	-1.3302449739660298	-0.40745464201539666	-0.27224934552940555
-1.374579849433143	-1.4133204700746904	-0.4568473294231893	-0.273397475460218
-1.277807339060985	-1.4958442479674985	-0.49396671968489164	-0.27377582685467783
-1.1674292417840169	-1.5761621676435098	-0.5475219330446243	-0.2787073107071746
-1.071351501514179	-1.653820939901528	-0.6139023269060523	-0.285530349149925
-0.9609897034933267	-1.7412156473008273	-0.659349992027363	-0.270914409633418
-0.8464125100851224	-1.8156999674653274	-0.7084156077650002	-0.25701819847997676
-0.7345756356279141	-1.8636031550156147	-0.7612356658935466	-0.2455339322583385
-0.6264363005786696	-1.883627007797714	-0.7795180596825857	-0.23795109264826217
-0.5448254982449764	-1.8964703145368835	-0.8110379909292188	-0.24825868490833197
-0.4803565564500658	-1.892476241733787	-0.8750014341832913	-0.2601889663878984
-0.4152072238919996	-1.8882229508479393	-0.9255594840835628	-0.2601863772332912
-0.354638924704024	-1.8593181912870207	-0.9868395206302798	-0.2741990412805297
-0.2827986571422291	-1.8323902741678018	-1.0595000402245	-0.2908493431401653
-0.23251373102021036	-1.7773023244864095	-1.1356628748840847	-0.3101370308248486
-0.1803830049682266	-1.7076095980827772	-1.1957476519328145	-0.33057229176201036
-0.14939266470101237	-1.625428619997173	-1.2764186880341533	-0.3696667933316331
-0.11248359954545262	-1.5547346308925116	-1.3302449739660298	-0.40745464201539666
-0.08525141600418788	-1.466876144445796	-1.4133204700746904	-0.4568473294231893
-0.08701098094101244	-1.374579849433143	-1.4958442479674985	-0.49396671968489164
-0.11304725898725924	-1.277807339060985	-1.5761621676435098	-0.5475219330446243
-0.090888736900266	-1.1674292417840169	-1.653820939901528	-0.6139023269060523
-0.0846819840415325	-1.071351501514179	-1.7412156473008273	-0.659349992027363
-0.08931326519579995	-0.9609897034933267	-1.8156999674653274	-0.7084156077650002
-0.16182075477122146	-0.8464125100851224	-1.8636031550156147	-0.7612356658935466
-0.17005157780431973	-0.7345756356279141	-1.883627007797714	-0.7795180596825857
-0.11104635038258079	-0.6264363005786696	-1.8964703145368835	-0.8110379909292188
-0.063470256543404	-0.5448254982449764	-1.892476241733787	-0.8750014341832913
-0.028318946587193916	-0.4803565564500658	-1.8882229508479393	-0.9255594840835628
-0.009060271426725672	-0.4152072238919996	-1.8593181912870207	-0.9868395206302798
0.009346521962104498	-0.354638924704024	-1.8323902741678018	-1.0595000402245
0.025927215489864933	-0.2827986571422291	-1.7773023244864095	-1.1356628748840847
0.09007301051856838	-0.23251373102021036	-1.7076095980827772	-1.1957476519328145
0.09211403767236655	-0.1803830049682266	-1.625428619997173	-1.2764186880341533
0.10034353109701986	-0.14939266470101237	-1.5547346308925116	-1.3302449739660298
0.11705914057344029	-0.11248359954545262	-1.466876144445796	-1.4133204700746904
0.15170436812381943	-0.08525141600418788	-1.374579849433143	-1.4958442479674985
0.1628560354392819	-0.08701098094101244	-1.277807339060985	-1.5761621676435098
0.1510302173502663	-0.11304725898725924	-1.1674292417840169	-1.653820939901528
0.10537864841637236	-0.090888736900266	-1.071351501514179	-1.7412156473008273
0.11337111769347763	-0.0846819840415325	-0.9609897034933267	-1.8156999674653274
0.11702600111166861	-0.08931326519579995	-0.8464125100851224	-1.8636031550156147
0.09868357887241487	-0.16182075477122146	-0.7345756356279141	-1.883627007797714
0.10688208234118492	-0.17005157780431973	-0.6264363005786696	-1.8964703145368835
0.11780028309656759	-0.11104635038258079	-0.5448254982449764	-1.892476241733787
0.12372058477498864	-0.063470256543404	-0.4803565564500658	-1.8882229508479393
0.11305589393848242	-0.028318946587193916	-0.4152072238919996	-1.8593181912870207
0.1218007646227096	-0.009060271426725672	-0.354638924704024	-1.8323902741678018
0.13133804168860114	0.009346521962104498	-0.2827986571422291	-1.7773023244864095
0.1417608580364105	0.025927215489864933	-0.23251373102021036	-1.7076095980827772
0.15317032375372344	0.09007301051856838	-0.1803830049682266	-1.625428619997173
0.19570324681026416	0.09211403767236655	-0.14939266470101237	-1.5547346308925116
0.22828671760918132	0.10034353109701986	-0.11248359954545262	-1.466876144445796
0.28975485599865536	0.11705914057344029	-0.08525141600418788	-1.374579849433143
0.327774358886892	0.15170436812381943	-0.08701098094101244	-1.277807339060985
0.35598105492671134	0.1628560354392819	-0.11304725898725924	-1.1674292417840169
0.3710703472940987	0.1510302173502663	-0.090888736900266	-1.071351501514179
0.40361409531656056	0.10537864841637236	-0.0846819840415325	-0.9609897034933267
0.4393097927435573	0.11337111769347763	-0.08931326519579995	-0.8464125100851224
0.46763677996526976	0.11702600111166861	-0.16182075477122146	-0.7345756356279141
0.5094729664035966	0.09868357887241487	-0.17005157780431973	-0.6264363005786696
0.5786286382113903	0.10688208234118492	-0.11104635038258079	-0.5448254982449764
0.6311200550025754	0.11780028309656759	-0.063470256543404	-0.4803565564500658
0.6883728770995529	0.12372058477498864	-0.028318946587193916	-0.4152072238919996
0.7506749837052641	0.11305589393848242	-0.009060271426725672	-0.354638924704024
0.8182743882287439	0.1218007646227096	0.009346521962104498	-0.2827986571422291
0.8913589138629584	0.13133804168860114	0.025927215489864933	-0.23251373102021036
0.9700237329994272	0.1417608580364105	0.09007301051856838	-0.1803830049682266
1.054233203214064	0.15317032375372344	0.09211403767236655	-0.14939266470101237
1.1437765569168954	0.19570324681026416	0.10034353109701986	-0.11248359954545262
1.238208931435374	0.22828671760918132	0.11705914057344029	-0.08525141600418788
1.3125567460858922	0.28975485599865536	0.15170436812381943	-0.08701098094101244
1.4114032339944904	0.327774358886892	0.1628560354392819	-0.11304725898725924
1.5168761656992866	0.35598105492671134	0.1510302173502663	-0.090888736900266
1.6165566155071305	0.3710703472940987	0.10537864841637236	-0.0846819840415325
1.7136660750707764	0.40361409531656056	0.11337111769347763	-0.08931326519579995
1.7994183330906293	0.4393097927435573	0.11702600111166861	-0.16182075477122146
1.8298121430381185	0.46763677996526976	0.09868357887241487	-0.17005157780431973
1.8298121430381185	0.5094729664035966	0.10688208234118492	-0.11104635038258079
1.8740566366144813	0.5786286382113903	0.11780028309656759	-0.063470256543404
1.9350926408494524	0.6311200550025754	0.12372058477498864	-0.028318946587193916
1.9811994115439104	0.6883728770995529	0.11305589393848242	-0.009060271426725672
2.0325856688666484	0.7506749837052641	0.1218007646227096	0.009346521962104498
2.054100164356167	0.8182743882287439	0.13133804168860114	0.025927215489864933
2.044588579252959	0.8913589138629584	0.1417608580364105	0.09007301051856838
2.0138881525427816	0.9700237329994272	0.15317032375372344	0.09211403767236655
1.9301817196839932	1.054233203214064	0.19570324681026416	0.10034353109701986
1.83038674360086	1.1437765569168954	0.22828671760918132	0.11705914057344029
1.7224629693232694	1.238208931435374	0.28975485599865536	0.15170436812381943
1.5915810823330903	1.3125567460858922	0.327774358886892	0.1628560354392819
1.4772058316651604	1.4114032339944904	0.35598105492671134	0.1510302173502663
1.3439751161664764	1.5168761656992866	0.3710703472940987	0.10537864841637236
1.2111031597915585	1.6165566155071305	0.40361409531656056	0.11337111769347763
1.0745185996876678	1.7136660750707764	0.4393097927435573	0.11702600111166861
0.9599033445530137	1.7994183330906293	0.46763677996526976	0.09868357887241487
0.8431586171432205	1.8298121430381185	0.5094729664035966	0.10688208234118492
0.7467987423965206	1.8298121430381185	0.5786286382113903	0.11780028309656759
0.6786294775731854	1.8740566366144813	0.6311200550025754	0.12372058477498864
0.635066372839611	1.9350926408494524	0.6883728770995529	0.11305589393848242
0.5811908907757904	1.9811994115439104	0.7506749837052641	0.1218007646227096
0.4864589041462288	2.0325856688666484	0.8182743882287439	0.13133804168860114
0.37330459364899077	2.054100164356167	0.8913589138629584	0.1417608580364105
0.2585979745528117	2.044588579252959	0.9700237329994272	0.15317032375372344
0.1769533848943452	2.0138881525427816	1.054233203214064	0.19570324681026416
0.11826641344493756	1.9301817196839932	1.1437765569168954	0.22828671760918132
0.05264460990087963	1.83038674360086	1.238208931435374	0.28975485599865536
0.0038235129222144583	1.7224629693232694	1.3125567460858922	0.327774358886892
-0.03992337602705639	1.5915810823330903	1.4114032339944904	0.35598105492671134
-0.0878249344591596	1.4772058316651604	1.5168761656992866	0.3710703472940987
-0.12240866388252303	1.3439751161664764	1.6165566155071305	0.40361409531656056
-0.15382732303480234	1.2111031597915585	1.7136660750707764	0.4393097927435573
-0.18260294646355416	1.0745185996876678	1.7994183330906293	0.46763677996526976
-0.2092217243777616	0.9599033445530137	1.8298121430381185	0.5094729664035966
-0.22854020624309412	0.8431586171432205	1.8298121430381185	0.5786286382113903
-0.2198091137690249	0.7467987423965206	1.8740566366144813	0.6311200550025754
-0.20543888513320763	0.6786294775731854	1.9350926408494524	0.6883728770995529
-0.19551614355754263	0.635066372839611	1.9811994115439104	0.7506749837052641
-0.17477149749058704	0.5811908907757904	2.0325856688666484	0.8182743882287439
-0.1215942695854905	0.4864589041462288	2.054100164356167	0.8913589138629584
-0.13711710712991293	0.37330459364899077	2.044588579252959	0.9700237329994272
-0.15729148974506138	0.2585979745528117	2.0138881525427816	1.054233203214064
-0.18398733359066244	0.1769533848943452	1.9301817196839932	1.1437765569168954
-0.19883064179437246	0.11826641344493756	1.83038674360086	1.238208931435374
-0.21411761455375888	0.05264460990087963	1.7224629693232694	1.3125567460858922
-0.2557655869552882	0.0038235129222144583	1.5915810823330903	1.4114032339944904
-0.31258460780065295	-0.03992337602705639	1.4772058316651604	1.5168761656992866
-0.3471350837091269	-0.0878249344591596	1.3439751161664764	1.6165566155071305
