-4.39256239878283	-4.392802473204076	-4.402044964218912
-4.383576877551489	-4.384467075635344	-4.39273948169063
-4.341397528015435	-4.342559508189775	-4.35127306758061
-4.3145740025797785	-4.315641947258864	-4.3257922839650504
-4.319690042372686	-4.320826761756036	-4.32902891716715
-4.344775935295462	-4.345376645072374	-4.3590731413607955
-4.314375147331541	-4.315385888654841	-4.328144895948966
-4.550498219391295	-4.550866544005784	-4.567326889718
-4.337751776157305	-4.339592644160501	-4.352191926299733
-4.325252890677145	-4.326336421035411	-4.343789689545462
-4.309673107234409	-4.310757776014207	-4.329029329221064
-4.33333249524136	-4.334805961730471	-4.354246403157857
-4.358455775777434	-4.456681716462631	-4.494632586376745
-4.284218539387737	-4.28554945548394	-4.307284728603038
-4.573322576692248	-4.574007587385458	-4.598015139710476
-4.157562554639185	-4.254664280952448	-4.294386560991375
-4.1537256952728585	-4.250944247698783	-4.2901671976586
-4.3274081478572075	-4.328373526244653	-4.341229616076437
-4.276126492018843	-4.2757814363662545	-4.415031995096347
-4.426359272221079	-4.521832560591757	-4.437671473041635
-4.15898145580507	-4.253700281336676	-4.29808146176137
-4.138116871535322	-4.23334016358621	-4.278538082728253
-4.163709723929768	-4.162909378226642	-4.303974576225089
-4.293052109257957	-4.293936849615589	-4.326943931938302
-4.832324217992649	-4.832433289620518	-4.8675559309475
-4.138920360907503	-4.231972948631834	-4.280679618909737
-4.305541535336989	-4.305074724399552	-4.342138355431315
-4.4307018798485895	-4.290163239385712	-4.469294902973752
-4.3420745586840495	-4.341250033381433	-4.380378666184984
-4.2968375727608725	-4.156129128522206	-4.336771298114821
-4.284229503434532	-4.284390793049238	-4.32570575861075
-4.880045638175593	-4.880449968179644	-4.923029773332781
-4.316251521806572	-4.316418230920936	-4.35983960662444
-4.549602362478535	-4.550010848594841	-4.594697839504656
-4.287666090035835	-4.287934530922233	-4.333463092171217
-4.295184545358402	-4.295165777029936	-4.341705133272193
-4.667547338367771	-4.666339746824864	-4.712498995369364
-4.286916046521726	-4.287173599097196	-4.335745496663208
-4.308331702388772	-4.308618307606406	-4.358280301793977
-4.276409608736303	-4.27654017893828	-4.326980990613226
-4.861800271575536	-4.862231042730321	-4.768274052483167
-4.440732969210888	-4.527134507317117	-4.552687171629775
-4.340438976261542	-4.340895695733891	-4.394229188120715
-4.277487307602789	-4.146692304129215	-4.332525539208859
-4.291558553244037	-4.292257194776693	-4.347787309709404
-4.3041671114797575	-4.305411316150237	-4.3612559058587665
-4.1456331051340936	-4.229982220898025	-4.295355819694728
-4.135289279204223	-4.219525398817197	-4.2855573682567645
-4.319053673426631	-4.320305779859156	-4.379556911388036
-4.342790707746083	-4.344199905184913	-4.404286060217901
-4.287777368509078	-4.289547463523764	-4.3500760690826095
-4.450618488914523	-4.535060136930082	-4.603357964278471
-4.283891376297775	-4.286045812521895	-4.3479890960578915
-4.637195772910193	-4.513006892593312	-4.565357217455341
-4.195240231006231	-4.277135045715505	-4.347856817001244
-4.1129636461563015	-4.193807016140746	-4.265693469333968
-4.170019288127766	-4.252948557969512	-4.324492664295276
-4.18235339668589	-4.182511068221104	-4.336181916448031
-4.618702548593226	-4.617839683434705	-4.772727426546545
-4.130307785125566	-4.131167435197276	-4.284859030215772
-4.135618875644538	-4.145288717147947	-4.290231610549991
-4.206554054351075	-4.207105794291076	-4.361365057143011
-4.781991819783815	-4.862893857750937	-4.915178228184582
-4.178664158299088	-4.180711988780153	-4.3355435361234065
-4.1102430926174245	-4.029075562695963	-4.267635132029096
-4.281350397019672	-4.277354730826294	-4.46058158860781
-4.901582777879168	-4.8894384785896525	-5.064102934532886
-4.033889412058867	-4.093025641005207	-4.215480460219367
-4.577592855369139	-4.656484198524444	-4.740571834070325
-4.057045674217754	-4.115992451863557	-4.240415901856045
-4.033159577555295	-4.032918446691917	-4.2169285236579475
-4.054538851550211	-4.054192259899943	-4.238665869095352
-4.370343628904617	-4.413786861305675	-4.5550316129367285
-4.183804763117133	-4.183986330807924	-4.350892946389552
-4.156468023443277	-4.158339995900339	-4.325127570786863
-4.065386141837587	-4.1237733220252695	-4.250274495031159
-4.327914223548127	-4.2309250755893	-4.497096413629706
-4.171946635286065	-4.1731167554693265	-4.342404069604138
-4.124158748907945	-4.087431108036281	-4.310898612668356
-4.188618426526645	-4.179110719886974	-4.3593096348199305
-4.114960700281825	-4.112255094187001	-4.287355209613528
-4.0095937322039195	-4.101901908707184	-4.232030961823233
-3.9767175023476207	-3.945735687286563	-4.240026931011873
-4.162981166195657	-4.155967822201038	-4.339345546601655
-4.111707044662561	-4.112841964997936	-4.241699502568328
-4.478346254901542	-4.47851872082375	-4.6532388514833585
-3.8102046831040046	-4.0919990056947695	-4.225009596466859
-4.395677635211918	-4.226343132194529	-4.571740532017478
-4.118432748316671	-4.1199551073408776	-4.250946821267566
-3.610863562225506	-4.11159714734302	-4.223677037471144
-4.675720230743795	-4.474044152465478	-4.857514432279138
-4.3735408392179185	-4.378331660426994	-4.511536571476278
-4.114637109388792	-4.116103580165449	-4.245590567837594
-3.566195117984564	-4.085769371533195	-4.12344466589011
-4.134512523759598	-4.131033248765045	-4.295920251610135
-3.511955171739426	-3.1808393927050025	-3.493217845423189
-3.5040245323450354	-3.504317879464395	-3.4553879992850076
-3.4671713372341433	-3.463782510662313	-3.459213818340139
-3.545531877276616	-3.5445651468402293	-3.4685319030586577
-3.5141354544435752	-3.513719026390529	-3.4538983477555907
-3.4771864240510517	-3.467627435594392	-3.448534919913741
-3.477715812446976	-3.4796661837811937	-3.5296849152350065
-3.490543752767791	-3.4996155263860054	-3.4803236474527597
-3.51947546121137	-3.517233070669914	-3.5744295620209137
-3.5738193359747683	-3.5469669855512724	-3.442762442325115
-3.4858840669702347	-3.4859555036428524	-3.542830576552539
-3.463346223759613	-3.4615383459286164	-3.453795929584074
-3.4941548726732012	-3.4951317277135927	-3.495715969124192
-3.5100191175685804	-3.513477627968874	-3.518786179142885
-3.4765051574905694	-3.4777411097796387	-3.464979644433534
-4.090442436602914	-4.078441453780294	-4.1676701827212534
-3.507980458755795	-3.5292886119491356	-3.2671466449014885
-3.7648523426305682	-3.764800988942254	-3.820401923432106
-3.317051877759186	-3.130215433333824	-3.2289290280538836
-4.22746029597843	-4.137557646031392	-4.2676632232000875
-3.5438912345734552	-3.5434612649524424	-3.4161789252531856
-3.476430474260578	-3.4975143960140525	-3.4871958241666032
-3.5319755545362868	-3.5304818874096613	-3.2171982676224324
-3.4910298409836193	-3.2353883889177335	-3.3141836969845175
-4.545116337224571	-4.475878427191778	-4.48145862581518
-3.406336742642327	-3.431077456970307	-3.746945074763892
-3.6159669634983986	-3.615748966170661	-3.6136647045012222
-3.1371132295335187	-3.1570090167969	-3.0919944986508314
-3.4643215779865772	-3.147921364557746	-3.2554719109157335
-3.4997165579849887	-3.4997512418581747	-3.4972798404256618
-3.6281904160724627	-4.009282346748495	-3.939201696194744
-3.605040132264771	-3.5873941518985424	-3.574829706066415
-3.525375775435859	-3.524932670893686	-3.5676540525316636
-3.4471216617458853	-3.5084884788892405	-3.5534994213764968
-3.4819754675392307	-3.4716968014903378	-3.5211998524387274
-2.924912603615587	-2.989386217056406	-3.1187236796777693
-3.3491058506759512	-3.441772180017543	-3.3892113173952345
-3.015060995200987	-3.0445727755074006	-2.9947787677373197
-2.9743519894335826	-2.9900269496071643	-2.9809284474739774
-3.2246311350160126	-3.0990336269210776	-3.098879069604036
-2.9878861264681933	-2.969105847981268	-2.9371894016775633
-2.914377098662801	-2.905765604819555	-2.913695802029007
-3.019487484299887	-2.9096691580243483	-3.0096999442066434
-3.0333787150414824	-3.0191888885798734	-3.097110981938698
-2.8396764573369806	-2.9359848294967064	-2.9285252971611464
-2.8400515521722456	-2.887915345495527	-2.8658661053610808
-2.8482348845317964	-2.868069024392663	-2.8408938567942044
-2.8324795399156	-2.8763074592572293	-2.8856202441425567
-2.8881060457083954	-2.834695110166607	-2.932109497242848
-2.909744314264763	-2.90340683712083	-2.8806054936043157
-2.85282530517058	-2.9252561754733284	-2.8636585396286924
-2.801970688938052	-2.8464657951032493	-2.8546034876719903
-2.8474225934280093	-2.8292974624059135	-2.876849815846284
-2.884857320977107	-2.916883310751813	-2.894861659301673
-2.9563550575719217	-2.8528946750084567	-2.889826187962328
-2.8024294296350383	-2.898521110287297	-2.860496409763923
-2.876254826242353	-2.8044461978633444	-2.8428463253359166
-2.9144033565339615	-2.8193416778347387	-2.9009832261107165
-2.915806264350291	-2.87448070363165	-2.9391519407128746
-2.947394618471858	-2.857663757445567	-2.9103067814398234
-2.827242948988745	-2.8944305042129543	-2.854905060726273
-2.790548386632967	-2.79567879293569	-2.8045186125140846
-2.7910169499399737	-2.7899305062775968	-2.7944217189344442
-2.8614417855405256	-2.8360010237365776	-2.7909896379983126
-2.8588099264215057	-2.845162982503965	-2.8900681739637712
-2.844745417546739	-2.7846824148044136	-2.8000643848558116
-2.7561537163582677	-2.7460075440335445	-2.771207556106114
-2.8857040698381637	-2.9155822686784187	-2.8367859870738013
-2.8277924990223524	-2.830271555724202	-2.789507510735501
-2.731779303928274	-2.812640215837817	-2.7712285186911148
-2.8168697329678603	-2.835739318459549	-2.7529808343414115
-2.7202508919300548	-2.8081315122679364	-2.7633022193747507
-2.765861935787233	-2.7689008237940977	-2.7943215694542265
-2.800097835962468	-2.910801166795858	-2.822564544279094
-2.864234414220482	-2.729645807716795	-2.813263654969915
-2.838387093740985	-2.863513639952916	-2.768697951318263
-2.848032351788138	-2.763770923403378	-2.8100025859884226
-2.776617954114331	-2.8836242930997593	-2.7778979357089524
-2.7105847246086827	-2.781698531010878	-2.7187689024760413
-2.7198666387533454	-2.7285555680071916	-2.73970791651449
-2.782835059614667	-2.7784754709156534	-2.7518657701675675
-2.7872853688390946	-2.714679679654864	-2.813851389721077
-2.7958782424231017	-2.804766302007074	-2.751452295416425
-2.780011722457319	-2.7014713503921475	-2.747598942350642
-2.7736723642257286	-2.6840259043764165	-2.721722986026606
-2.8786968301627964	-2.859796194767197	-2.8291241752944036
-2.75331563787452	-2.658298957506935	-2.7088026184286074
-2.7044909726035953	-2.760637315214456	-2.7199019463740095
-2.7395431309717604	-2.737246908462637	-2.771162217955244
-2.7968622187381755	-2.814675167485398	-2.749192454445548
-2.7820875882466853	-2.7665263952139614	-2.7260146987535303
-3.503211593806931	-3.3746627129993976	-3.4485079829175858
-2.7409907380725107	-2.734835695193908	-2.699451960142543
-2.8942936908482966	-2.9030288989001254	-2.8508246580390053
-2.760566926250564	-2.7666710386778215	-2.724941967882968
-2.6727217435318162	-2.7503111485862615	-2.708096456851911
-2.805166149124864	-2.8415455162384777	-2.7373309087194206
-2.771398771290504	-2.7685381666265414	-2.7820753795259785
-2.889449515149609	-2.891658129359242	-2.8199811673759836
-2.809470316496917	-2.797113465375421	-2.7438133643703253
-2.7049418824962133	-2.7763052335052194	-2.822811919489976
-2.764104292412095	-2.74528647538028	-2.7491676409989863
-2.7513518538365656	-2.727651553343188	-2.7527356542677253
-2.7349465099525188	-2.740954765131662	-2.789223098923703
-2.759882547836641	-2.7346068451024523	-2.7276901575179577
-2.615978005510755	-2.6960451459753956	-2.6953058666973027
-2.7947117539116704	-2.796487364454571	-2.7540879040615964
-2.7357053154460615	-2.757531029362854	-2.7834535478642897
-2.677413420806556	-2.5548884050034486	-2.678316993619311
-2.714352185776767	-2.724779544580547	-2.6381488507829056
-2.7244034685266256	-2.747077004099932	-2.6483271187854744
-2.6848554097119246	-2.7020582158625928	-2.6927823697039157
-2.7339714553061407	-2.731603845125789	-2.6674444449877255
-2.6669202346991545	-2.668267423965801	-2.68723050971442
-2.6173818003219056	-2.7284275635703845	-2.714970776514403
-2.6430082202199228	-2.643593889359504	-2.6484661344329643
-2.730140089734522	-2.7171730625292256	-2.702122742748217
-2.677574772909618	-2.66143401477542	-2.678842518824013
-2.7021148373740616	-2.724970815836545	-2.71340804104415
-2.643340560818415	-2.644246891765925	-2.639610469014237
-2.630618451723612	-2.6234052919227557	-2.6384386239344497
-2.6634120008296724	-2.68565577671427	-2.65451216248549
-2.747694961478724	-2.734491573576351	-2.7520215161196546
-2.672470647860627	-2.653456296280231	-2.6645124433921126
-2.629057712858589	-2.617241711977943	-2.638295064954694
-2.5590516307708673	-2.627051713984624	-2.7074686542562874
-2.6856726142324496	-2.6844028135163445	-2.672876849854632
-2.6640268114586907	-2.660491886802888	-2.643371599589525
-2.6498414017684153	-2.6273285806969424	-2.6398631250361206
-2.6570890741431037	-2.650544111118264	-2.647208786833984
-2.6489701817993696	-2.6525356814539736	-2.640550265369083
-2.648270948971731	-2.6659550455603105	-2.641470365004624
-2.6218480322231565	-2.6206028567661295	-2.637158252895158
-2.6358505025296264	-2.518160925995814	-2.611052391750804
-2.6101467744083053	-2.6093636975407786	-2.6631713725731645
-2.523032916242953	-2.606092845379236	-2.6531550697580384
-2.509919019517975	-2.5925823022644927	-2.6548160468471216
-2.598773310808272	-2.5772228562141954	-2.6596390496426094
-2.5849395241982096	-2.599378327793046	-2.6463288961573084
-2.622849287373503	-2.63781926388978	-2.5993384927801015
-2.5893291017958258	-2.584913408404922	-2.6458373766959316
-2.5666062737644464	-2.5890689196288648	-2.6364546423909294
-2.6156275265338182	-2.6227042400752834	-2.5986004332210197
-2.6520582301822295	-2.6389020730712502	-2.6818755532356513
-2.6079738209024885	-2.602602601311714	-2.6446603772775195
-2.4922216258726597	-2.589473823972264	-2.5845003399283812
-2.5945174382226797	-2.602590977218686	-2.592873916160764
-2.561695189088916	-2.567117901732435	-2.5500023040838653
-2.6022632595008304	-2.584658765692987	-2.643390543923447
-2.633648722248054	-2.5586722821221546	-2.576158529185994
-2.56310314423204	-2.5491285807478503	-2.556619428067186
-2.572595722696089	-2.566715595965164	-2.5427810778371267
-2.6098313654699643	-2.4983896275465804	-2.6729545588565538
-2.5835856726522484	-2.5692352057466863	-2.6325594686871514
-2.585596700640854	-2.5568061733004463	-2.623559113191608
-2.535474704401671	-2.52864513546684	-2.59293432712217
-2.5353394726974976	-2.5180572174855484	-2.477919752560168
-2.550083533216931	-2.5373038015830227	-2.6137070633446626
-2.5459091500647397	-2.553839006714277	-2.5179758816965623
-2.568356179672947	-2.4763274256363177	-2.4806272086909917
-2.423045193231995	-2.4490003944888117	-2.540370423365384
-2.475462956069821	-2.555172047575216	-2.602844399673207
-2.558947827890473	-2.5376592075468722	-2.593376270960609
-2.575533595279519	-2.5689361069830925	-2.593100081737582
-2.6381237081774587	-2.6117422672603783	-2.5761315174859414
-2.434889258084793	-2.4511586614742593	-2.513793572095688
-2.420555410154978	-2.4049724297858233	-2.453846807713221
-2.5198721338559578	-2.530871060419495	-2.5726541488016736
-2.5836646044621805	-2.6062408458714343	-2.573508627043716
-2.5380071360675203	-2.5359399998453087	-2.5870521680568905
-2.4076468565951035	-2.5014862263180944	-2.488999576683196
-2.4276284874981693	-2.4287052842761754	-2.4537636989354326
-2.4579442907351146	-2.4657536627644214	-2.4043752644569256
-2.5821628867641393	-2.594632057007051	-2.545874885687298
-2.4688652969341685	-2.481085012908134	-2.400100155612925
-2.4997073754128922	-2.3870460246386007	-2.5288323425727124
-2.519469624061802	-2.4301283090582344	-2.3768702204765355
-2.4418760822861576	-2.453643587536597	-2.389992233472072
-2.572583832448256	-2.469903358585101	-2.497386727819128
-2.434138157849125	-2.5078811916150903	-2.5450418071278644
-2.4903869368919866	-2.5352770266161757	-2.4771296886896415
-2.4611750308747773	-2.4594956707353104	-2.4554934702534
-2.521061064321283	-2.513900906512927	-2.483167979764129
-2.523394487500295	-2.5146899072387963	-2.5688953008216315
-2.4878218598465325	-2.4923339885399183	-2.513311671822348
-2.51104958042644	-2.511009171959617	-2.476449934850773
-2.5080650027801106	-2.3925221829031367	-2.471700316473961
-2.536059520327836	-2.5137913059507624	-2.525929032482746
-2.501636163533917	-2.4981352214913137	-2.5262972269999513
-2.530721326675849	-2.5437785030496296	-2.485990992544622
-2.454259582843124	-2.45612074221003	-2.4915878302616274
-2.5117483207848315	-2.5253737585038323	-2.537199775988566
-2.4755852122229998	-2.3845455807735454	-2.4327009117306604
-2.4932622590628184	-2.495868610062795	-2.4512917413014734
-2.5082474169193723	-2.47959000224822	-2.525670640165102
-2.5001149457667275	-2.5241183663122104	-2.543502565196823
-2.49588898717083	-2.491026069866941	-2.5031081654987846
-2.473239380200227	-2.4856160040111996	-2.4631161359546856
-2.517155199625156	-2.5086722417100127	-2.5469587959686986
-2.5159463722410313	-2.441176303710513	-2.514781711642304
-2.3984558202978143	-2.4678260595847443	-2.510447747416445
-2.4831466560001614	-2.4787736678306582	-2.4784602241209464
-2.5500256799025296	-2.5446200305068865	-2.4910607490294905
-2.4570573344199897	-2.471829435937685	-2.4836945255232177
-2.5132553307151566	-2.4939300158077353	-2.502737706064637
-2.471124702074104	-2.489682322482642	-2.452353026746929
-2.507650806833831	-2.4108454943949567	-2.3867470036867626
-2.394377498566151	-2.3777424625074897	-2.3778867490753672
-2.3866638707621144	-2.5006369723052817	-2.509185761899415
-2.4383586205302716	-2.4099473100267486	-2.483843484578598
-2.5082134188945573	-2.4945357813533557	-2.472111297199498
-2.4222856271161675	-2.4520798569362636	-2.4536867259610546
-2.472226298891152	-2.3858027895811067	-2.392176467083995
-2.392651287108787	-2.3958737988675347	-2.454996471773883
-2.4606387384706485	-2.47350433681226	-2.3792069662770987
-2.4546562944464094	-2.4562614536800176	-2.4650841732218427
-2.472050184827805	-2.484366828103349	-2.419627560065221
-2.4623919814517428	-2.46158815789759	-2.4584349881114607
-2.3936811257906263	-2.3754938593942883	-2.502200421159128
-2.511695300637241	-2.4861938302380255	-2.482696223578157
-2.4418870919289755	-2.4600218490004533	-2.4077119037530874
-2.4782576914115917	-2.4831909853343173	-2.386476420047384
-2.3393607333460134	-2.438323449037434	-2.411097301778541
-2.4423779292664607	-2.431002810602061	-2.4399253357218744
-2.4274036727819412	-2.411797458583376	-2.4003113688900153
-2.469012726473738	-2.4539713710648337	-2.4120957789663473
-2.4471384213902203	-2.4453354106148013	-2.3902820438579147
-2.366111071940268	-2.4484194788025184	-2.4402192846124064
-2.416080889208494	-2.4050260647449018	-2.3208072187651605
-2.467664265400104	-2.455803863565035	-2.455044954581905
-2.3644290165349346	-2.3599309671066435	-2.45727901336779
-2.3605725837951383	-2.364651111009718	-2.3386823214803476
-2.3764143806622635	-2.3878402853424	-2.408300352223004
-2.4440556046161377	-2.4383972292074567	-2.452356088313631
-2.4583597922843823	-2.473859920118898	-2.366883908295994
-2.4658041746551396	-2.466645920026766	-2.4847015525946787
-2.3716195408390846	-2.378313184764775	-2.434193537874322
-2.508435921905151	-2.422234379542152	-2.494055991578559
-2.3729278647251837	-2.3597783555686886	-2.4150086049502995
-2.438042306395118	-2.445437843342827	-2.4419994658216266
-2.4278957983486142	-2.436953497974358	-2.4131061204038913
-2.440385624066673	-2.4390841178935587	-2.444723593013238
-2.442813001253606	-2.46791408139816	-2.478091767073621
-2.336366265786906	-2.3366518984787543	-2.3311865081734435
-2.347442570174902	-2.429294453236017	-2.348863534473149
-2.455650788328779	-2.455581282428275	-2.402236604578241
-2.5020870581761314	-2.4893820591268563	-2.3575747269850282
-2.479378374863573	-2.476274402405489	-2.515148679189473
-2.4364516860736845	-2.443260174295843	-2.457211524596901
-2.4209771004670335	-2.4090312528785645	-2.435058957183811
-2.4445853618398323	-2.4355751885803714	-2.4143964840450662
-2.417345511661939	-2.3248656175357683	-2.3345761223194033
-2.3953056954673646	-2.400627390004384	-2.4238033396375975
-2.4340021514451786	-2.4248133167544075	-2.318653873877989
-2.363403447307449	-2.4319555709803127	-2.316279853753246
-2.418798238334735	-2.303815860997831	-2.3133801038354855
-2.3966932248271244	-2.4180606800683515	-2.353562593209949
-2.36119071009487	-2.4362673554736025	-2.4361452783815634
-2.355310008659823	-2.3512485989577376	-2.3253719361870897
-2.4381938278898483	-2.438091625783346	-2.4245436571758434
-2.3439072718549325	-2.441130515438507	-2.3738355969457543
-2.4221379137158903	-2.3387118408477434	-2.302002961647113
-2.272604784110606	-2.358939382797549	-2.4162841139430977
-2.409139778632458	-2.454745862386193	-2.4493388576138773
-2.471019305207738	-2.381476443033677	-2.424568773829301
-2.4046997811199247	-2.409524997095089	-2.405081542626378
-2.450554843589877	-2.457893069107522	-2.4059367179403908
-2.427514362217151	-2.415215123238548	-2.353672500138915
-2.289955024671612	-2.2848304378708857	-2.409437479001775
-2.4374944967935495	-2.453193321879518	-2.4139202461798495
-2.3551457979393073	-2.3550879783928766	-2.3270405935888854
-2.406052765417005	-2.3924539048997113	-2.4268528840849357
-2.3668975335199915	-2.3447966556183024	-2.395011464009594
-2.319385042020535	-2.3906875872259947	-2.3820190722313233
-2.418522486295216	-2.329230814632215	-2.327438092335325
-2.42231982968154	-2.3049109482077808	-2.3940228442311313
-2.4064233783507802	-2.315629765151214	-2.398502059025388
-2.2973315308359887	-2.3804501638067297	-2.3087648573372865
-2.4153383086628106	-2.421799484165148	-2.4105421665796696
-2.3979822211501665	-2.425479878280585	-2.290297491736737
-2.4264461561987734	-2.434296983797056	-2.364731746243032
-2.3043040774669143	-2.307269131380272	-2.3781602694020187
-2.4500428291284524	-2.4260541073541964	-2.4282595786617733
-2.436953022991658	-2.3441778847016774	-2.4142340808327787
-2.3895498211261383	-2.382817436401164	-2.3991227238484605
-2.3870588520706773	-2.316784354031341	-2.383756965290767
-2.427533247757295	-2.3355528931456457	-2.399329896205735
-2.3866348657258705	-2.396532356987806	-2.4395973841137653
-2.425091545470316	-2.4093982354773353	-2.3923138843316987
-2.3838901345861583	-2.3876756033960653	-2.322770186926767
-2.4018575106371474	-2.4126361264582936	-2.3239373077527734
-2.3870872818743614	-2.3853865483142656	-2.3990849970547226
-2.30479409120012	-2.404290354182417	-2.3882754228505862
-2.3975662583095763	-2.4013600928178978	-2.393553735181877
-2.392738646970324	-2.3900244164458644	-2.3084437852538398
-2.4147379000930016	-2.39906615223769	-2.415044585628726
-2.4126755358386087	-2.3531402890459994	-2.3840424179945527
-2.4093593644673357	-2.4016662067337706	-2.3088621191276846
-2.3313999809595742	-2.3264531118675214	-2.3558611227419073
-2.387984615172006	-2.3756458963141536	-2.409050146705392
-2.3942891916321205	-2.37735363634443	-2.37254162144325
-2.354968260710835	-2.3537295922481616	-2.3992033009747176
-2.387576009086401	-2.3595277019679477	-2.314809955375772
-2.3925208951966317	-2.3813263863516885	-2.396372941319015
-2.2942257027587942	-2.3610645992991732	-2.398329724834935
-2.3698516045634057	-2.3680774915567566	-2.3942959536251904
-2.3461088416903895	-2.341325644899695	-2.3862988470953446
-2.3352304513034663	-2.3403628231974993	-2.376996024147661
-2.367983057532321	-2.281745940980051	-2.361140321219932
-2.267435882317873	-2.368230906079357	-2.352086344339644
-2.3712151583655126	-2.3816662391249794	-2.408019171077386
-2.369205142433846	-2.3572201712055096	-2.2680105478688333
-2.3722548952568987	-2.36046986911587	-2.3771197173592267
-2.390801779739432	-2.369462390555278	-2.3780777060603127
-2.344895950660243	-2.3568574076506676	-2.3800926898556476
-2.383628700795568	-2.3739365943053707	-2.3566896867829863
-2.392119729173477	-2.3817571681102248	-2.362180662206755
-2.3582033570118255	-2.375885612564822	-2.2942698724427486
-2.310289976964885	-2.38340350591453	-2.3768826960447815
-2.387789506518549	-2.3839585679945476	-2.270717023682643
-2.3650281798372776	-2.3993205105173936	-2.391105577927084
-2.3039351323962993	-2.2898133388870585	-2.2628523018091133
-2.3504412196528817	-2.2489238409288967	-2.35875851950783
-2.368321468868066	-2.3478783901018803	-2.3676093882106284
-2.3503430992158223	-2.347699657205717	-2.2623341133112187
-2.38773484017239	-2.4029444803986775	-2.365144626750259
-2.3340964921575456	-2.3404913281906126	-2.364418498060768
-2.3805561437757787	-2.363363367448828	-2.340373939259641
-2.2782799882697415	-2.363082543070929	-2.3397387135102936
-2.348550088967275	-2.332893210933463	-2.3643643986748586
-2.3882695060007664	-2.3969951201230733	-2.329741142916494
-2.369208128683089	-2.367257454476981	-2.2597839316541113
-2.342966222038904	-2.341620644880414	-2.363070003937888
-2.3741855738483926	-2.4024847564385983	-2.379749565887358
-2.343579090911912	-2.3647280592903335	-2.3819259193928426
-2.3766388674540115	-2.378027670303532	-2.3438898868172577
-2.3423211429469863	-2.3392470461156942	-2.340622969262026
-2.885867869356041	-2.914980372581753	-2.8094574477750864
-3.3170486865509234	-3.3358377734834233	-3.3122875560226395
-2.331878235465404	-2.350353146839865	-2.3495339311807837
-2.967520331317534	-2.974284009326322	-3.0056802682565396
-2.347816051910906	-2.245422732302197	-2.359748231925818
-2.33631803711625	-2.3421985213026044	-2.2386700373519206
-2.3247746578031627	-2.3340309794921197	-2.2479609855372176
-2.33332025613981	-2.345796286579828	-2.344932029257586
-2.3575703328647135	-2.351201548539896	-2.2299413179159937
-2.387852161823925	-2.369441855380774	-2.3441530017729346
-2.3393756239578307	-2.2575661025085494	-2.255061548813986
-2.2485990167786576	-2.3459539166381953	-2.347462675411312
-2.319124487276041	-2.336609916572747	-2.3505547247215084
-2.3333681348068773	-2.3451452551541903	-2.373443160765418
-2.315649752782088	-2.3138284572669217	-2.3303084753387027
-2.239634489651834	-2.340353573094906	-2.3310007795633267
-2.3592882019379013	-2.3423311032557748	-2.395340180791344
-2.3261883232036134	-2.3286977134012568	-2.246009472340027
-2.3418541995481736	-2.344430522891978	-2.3102617444725513
-2.3534945263936082	-2.342469270089367	-2.342921063107341
-2.3628074627180067	-2.3441713983549866	-2.342048808549101
-2.3699028327061353	-2.3658722671317785	-2.3396301029921944
-2.328628463492623	-2.326068702604256	-2.3272130389620345
-2.338116494750442	-2.252808128890592	-2.309643536628294
-2.3329713606573157	-2.3235801923862978	-2.344153172728172
-2.3432617928959885	-2.3318620569876427	-2.345607723626412
-2.318061555938405	-2.3300651804614523	-2.333675893329972
-2.3313820204468416	-2.3347916463314204	-2.321287118675202
-2.29942966845947	-2.306527434946695	-2.306217826777116
-2.321757272540449	-2.2414186670970433	-2.333785633893218
-2.3029547409308524	-2.324678028596539	-2.353357134936772
-2.2132307065768244	-2.3147785076207303	-2.330916832587007
-2.34238616253596	-2.3405119545238744	-2.348509652868845
-2.3353295508070975	-2.3393207330138104	-2.2379033732224825
-2.34188683715044	-2.349938464899014	-2.2605185150189815
-2.3170672893549167	-2.3138669404267467	-2.3326271636793496
-2.3146995687351826	-2.329388201328873	-2.267632654290908
-2.3730398609022036	-2.366435958678783	-2.3078827501444223
-2.3186412578888014	-2.316470971816092	-2.1902074952367734
-2.201733429199483	-2.308859836977383	-2.3239232873162208
-2.223948803651537	-2.3310906815997465	-2.354928532488256
-2.3226926340556595	-2.3226274870724963	-2.335921702540159
-2.212778509161449	-2.3163039057934918	-2.290019620463211
-2.3278708030407436	-2.3307482279991425	-2.2927135276069674
-2.3130678677357284	-2.3216971535531115	-2.3647290744982192
-2.3019352507632833	-2.294454307209613	-2.3162300423968905
-2.248303129632084	-2.3104491126123015	-2.323112058033896
-2.3087288917675823	-2.314961681974036	-2.280732109828193
-2.3108253264885814	-2.3018910644100345	-2.210877060399634
-2.3046036380350876	-2.2887999196300672	-2.3075686578227748
-2.3079995423602773	-2.3080956783703614	-2.308807037890224
-2.223494796385756	-2.2229341100075177	-2.2319428189542294
-2.33505258462745	-2.312962261878139	-2.292598718633106
-2.2361314721452654	-2.3124854820335177	-2.3113255060567792
-2.3156365776858547	-2.305244037963885	-2.3030978306876673
-2.361865668114134	-2.3244429795405237	-2.3373510729634477
-2.3024850126313483	-2.30067467553201	-2.312660072060876
-2.322914331608861	-2.3208802688763632	-2.301066970764952
-2.300525558540852	-2.2819671755387514	-2.320134247761614
-2.327979290685469	-2.321533717744787	-2.2928568799348543
-2.2312925643367594	-2.311168830773892	-2.2832476450700905
-2.2781344379377373	-2.2991532213868506	-2.3010306275740233
-2.3366074676071813	-2.3353307358358	-2.2981761950799187
-2.2863939183223247	-2.3007045721094137	-2.307655894348472
-2.3278121061067445	-2.3378434213492922	-2.2846119830174043
-2.3159207217702455	-2.311648227729284	-2.294089353350046
-2.1913007895006342	-2.2725051146917394	-2.276196826752356
-2.307171263008059	-2.3121547338701105	-2.283894542232726
-2.303046003617221	-2.3100695380210325	-2.3075402692132885
-2.2897783509003147	-2.2988382100922387	-2.274524839847851
-2.2147312715308765	-2.287018860048161	-2.2853946282606965
-2.1826765786095073	-2.2921068027526497	-2.3038915901560335
-2.3002443153615446	-2.3078611281597077	-2.2973230054087668
-2.2905771315484893	-2.2976289769553557	-2.2704633913507033
-2.271596359162624	-2.2820602418902745	-2.3094172279807017
-2.299971959863831	-2.207753070525537	-2.3059290027539117
-2.2988544472606782	-2.3052055837187213	-2.2808288131661283
-2.3126909469487904	-2.2931288830785053	-2.3101288661247468
-2.291385364418547	-2.2880699037006402	-2.2820241359930615
-2.289050426788476	-2.290714720336933	-2.2883538667419123
-2.299791869845918	-2.3116690330011815	-2.3147237626399706
-2.287902116393374	-2.2736542581668497	-2.2778518576641265
-2.271428580088806	-2.2882758435987314	-2.3013733238893614
-2.2606865260012525	-2.2641221290358553	-2.2776578282156255
-2.294357640465538	-2.281813370962623	-2.272418317631011
-2.292031564213714	-2.278314558088356	-2.2902234956368943
-2.19042300580293	-2.256195902972038	-2.2674476822313485
-2.301316671778718	-2.2973330190935664	-2.268481063669503
-2.280512573183371	-2.282866562164765	-2.2915998301943095
-2.2808025612011513	-2.2744816639602248	-2.262392123040309
-2.2833568316017856	-2.2899503632423563	-2.302593904698959
-2.284842009448887	-2.2762735638409053	-2.307035543959497
-2.283201495962683	-2.2744378849235103	-2.288842057889733
-2.2106454670640625	-2.3011517239894492	-2.2816567766101414
-2.2768875241764435	-2.2906191367441235	-2.183533485671067
-2.2849381136248055	-2.2994975964208675	-2.2838781760631903
-2.2845383107639186	-2.2906570647025917	-2.284257790599432
-2.289020179225075	-2.2833603912301363	-2.2907869688739373
-2.2184085834016836	-2.3054972028514933	-2.294046449701091
-2.258574640375879	-2.254606171020254	-2.1528210580970017
-2.274930787656812	-2.276657026599641	-2.2829346614130492
-2.2669803825792734	-2.2664112254751236	-2.287278725504331
-2.2713378699403655	-2.2649821822433567	-2.262867396667909
-2.2767743197520294	-2.275218579827824	-2.294444656525077
-2.300659229195878	-2.1939028022889144	-2.2864371010451903
-2.26444126639606	-2.256164103372634	-2.2927207372678855
-2.281776688540037	-2.2926060938545505	-2.2771985947628592
-2.2967416261562175	-2.2768141603841725	-2.2438425545453673
-2.2605791645868583	-2.272113536420406	-2.2723528559141397
-2.2538328163419865	-2.271318811797752	-2.270715588394525
-2.2590168617174364	-2.1595170411306137	-2.26956666927704
-2.275176685561453	-2.267393650661925	-2.176351784060383
-2.29557112760612	-2.2827870410395694	-2.2456640419070073
-2.2641795256151007	-2.2670387221821113	-2.2721796098354736
-2.2629806534017454	-2.271566644045196	-2.2823784851949633
-2.1741848293056254	-2.2519388904174082	-2.2692797253287647
-2.1990123548884215	-2.271447632690773	-2.240387335404731
-2.282890114061062	-2.2887342932857986	-2.2330375042342077
-2.262392920506501	-2.2392875827542906	-2.2716825876409557
-2.253816855194802	-2.24870151516154	-2.2763272874268985
-2.2637683124680086	-2.2655275658353538	-2.259424200861751
-2.2787478334702724	-2.167413900565907	-2.28268040639067
-2.2698564098538383	-2.2646185754805366	-2.298034941132058
-2.299265620032075	-2.293694572454615	-2.2740852203296327
-2.251846083018151	-2.261699856147484	-2.2319019765528987
-2.2736633947329623	-2.2451382300578127	-2.24622327852758
-2.2795546779874036	-2.2729837971939917	-2.251238598722422
-2.2570136459869046	-2.2493811522851437	-2.2684284223728732
-2.2731116052545155	-2.270360478309404	-2.2646836964590036
-2.2780357107432034	-2.2872463456569925	-2.2821211237977623
-2.27244646380723	-2.301239505284623	-2.273274840208681
-2.230715028329842	-2.243027956655113	-2.2520625779121426
-2.2525453921955423	-2.2656439450018224	-2.23074857958601
-2.247750226675653	-2.256816345040662	-2.2518999626196674
-2.2604287907288216	-2.245706449190056	-2.252173347443372
-2.1394724703957135	-2.235515165550081	-2.27160011574041
-2.271249977516921	-2.2878338022772313	-2.178099196861657
-2.266635662780709	-2.2528155890287396	-2.2549763979442927
-2.286993565637756	-2.302958282749419	-2.1869941799271673
-2.2642396786367986	-2.2656087434062466	-2.278851937921856
-2.2712793326602307	-2.243058642618884	-2.257059757494294
-2.2497046324886707	-2.2323007683515526	-2.2438701169080146
-2.239153983866724	-2.249042173556608	-2.249124609979157
-2.2232927869071233	-2.2347048826502998	-2.2708405122300364
-2.2543989786563534	-2.244971745604554	-2.2618184999999342
-2.257264615309069	-2.126528717200408	-2.242211353385093
-2.2668693825584616	-2.263373173089621	-2.2445169107961207
-2.2345889051165124	-2.233475507587762	-2.223454969009872
-2.263745884793914	-2.2563959189673026	-2.262344858292128
-2.2494739654310254	-2.259710712207906	-2.2461221093554595
-2.2318583571211974	-2.2290277478337854	-2.214185160967744
-2.2764061124843122	-2.266799417104365	-2.2755266361758575
-2.2546999849679	-2.226292118324702	-2.244401904674291
-2.257612985454627	-2.2611356003829592	-2.242929655735894
-2.247013040080657	-2.1557671558559397	-2.2389258386970243
-2.229205236002688	-2.22204804016138	-2.2458277677098244
-2.237372276611435	-2.226603707991606	-2.224694733582221
-2.264902089592168	-2.2679246428446427	-2.2671421024236795
-2.232760607083693	-2.2301383584421837	-2.2515783092909527
-2.2718859840607526	-2.236239034287583	-2.1397198543317155
-2.2280732924472915	-2.2111814441656996	-2.253336182724845
-2.246964349264975	-2.136454216802365	-2.2308440162136107
-2.2325216443484996	-2.2226946538706724	-2.233814884262666
-2.2341704902970703	-2.23205227880085	-2.2333876466088847
-2.239477382232003	-2.2415259228860833	-2.250352965113594
-2.148393815525903	-2.240644390623136	-2.22144801712326
-2.221964525442512	-2.2087806796593537	-2.2285417794587103
-2.249056005695659	-2.2301836910018724	-2.257349742869915
-2.2363920197054448	-2.2162649264418866	-2.241510156061876
-2.2595546728719387	-2.2481156951374004	-2.2490790006689734
-2.1151704882127027	-2.206261216794626	-2.177706419508251
-2.2225828402871475	-2.230170818611344	-2.222888420454549
-2.2213554831666364	-2.220912338970469	-2.2065420684618746
-2.213988957298281	-2.2045137389704155	-2.2202004832991253
-2.1341472027041375	-2.226255647289655	-2.186048856516385
-2.2117613896837733	-2.2097953519974993	-2.2464937847623196
-2.246476489662372	-2.2393362269941823	-2.2478338604553927
-2.255108943752183	-2.2529530970160696	-2.2355951731397137
-2.1999181863679445	-2.2093689560667547	-2.192500658587959
-2.2145787553343843	-2.210955833007319	-2.2247784527142147
-2.4351901360493553	-2.188742030016494	-2.204779828284122
-2.165425863968719	-2.1757903569475445	-2.206965059311851
-2.2088155072031603	-2.20848850892066	-2.2048982864565057
-2.2316433393212054	-2.2260182231614682	-2.2587112077395775
-2.2624461918567698	-2.208367911539151	-2.231933239127564
-2.528998339014966	-2.5135606654596825	-2.5251098875075417
-2.1983392565356645	-2.1920589989564903	-2.2146957102910165
-2.7872057119013816	-2.7707299297932257	-2.7834412993750473
-2.192338882162521	-2.214242644844601	-2.23337013371464
-2.7714125337209876	-2.771099237489945	-2.7969148283416208
-2.213726680073055	-2.216251282093311	-2.2049451715523687
-2.2463894296501556	-2.2412298747515518	-2.2106330851458322
-2.6513799671438245	-2.648478727147365	-2.658050057661989
-2.235550408534396	-2.220078365500733	-2.2442412623104793
-2.2245513382527062	-2.215836264656849	-2.2197906389908315
-2.2000930850524276	-2.2187498144312117	-2.211310272459177
-2.1973844840478103	-2.202423455699558	-2.1196070350050227
-3.1492963494398314	-3.152500656543696	-3.187845169399064
-2.1973384312696087	-2.1954057604545834	-2.201613746931117
-2.2086666994252098	-2.1771069525478004	-2.194061147707109
-2.2309153233388868	-2.2173153114158843	-2.2564912330828157
-2.1770407788389448	-2.2949488508619433	-2.288221518302382
-2.133101144994446	-2.1249609846494275	-2.2089628735221285
-2.841843726480357	-2.862174662909018	-2.8386613980275297
-2.1235292481734365	-2.198078027867262	-2.1086483154461027
-2.3615984899355884	-2.4667079192416743	-2.467580787267191
-2.6993103052246723	-2.701238858492139	-2.6983496506020543
-2.220713882916329	-2.2207716303056624	-2.232272419013414
-2.2009867406491614	-2.2052353226295724	-2.218247876747109
-2.5704323865199785	-2.556598909642394	-2.5745994153490814
-2.2289186334797706	-2.198797710278246	-2.214912441718135
-2.198361673644385	-2.1896748102099273	-2.18403646776989
-2.1817918404163184	-2.1907827938963864	-2.2042441678574916
-2.1878110529728647	-2.207853176934673	-2.203341641668121
-2.232250099161686	-2.200416387177144	-2.262863476827008
-2.223097691380797	-2.251131715897926	-2.222792669414432
-2.2006769720994432	-2.2026720313400454	-2.1645075496479373
-2.09631220673978	-2.1057570741662555	-2.184642721216472
-2.628821935518077	-2.6317753912373023	-2.6263991627834526
-2.2065705016506327	-2.196711147882011	-2.083051210316127
-2.1927630243262413	-2.2207488130750392	-2.2079671933703606
-2.193681407967572	-2.2058172199813484	-2.2364249465244987
-2.1990924083780627	-2.2042673692454424	-2.1300158252890715
-2.2109347840918194	-2.2065097371686986	-2.1859315694621837
-2.202527781163557	-2.1823287107893905	-2.1882792534075137
-2.2016634871575294	-2.1862287903958255	-2.2114910663685583
-2.766300739065525	-2.7593842233513195	-2.7636151376979012
-2.2218780899281985	-2.2026902161767783	-2.2042926151807847
-2.2247408646564932	-2.227590050616026	-2.198332927159012
-2.5933136244164308	-2.5713644711904675	-2.5779869623992715
-2.186239615511758	-2.183667574985901	-2.20828903387914
-2.2122771643907115	-2.2257974489783674	-2.19631801715194
-2.761199325779485	-2.7844478492986946	-2.782911879876833
-2.1951332292160313	-2.2256850313832297	-2.1921540849515133
-2.971247911094269	-2.9172333249296423	-2.975258014386224
-2.7230578873151656	-2.7360995506798416	-2.739585998898281
-2.1933359960459162	-2.201151455532681	-2.204245680385662
-2.690094960894387	-2.6889207124041175	-2.6948701432172975
-2.1826244575286573	-2.1714068050026576	-2.194126091415776
-2.1763493047143436	-2.1918261238855457	-2.2113084550430435
-2.9223051917044764	-2.932863788714049	-2.9268308561579572
-2.9191037101700017	-2.919482863487954	-2.912541324758912
-2.1841381761279233	-2.189022236903075	-2.214019432990088
-1.9921215759071917	-2.1373807907927485	-2.009539868823049
-2.7724878729521487	-2.7816904839290557	-2.774593930554852
-2.6970955828461585	-2.6915230799666308	-2.694574403563555
-2.176135288076362	-2.200790352624379	-2.1705922334582
-2.1795492735248962	-2.196182374917002	-2.1887719680322597
-2.2045764232060403	-2.108242434307386	-2.208560883905514
-2.2038899457121173	-2.1891089980812266	-2.1933688890703165
-2.6944700354562268	-2.68828237796436	-2.6956687902128924
-2.7459417447680696	-2.752590681570785	-2.751347439658122
-2.1815015518098546	-2.192713850899567	-2.1928501981450434
-3.5616811650371307	-3.566623050699154	-3.519509230068213
-3.3862497660670883	-3.3861871621866575	-3.2549105500968594
-2.162843848825312	-2.1895637459189943	-2.1805983948189733
-3.5222690449236076	-3.5232916119970232	-3.4771407619049364
-2.158779719984338	-2.134378609262743	-2.142555962767695
-3.539371207182422	-3.5167254347206587	-3.4359119375662686
-3.2964179604989106	-3.236970460213472	-3.2778795154617564
-2.1584382559016473	-2.1696352203908256	-2.2008594320980484
-2.749019326687931	-2.9729825861116805	-2.9542466383929464
-2.8616275657229022	-2.8597400068782663	-2.676863116044596
-2.295068181718445	-2.188718393056749	-2.2693299704785943
-3.2104394270223837	-3.1056590092581717	-3.2793361891324837
-3.362219300897198	-3.3360585017781883	-3.253448234560988
-3.2878519219353084	-3.352295372277047	-3.349474338551092
-3.3782786440631494	-3.431826559566252	-3.370853296361544
-3.1749015170982595	-3.098694022201345	-3.1616302905106033
-3.1675904212906816	-3.2713594468731757	-3.1062625269400663
-2.1818798563871233	-2.1830747293413117	-2.205851461503939
-2.324728323908068	-2.136055631294097	-2.145564293653962
-2.970074403549702	-2.9855870372591427	-3.0059870515920193
-2.9074871560159803	-3.149253481194138	-3.105846711022511
-2.153898019095972	-2.1525681963750234	-2.1561186246077164
-2.169006518314406	-2.2587986508072406	-2.1110311393352643
-2.180893969904913	-2.189578252278328	-2.165410865142471
-3.110735289037563	-3.009887568074808	-3.134121116976527
-2.152641290078479	-2.161212515102131	-2.1745298433948523
-3.5195148759616663	-3.569214937199096	-3.579336288824473
-3.343918378265352	-3.2478703824907695	-3.381798485070566
-2.1730164405237193	-2.1789421967555644	-2.186363336831575
-3.0948106931228936	-3.3601305341271974	-3.3876887361244323
-2.162384146689798	-2.059599430541999	-2.1896655162045473
-2.536040058697453	-2.3199834143611797	-2.5545226106834735
-2.1543980199763495	-2.058822705758683	-2.1435348127678697
-2.6528722956268114	-2.65376560202166	-2.660522688605656
-2.179815045450032	-2.1696498657758703	-2.1796232723544313
-2.6366015028975904	-2.6546580846948635	-2.636161427248434
-2.6187356125775696	-2.6144828310601755	-2.6206461929417646
-2.647166081695262	-2.6479044415796626	-2.6342606942951234
-2.577046996250518	-2.5841288786652123	-2.5933861289202826
-2.1819819030404903	-2.1724730187910968	-2.1728650837793415
-2.5023327454122954	-2.5096023990407104	-2.4984244801461295
-2.2736715450391816	-2.456568693740161	-2.453321879435576
-2.5175761816955524	-2.513821657738954	-2.5064278273122196
-2.0277126659207934	-2.0321023999586507	-2.0387087099318886
-2.0817182255872755	-2.1535987980201567	-2.126228535052873
-2.156697603636671	-2.1574553063053727	-2.186912480354661
-2.6033584656293205	-2.598598129001472	-2.6080546759753354
-2.1650991274664464	-2.194621548535433	-2.0927104210816267
-2.5180759107916675	-2.5176542911053246	-2.5240064213913054
-1.9759910498183235	-1.9862968108692154	-1.993592436879157
-2.203368487467398	-2.1370051638530674	-2.1944939905630645
-2.6508037276314824	-2.651729505285753	-2.6420962975184468
-2.1554853958169895	-2.16758679274141	-2.1612683163364514
-2.5293156832769546	-2.5347676789213747	-2.5045125392036773
-2.597750142481375	-2.5957363100219415	-2.592760013485538
-2.1130892278583833	-2.162164605977851	-2.1773002518682416
-2.6218407933534604	-2.6333027597999146	-2.6263354132885315
-3.280847000822811	-3.1093346623735476	-3.11090682020645
-2.7139286606838606	-2.720415787244195	-2.7076248168780754
-2.66979753730231	-2.668181338145161	-2.6685877428275053
-2.7157146459468775	-2.722442454757117	-2.716500882463916
-2.7601741683078913	-2.755628343553254	-2.7489012155884383
-2.1577003755978557	-2.164431572261257	-2.1537680103063166
-2.1811314578792906	-2.162933348786913	-2.161758798302193
-2.6710129045062865	-2.6718726431326183	-2.673750886128896
-2.618283963145177	-2.6201943359558553	-2.617303548701284
