-2.249453932418498	-0.8827854090070225	-0.1748784173498541
-2.162693147127604	-0.9720388046095565	-0.19092242989760158
-2.048322674556288	-1.068827501406451	-0.2087430310906185
-1.911111177040487	-1.173084028499041	-0.22853935535046396
-1.7566220714622056	-1.284449096545941	-0.25053201590508284
-1.5906492026067591	-1.4021651442047531	-0.27496474325434334
-1.4187274612469412	-1.5249733141088209	-0.30210648511380755
-1.2457749886313974	-1.6509939891644374	-0.33225274313867426
-1.0758835446273158	-1.7776336252447156	-0.36572713119840994
-0.9122418300960815	-1.901524218345139	-0.4028820671340971
-0.757159392706601	-2.0185321647818237	-0.44409899425940574
-0.6121556416600065	-2.1238833920199216	-0.4897868642643892
-0.47808156833926413	-2.2124009749641504	-0.5403795113316987
-0.3552502767653368	-2.278906739025491	-0.5963299804801573
-0.24356215833012834	-2.3187136538574693	-0.6581011667060261
-0.14261544390653566	-2.328174149536573	-0.7261529230688192
-0.05179841099808237	-2.3051740729383416	-0.800919829740181
0.029636073788300143	-2.249453932418498	-0.8827854090070225
0.10251219631623258	-2.162693147127604	-0.9720388046095565
0.16768759115837545	-2.048322674556288	-1.068827501406451
0.2260213615587337	-1.911111177040487	-1.173084028499041
0.27835075647665913	-1.7566220714622056	-1.284449096545941
0.32547629311798026	-1.5906492026067591	-1.4021651442047531
0.3681514464502675	-1.4187274612469412	-1.5249733141088209
0.40707682528459177	-1.2457749886313974	-1.6509939891644374
0.44289800749567765	-1.0758835446273158	-1.7776336252447156
0.4762042736146254	-0.9122418300960815	-1.901524218345139
0.5075304626149333	-0.757159392706601	-2.0185321647818237
0.5373581789679581	-0.6121556416600065	-2.1238833920199216
0.5661190224647968	-0.47808156833926413	-2.2124009749641504
0.5941968647107727	-0.3552502767653368	-2.278906739025491
0.6219310877281381	-0.24356215833012834	-2.3187136538574693
0.6496188821741428	-0.14261544390653566	-2.328174149536573
0.6775179100934973	-0.05179841099808237	-2.3051740729383416
0.7058478051583101	0.029636073788300143	-2.249453932418498
0.7347920735856474	0.10251219631623258	-2.162693147127604
0.7644982638691048	0.16768759115837545	-2.048322674556288
0.7950790127851846	0.2260213615587337	-1.911111177040487
0.8266108148041471	0.27835075647665913	-1.7566220714622056
0.8591338631563735	0.32547629311798026	-1.5906492026067591
0.8926501177262107	0.3681514464502675	-1.4187274612469412
0.927121348758793	0.40707682528459177	-1.2457749886313974
0.9624674502460326	0.44289800749567765	-1.0758835446273158
0.9985632083235805	0.4762042736146254	-0.9122418300960815
1.035236668745284	0.5075304626149333	-0.757159392706601
1.0722669055915228	0.5373581789679581	-0.6121556416600065
1.1093823919131953	0.5661190224647968	-0.47808156833926413
1.1462617064278013	0.5941968647107727	-0.3552502767653368
1.1825333642464386	0.6219310877281381	-0.24356215833012834
1.2177805438719644	0.6496188821741428	-0.14261544390653566
1.2515459750848232	0.6775179100934973	-0.05179841099808237
1.2833389801557538	0.7058478051583101	0.029636073788300143
1.3126494108468123	0.7347920735856474	0.10251219631623258
1.338957897976755	0.7644982638691048	0.16768759115837545
1.3617551094362308	0.7950790127851846	0.2260213615587337
1.3805592611714406	0.8266108148041471	0.27835075647665913
1.3949341103911697	0.8591338631563735	0.32547629311798026
1.4045118997619261	0.8926501177262107	0.3681514464502675
1.4090079056369642	0.927121348758793	0.40707682528459177
1.4082387880451204	0.9624674502460326	0.44289800749567765
1.4021332199105299	0.9985632083235805	0.4762042736146254
1.3907380777313103	1.035236668745284	0.5075304626149333
1.3742207185514232	1.0722669055915228	0.5373581789679581
1.3528632546044563	1.1093823919131953	0.5661190224647968
1.3270520522589577	1.1462617064278013	0.5941968647107727
1.2972640544064782	1.1825333642464386	0.6219310877281381
1.2640460160200258	1.2177805438719644	0.6496188821741428
1.227996088310766	1.2515459750848232	0.6775179100934973
1.1897402996647544	1.2833389801557538	0.7058478051583101
1.149913168886032	1.3126494108468123	0.7347920735856474
1.1091378375677763	1.338957897976755	0.7644982638691048
1.0680100664578134	1.3617551094362308	0.7950790127851846
1.0270849854048034	1.3805592611714406	0.8266108148041471
0.9868672838797745	1.3949341103911697	0.8591338631563735
0.9478049280911819	1.4045118997619261	0.8926501177262107
0.9102858978291769	1.4090079056369642	0.927121348758793
0.8746375188836901	1.4082387880451204	0.9624674502460326
0.8411284390767043	1.4021332199105299	0.9985632083235805
0.8099717658628472	1.3907380777313103	1.035236668745284
0.7813298994386799	1.3742207185514232	1.0722669055915228
0.7553201505817602	1.3528632546044563	1.1093823919131953
0.7320201207404018	1.3270520522589577	1.1462617064278013
0.7114746022013483	1.2972640544064782	1.1825333642464386
0.6937003578162382	1.2640460160200258	1.2177805438719644
0.6786925046029619	1.227996088310766	1.2515459750848232
0.6664292691595737	1.1897402996647544	1.2833389801557538
0.6568761498061351	1.149913168886032	1.3126494108468123
0.6499908376296426	1.1091378375677763	1.338957897976755
0.6457255597174155	1.0680100664578134	1.3617551094362308
0.6440300663995379	1.0270849854048034	1.3805592611714406
0.644854611473352	0.9868672838797745	1.3949341103911697
0.6481504700929281	0.9478049280911819	1.4045118997619261
0.6538714161009005	0.9102858978291769	1.4090079056369642
0.6619749781875959	0.8746375188836901	1.4082387880451204
0.6724214170122164	0.8411284390767043	1.4021332199105299
0.6851739982120502	0.8099717658628472	1.3907380777313103
0.700198546514558	0.7813298994386799	1.3742207185514232
0.7174610577697742	0.7553201505817602	1.3528632546044563
0.7369268732499121	0.7320201207404018	1.3270520522589577
0.7585586934982643	0.7114746022013483	1.2972640544064782
0.782312702889637	0.6937003578162382	1.2640460160200258
0.8081366585495277	0.6786925046029619	1.227996088310766
0.835966418139941	0.6664292691595737	1.1897402996647544
0.8657203842825646	0.6568761498061351	1.149913168886032
0.8972967727845023	0.6499908376296426	1.1091378375677763
0.9305686734795721	0.6457255597174155	1.0680100664578134
0.9653774926471095	0.6440300663995379	1.0270849854048034
1.001529787535154	0.644854611473352	0.9868672838797745
1.038791720322699	0.6481504700929281	0.9478049280911819
1.0768837576676695	0.6538714161009005	0.9102858978291769
1.1154783703462041	0.6619749781875959	0.8746375188836901
1.1541965197708448	0.6724214170122164	0.8411284390767043
1.1926073434871918	0.6851739982120502	0.8099717658628472
1.2302306696050858	0.700198546514558	0.7813298994386799
1.2665391651803128	0.7174610577697742	0.7553201505817602
1.3009680375622996	0.7369268732499121	0.7320201207404018
1.3329266055915794	0.7585586934982643	0.7114746022013483
1.361809477489789	0.782312702889637	0.6937003578162382
1.387019818919464	0.8081366585495277	0.6786925046029619
1.4079874875152305	0.835966418139941	0.6664292691595737
1.4241905540273643	0.8657203842825646	0.6568761498061351
1.4351835422183148	0.8972967727845023	0.6499908376296426
1.4406143929085031	0.9305686734795721	0.6457255597174155
1.440247015332157	0.9653774926471095	0.6440300663995379
1.4339757389879182	1.001529787535154	0.644854611473352
1.4218326184271501	1.038791720322699	0.6481504700929281
1.4039910851875972	1.0768837576676695	0.6538714161009005
1.3807601039013693	1.1154783703462041	0.6619749781875959
1.3525708644175183	1.1541965197708448	0.6724214170122164
1.3199610864165836	1.1926073434871918	0.6851739982120502
1.2835501035609298	1.2302306696050858	0.700198546514558
1.2440157028305088	1.2665391651803128	0.7174610577697742
1.2020672602818279	1.3009680375622996	0.7369268732499121
1.158421111410538	1.3329266055915794	0.7585586934982643
1.113778233701903	1.361809477489789	0.782312702889637
1.0688046239507578	1.387019818919464	0.8081366585495277
1.0241167829983755	1.4079874875152305	0.835966418139941
0.9802702796494674	1.4241905540273643	0.8657203842825646
0.9377533678847313	1.4351835422183148	0.8972967727845023
0.8969837895246072	1.4406143929085031	0.9305686734795721
0.8583088494010561	1.440247015332157	0.9653774926471095
0.8220083554775174	1.4339757389879182	1.001529787535154
0.7882990487054979	1.4218326184271501	1.038791720322699
0.7573406127893375	1.4039910851875972	1.0768837576676695
0.7292427159771839	1.3807601039013693	1.1154783703462041
0.7040715241737048	1.3525708644175183	1.1541965197708448
0.6818578021380601	1.3199610864165836	1.1926073434871918
0.6626026046093263	1.2835501035609298	1.2302306696050858
0.6462846851113127	1.2440157028305088	1.2665391651803128
0.6328657230990022	1.2020672602818279	1.3009680375622996
0.6222953433544048	1.158421111410538	1.3329266055915794
0.6145164659400985	1.113778233701903	1.361809477489789
0.6094677045542807	1.0688046239507578	1.387019818919464
0.6070872843100352	1.0241167829983755	1.4079874875152305
0.6073157186895858	0.9802702796494674	1.4241905540273643
0.6100965265021651	0.9377533678847313	1.4351835422183148
0.6153784900798394	0.8969837895246072	1.4406143929085031
0.6231161579531564	0.8583088494010561	1.440247015332157
0.633269324946293	0.8220083554775174	1.4339757389879182
0.6458038495127189	0.7882990487054979	1.4218326184271501
0.6606902313806113	0.7573406127893375	1.4039910851875972
0.6779021573937395	0.7292427159771839	1.3807601039013693
0.6974158588874991	0.7040715241737048	1.3525708644175183
0.7192069238011737	0.6818578021380601	1.3199610864165836
0.7432478738321839	0.6626026046093263	1.2835501035609298
0.7695059187783606	0.6462846851113127	1.2440157028305088
0.797937920281659	0.6328657230990022	1.2020672602818279
0.8284867729643406	0.6222953433544048	1.158421111410538
0.8610774889392392	0.6145164659400985	1.113778233701903
0.8956103740788197	0.6094677045542807	1.0688046239507578
0.9319560609877032	0.6070872843100352	1.0241167829983755
0.9699503788218543	0.6073157186895858	0.9802702796494674
1.009386633705871	0.6100965265021651	0.9377533678847313
1.0500102322151188	0.6153784900798394	0.8969837895246072
1.0915139391955697	0.6231161579531564	0.8583088494010561
1.1335318658272282	0.633269324946293	0.8220083554775174
1.1756375174581124	0.6458038495127189	0.7882990487054979
1.2173425583094377	0.6606902313806113	0.7573406127893375
1.2580975977122055	0.6779021573937395	0.7292427159771839
1.2973005351308735	0.6974158588874991	0.7040715241737048
1.3343025007947076	0.7192069238011737	0.6818578021380601
1.3684236615111685	0.7432478738321839	0.6626026046093263
1.3989737316272788	0.7695059187783606	0.6462846851113127
1.4252696005914274	0.797937920281659	0.6328657230990022
1.4466677103323438	0.8284867729643406	0.6222953433544048
1.462588477666263	0.8610774889392392	0.6145164659400985
1.4725445092290446	0.8956103740788197	0.6094677045542807
1.4761707139699425	0.9319560609877032	0.6070872843100352
1.4732419684838027	0.9699503788218543	0.6073157186895858
1.4636923299051061	1.009386633705871	0.6100965265021651
1.4476216102566617	1.0500102322151188	0.6153784900798394
1.4252935169859131	1.0915139391955697	0.6231161579531564
1.3971272416405371	1.1335318658272282	0.633269324946293
1.3636776606325198	1.1756375174581124	0.6458038495127189
1.325611091814624	1.2173425583094377	0.6606902313806113
1.283676339181751	1.2580975977122055	0.6779021573937395
1.2386722637816467	1.2973005351308735	0.6974158588874991
1.1914183323836125	1.3343025007947076	0.7192069238011737
1.1427241381539344	1.3684236615111685	0.7432478738321839
1.0933661959523469	1.3989737316272788	0.7695059187783606
1.0440665040391457	1.4252696005914274	0.797937920281659
0.9954788570817844	1.4466677103323438	0.8284867729643406
0.9481786203259254	1.462588477666263	0.8610774889392392
0.9026583320870548	1.4725445092290446	0.8956103740788197
0.8593271185444527	1.4761707139699425	0.9319560609877032
0.8185132215869678	1.4732419684838027	0.9699503788218543
0.7804696782670064	1.4636923299051061	1.009386633705871
0.7453810177766365	1.4476216102566617	1.0500102322151188
0.7133715716602926	1.4252935169859131	1.0915139391955697
0.6845141445166947	1.3971272416405371	1.1335318658272282
0.658838231775628	1.3636776606325198	1.1756375174581124
0.6363391142227998	1.325611091814624	1.2173425583094377
0.6169844807154564	1.283676339181751	1.2580975977122055
0.6007226876933258	1.2386722637816467	1.2973005351308735
0.5874878847790754	1.1914183323836125	1.3343025007947076
0.5772059402972265	1.1427241381539344	1.3684236615111685
0.5697994829015838	1.0933661959523469	1.3989737316272788
0.5651901306498026	1.0440665040391457	1.4252696005914274
0.563303106704144	0.9954788570817844	1.4466677103323438
0.5640689370076336	0.9481786203259254	1.462588477666263
0.5674245520735031	0.9026583320870548	1.4725445092290446
0.573315609771005	0.8593271185444527	1.4761707139699425
0.5816960085689571	0.8185132215869678	1.4732419684838027
0.5925281651298312	0.7804696782670064	1.4636923299051061
0.6057833648554101	0.7453810177766365	1.4476216102566617
0.6214397733242437	0.7133715716602926	1.4252935169859131
0.6394819250726176	0.6845141445166947	1.3971272416405371
0.6598990156707647	0.658838231775628	1.3636776606325198
0.6826817830976811	0.6363391142227998	1.325611091814624
0.7078208744566213	0.6169844807154564	1.283676339181751
0.7353029882641083	0.6007226876933258	1.2386722637816467
0.7651064048383748	0.5874878847790754	1.1914183323836125
0.7971978111001927	0.5772059402972265	1.1427241381539344
0.8315260692148406	0.5697994829015838	1.0933661959523469
0.8680159573265431	0.5651901306498026	1.0440665040391457
0.9065633517819955	0.563303106704144	0.9954788570817844
0.9470267345150721	0.5640689370076336	0.9481786203259254
0.989219441905237	0.5674245520735031	0.9026583320870548
1.03290392626957	0.573315609771005	0.8593271185444527
1.077782576265256	0.5816960085689571	0.8185132215869678
1.1234912827747863	0.5925281651298312	0.7804696782670064
1.1695953025006791	0.6057833648554101	0.7453810177766365
1.2155839288302352	0.6214397733242437	0.7133715716602926
1.2608725586450695	0.6394819250726176	0.6845141445166947
1.3048045827910775	0.6598990156707647	0.658838231775628
1.346659325332861	0.6826817830976811	0.6363391142227998
1.3856696282069472	0.7078208744566213	0.6169844807154564
1.4210358612857386	0.7353029882641083	0.6007226876933258
1.4519569025389172	0.7651064048383748	0.5874878847790754
1.4776588383746776	0.7971978111001927	0.5772059402972265
1.4974266836887813	0.8315260692148406	0.5697994829015838
1.5106461266665585	0.8680159573265431	0.5651901306498026
1.5168313297716067	0.9065633517819955	0.563303106704144
1.5156599840315257	0.9470267345150721	0.5640689370076336
1.5069939070728695	0.989219441905237	0.5674245520735031
1.4908918309928907	1.03290392626957	0.573315609771005
1.4676128977923306	1.077782576265256	0.5816960085689571
1.4376049095715486	1.1234912827747863	0.5925281651298312
1.4014846066866968	1.1695953025006791	0.6057833648554101
1.3600079171941717	1.2155839288302352	0.6214397733242437
1.3140332878123728	1.2608725586450695	0.6394819250726176
1.2644842698290828	1.3048045827910775	0.6598990156707647
1.2123092034203753	1.346659325332861	0.6826817830976811
1.1584469536353057	1.3856696282069472	0.7078208744566213
1.1037947171845337	1.4210358612857386	0.7353029882641083
1.0491843352979138	1.4519569025389172	0.7651064048383748
0.9953637988867521	1.4776588383746776	0.7971978111001927
0.9429863030531332	1.4974266836887813	0.8315260692148406
0.892605101952391	1.5106461266665585	0.8680159573265431
0.8446732169382949	1.5168313297716067	0.9065633517819955
0.799548005399838	1.5156599840315257	0.9470267345150721
0.7574975271562914	1.5069939070728695	0.989219441905237
0.7187105158275554	1.4908918309928907	1.03290392626957
0.6833055204995442	1.4676128977923306	1.077782576265256
0.6513427191433528	1.4376049095715486	1.1234912827747863
0.6228332010796259	1.4014846066866968	1.1695953025006791
0.597750056750092	1.3600079171941717	1.2155839288302352
0.5760367094861029	1.3140332878123728	1.2608725586450695
0.5576155628170206	1.2644842698290828	1.3048045827910775
0.542395433553296	1.2123092034203753	1.346659325332861
0.5302768925350273	1.1584469536353057	1.3856696282069472
0.5211587508970404	1.1037947171845337	1.4210358612857386
0.5149410063952621	1.0491843352979138	1.4519569025389172
0.5115289517497719	0.9953637988867521	1.4776588383746776
0.5108360147628787	0.9429863030531332	1.4974266836887813
0.5127847370637348	0.892605101952391	1.5106461266665585
0.5173093046137311	0.8446732169382949	1.5168313297716067
0.5243553746051852	0.799548005399838	1.5156599840315257
0.5338805435066859	0.7574975271562914	1.5069939070728695
0.5458547728189309	0.7187105158275554	1.4908918309928907
0.5602587823526755	0.6833055204995442	1.4676128977923306
0.5770839372070893	0.6513427191433528	1.4376049095715486
0.5963304131084578	0.6228332010796259	1.4014846066866968
0.618005014980062	0.597750056750092	1.3600079171941717
0.6421197595144544	0.5760367094861029	1.3140332878123728
0.6686878982779183	0.5576155628170206	1.2644842698290828
0.6977209876405315	0.542395433553296	1.2123092034203753
0.7292253966535882	0.5302768925350273	1.1584469536353057
0.7631958182765777	0.5211587508970404	1.1037947171845337
0.7996110531510547	0.5149410063952621	1.0491843352979138
0.8384276949599083	0.5115289517497719	0.9953637988867521
0.8795706964594864	0.5108360147628787	0.9429863030531332
0.9229274710550156	0.5127847370637348	0.892605101952391
0.9683385060162203	0.5173093046137311	0.8446732169382949
1.0155858103389421	0.5243553746051852	0.799548005399838
1.0643861867057038	0.5338805435066859	0.7574975271562914
1.1143803800598102	0.5458547728189309	0.7187105158275554
1.165124083110805	0.5602587823526755	0.6833055204995442
1.2160839930475615	0.5770839372070893	0.6513427191433528
1.2666313425442086	0.5963304131084578	0.6228332010796259
1.3160463729505043	0.618005014980062	0.597750056750092
1.3635233512578195	0.6421197595144544	0.5760367094861029
1.4081820149320017	0.6686878982779183	0.5576155628170206
1.4490946623398853	0.6977209876405315	0.542395433553296
1.4853076086975272	0.7292253966535882	0.5302768925350273
1.51588379289976	0.7631958182765777	0.5211587508970404
1.539942659432453	0.7996110531510547	0.5149410063952621
1.5567035305733568	0.8384276949599083	0.5115289517497719
1.56553626961642	0.8795706964594864	0.5108360147628787
1.5659959030716937	0.9229274710550156	0.5127847370637348
1.5578602486222115	0.9683385060162203	0.5173093046137311
1.5411467208140255	1.0155858103389421	0.5243553746051852
1.516118650616286	1.0643861867057038	0.5338805435066859
1.4832762150296386	1.1143803800598102	0.5458547728189309
1.4433289941178418	1.165124083110805	0.5602587823526755
1.3971620178927882	1.2160839930475615	0.5770839372070893
1.3457869356032692	1.2666313425442086	0.5963304131084578
1.2902955727757777	1.3160463729505043	0.618005014980062
1.2318076781113652	1.3635233512578195	0.6421197595144544
1.171428106606198	1.4081820149320017	0.6686878982779183
1.110206083834461	1.4490946623398853	0.6977209876405315
1.049106596763609	1.4853076086975272	0.7292253966535882
0.9889881135125049	1.51588379289976	0.7631958182765777
0.9305905767804195	1.539942659432453	0.7996110531510547
0.8745304966779722	1.5567035305733568	0.8384276949599083
0.8213022815895951	1.56553626961642	0.8795706964594864
0.7712852128389519	1.5659959030716937	0.9229274710550156
0.724752762902022	1.5578602486222115	0.9683385060162203
0.6818854352052321	1.5411467208140255	1.0155858103389421
0.6427831154068322	1.516118650616286	1.0643861867057038
0.6074793401875004	1.4832762150296386	1.1143803800598102
0.5759531972916127	1.4433289941178418	1.165124083110805
0.5481425386242781	1.3971620178927882	1.2160839930475615
0.5239535905124375	1.3457869356032692	1.2666313425442086
0.5032719233203544	1.2902955727757777	1.3160463729505043
0.48596945786084805	1.2318076781113652	1.3635233512578195
0.47191245723386743	1.171428106606198	1.4081820149320017
0.4609669591440042	1.110206083834461	1.4490946623398853
0.45300302580281604	1.049106596763609	1.4853076086975272
0.4478994504239573	0.9889881135125049	1.51588379289976
0.4455453631904797	0.9305905767804195	1.539942659432453
0.4458434387373804	0.8745304966779722	1.5567035305733568
0.44871054536962296	0.8213022815895951	1.56553626961642
0.45407879841714227	0.7712852128389519	1.5659959030716937
0.4618964029429314	0.724752762902022	1.5578602486222115
0.4721267984024861	0.6818854352052321	1.5411467208140255
0.4847492530008041	0.6427831154068322	1.516118650616286
0.499757378923827	0.6074793401875004	1.4832762150296386
0.5171583481262054	0.5759531972916127	1.4433289941178418
0.5369718291420631	0.5481425386242781	1.3971620178927882
0.5592274392357366	0.5239535905124375	1.3457869356032692
0.5839634487062272	0.5032719233203544	1.2902955727757777
0.6112234286534994	0.48596945786084805	1.2318076781113652
0.641053008449205	0.47191245723386743	1.171428106606198
0.6734967860739036	0.4609669591440042	1.110206083834461
0.7085921262878849	0.45300302580281604	1.049106596763609
0.746364547319004	0.4478994504239573	0.9889881135125049
0.786821536617884	0.4455453631904797	0.9305905767804195
0.829942572737317	0.4458434387373804	0.8745304966779722
0.8756722853109408	0.44871054536962296	0.8213022815895951
0.9239100338429483	0.45407879841714227	0.7712852128389519
0.9744960704556802	0.4618964029429314	0.724752762902022
1.027202490680239	0.4721267984024861	0.6818854352052321
1.0817191383475255	0.4847492530008041	0.6427831154068322
1.1376394819436677	0.499757378923827	0.6074793401875004
1.194452406314013	0.5171583481262054	0.5759531972916127
1.2515301006190789	0.5369718291420631	0.5481425386242781
1.3081252196540416	0.5592274392357366	0.5239535905124375
1.3633707226416534	0.5839634487062272	0.5032719233203544
1.4162871270603974	0.6112234286534994	0.48596945786084805
1.4658046853782276	0.641053008449205	0.47191245723386743
1.5107847526121665	0.6734967860739036	0.4609669591440042
1.5500676725684845	0.7085921262878849	0.45300302580281604
1.5825162691648165	0.746364547319004	0.4478994504239573
1.6070755506681256	0.786821536617884	0.4455453631904797
1.6228360096005943	0.829942572737317	0.4458434387373804
1.6290884764783613	0.8756722853109408	0.44871054536962296
1.625381443228961	0.9239100338429483	0.45407879841714227
1.6115537551276453	0.9744960704556802	0.4618964029429314
1.5877576589088895	1.027202490680239	0.4721267984024861
1.5544544566662823	1.0817191383475255	0.4847492530008041
1.5123914190994336	1.1376394819436677	0.499757378923827
1.462559709397665	1.194452406314013	0.5171583481262054
1.4061366343570616	1.2515301006190789	0.5369718291420631
1.3444218539567898	1.3081252196540416	0.5592274392357366
1.278770498470511	1.3633707226416534	0.5839634487062272
1.2105310472424795	1.4162871270603974	0.6112234286534994
1.1409922413512672	1.4658046853782276	0.641053008449205
1.0713400618696394	1.5107847526121665	0.6734967860739036
1.002628772324757	1.5500676725684845	0.7085921262878849
0.935762655361556	1.5825162691648165	0.746364547319004
0.8714893042975506	1.6070755506681256	0.786821536617884
0.8104017134274092	1.6228360096005943	0.829942572737317
0.7529465752882035	1.6290884764783613	0.8756722853109408
0.6994379432561528	1.625381443228961	0.9239100338429483
0.6500729426884057	1.6115537551276453	0.9744960704556802
0.6049492261648813	1.5877576589088895	1.027202490680239
0.5640823169924827	1.5544544566662823	1.0817191383475255
0.52742209674727	1.5123914190994336	1.1376394819436677
0.49486826512592963	1.462559709397665	1.194452406314013
0.46628383601475715	1.4061366343570616	1.2515301006190789
0.44150711720365904	1.3444218539567898	1.3081252196540416
0.4203620249111212	1.278770498470511	1.3633707226416534
0.40266598975472345	1.2105310472424795	1.4162871270603974
0.38823766039075636	1.1409922413512672	1.4658046853782276
0.37690141956956874	1.0713400618696394	1.5107847526121665
0.36849271087736063	1.002628772324757	1.5500676725684845
0.36286018736748604	0.935762655361556	1.5825162691648165
0.35986909380221593	0.8714893042975506	1.6070755506681256
0.35940203259747555	0.8104017134274092	1.6228360096005943
0.3613605704085356	0.7529465752882035	1.6290884764783613
0.3656655627787625	0.6994379432561528	1.625381443228961
0.3722571978010845	0.6500729426884057	1.6115537551276453
0.3810953164196178	0.6049492261648813	1.5877576589088895
0.39215833509951054	0.5640823169924827	1.5544544566662823
0.40544343444632225	0.52742209674727	1.5123914190994336
0.4209650477571563	0.49486826512592963	1.462559709397665
0.43875433662460306	0.46628383601475715	1.4061366343570616
0.4588578586825713	0.44150711720365904	1.3444218539567898
0.48133585422182024	0.4203620249111212	1.278770498470511
0.5062610626470784	0.40266598975472345	1.2105310472424795
0.5337157661660782	0.38823766039075636	1.1409922413512672
0.5637897074710341	0.37690141956956874	1.0713400618696394
0.5965768727857306	0.36849271087736063	1.002628772324757
0.6321704285341145	0.36286018736748604	0.935762655361556
0.6706590775747328	0.35986909380221593	0.8714893042975506
0.7121201059845946	0.35940203259747555	0.8104017134274092
0.7566110103518169	0.3613605704085356	0.7529465752882035
0.8041625735175065	0.3656655627787625	0.6994379432561528
0.8547658993809598	0.3722571978010845	0.6500729426884057
0.9083599441898158	0.3810953164196178	0.6049492261648813
0.9648192031535135	0.39215833509951054	0.5640823169924827
1.0239337682682879	0.40544343444632225	0.52742209674727
1.0853945462681032	0.4209650477571563	0.49486826512592963
1.1487750257986356	0.43875433662460306	0.46628383601475715
1.2135112160334325	0.4588578586825713	0.44150711720365904
1.2788904372888765	0.48133585422182024	0.4203620249111212
1.3440367831672786	0.5062610626470784	0.40266598975472345
1.4079116252331114	0.5337157661660782	0.38823766039075636
1.4693178905515856	0.5637897074710341	0.37690141956956874
1.526921009169964	0.5965768727857306	0.36849271087736063
1.57928805088188	0.6321704285341145	0.36286018736748604
1.6249332645157648	0.6706590775747328	0.35986909380221593
1.6623973224595145	0.7121201059845946	0.35940203259747555
1.6903168628260121	0.7566110103518169	0.3613605704085356
1.7075225795274946	0.8041625735175065	0.3656655627787625
1.7131160767008484	0.8547658993809598	0.3722571978010845
1.706548912016015	0.9083599441898158	0.3810953164196178
1.6876709725981551	0.9648192031535135	0.39215833509951054
1.6567542723675028	1.0239337682682879	0.40544343444632225
1.614483673482011	1.0853945462681032	0.4209650477571563
1.5619133213777843	1.1487750257986356	0.43875433662460306
1.5004005820208104	1.2135112160334325	0.4588578586825713
1.4315178192540403	1.2788904372888765	0.48133585422182024
1.3569592300304114	1.3440367831672786	0.5062610626470784
1.2784488524818824	1.4079116252331114	0.5337157661660782
1.1976576813362458	1.4693178905515856	0.5637897074710341
1.1161386900347405	1.526921009169964	0.5965768727857306
1.0352778823289108	1.57928805088188	0.6321704285341145
0.9562652939455821	1.6249332645157648	0.6706590775747328
0.8800819792651217	1.6623973224595145	0.7121201059845946
0.8075008989696267	1.6903168628260121	0.7566110103518169
0.7390977707134663	1.7075225795274946	0.8041625735175065
0.6752696529144044	1.7131160767008484	0.8547658993809598
0.6162567932542791	1.706548912016015	0.9083599441898158
0.5621667706151765	1.6876709725981551	0.9648192031535135
0.5129986507110761	1.6567542723675028	1.0239337682682879
0.46866512743306726	1.614483673482011	1.0853945462681032
0.4290140695308894	1.5619133213777843	1.1487750257986356
0.39384570101250205	1.5004005820208104	1.2135112160334325
0.3629293985036343	1.4315178192540403	1.2788904372888765
0.3360157006334482	1.3569592300304114	1.3440367831672786
0.3128480541869954	1.2784488524818824	1.4079116252331114
0.29317057502800353	1.1976576813362458	1.4693178905515856
0.27673549930704583	1.1161386900347405	1.526921009169964
0.2633075646332881	1.0352778823289108	1.57928805088188
0.25266842635826026	0.9562652939455821	1.6249332645157648
0.24461861101823149	0.8800819792651217	1.6623973224595145
0.23897985852549725	0.8075008989696267	1.6903168628260121
0.23559549529137774	0.7390977707134663	1.7075225795274946
0.23433151035349367	0.6752696529144044	1.7131160767008484
0.23507598380292782	0.6162567932542791	1.706548912016015
0.23773946688642544	0.5621667706151765	1.6876709725981551
0.24225392652658334	0.5129986507110761	1.6567542723675028
0.2485728029180133	0.46866512743306726	1.614483673482011
0.2566698066009298	0.4290140695308894	1.5619133213777843
0.2665388113799755	0.39384570101250205	1.5004005820208104
0.27819277737527864	0.3629293985036343	1.4315178192540403
0.2916634502574207	0.3360157006334482	1.3569592300304114
0.3070006165012582	0.3128480541869954	1.2784488524818824
0.3242714753714934	0.29317057502800353	1.1976576813362458
0.3435602400538174	0.27673549930704583	1.1161386900347405
0.3649671444452667	0.2633075646332881	1.0352778823289108
0.3886080184603382	0.25266842635826026	0.9562652939455821
0.4146129750005928	0.24461861101823149	0.8800819792651217
0.4431252807461118	0.23897985852549725	0.8075008989696267
0.4742999177488675	0.23559549529137774	0.7390977707134663
0.5083005501805307	0.23433151035349367	0.6752696529144044
0.5452972655465241	0.23507598380292782	0.6162567932542791
0.5854625500917793	0.23773946688642544	0.5621667706151765
0.6289645919058805	0.24225392652658334	0.5129986507110761
0.6759620478319942	0.2485728029180133	0.46866512743306726
0.7265947132454106	0.2566698066009298	0.4290140695308894
0.7809701154169195	0.2665388113799755	0.39384570101250205
0.8391528534580378	0.27819277737527864	0.3629293985036343
0.9011448085189933	0.2916634502574207	0.3360157006334482
0.96686419366237	0.3070006165012582	0.3128480541869954
1.0361250637138055	0.3242714753714934	0.29317057502800353
1.1086049629795036	0.3435602400538174	0.27673549930704583
1.1838205642024855	0.3649671444452667	0.2633075646332881
1.2610962360667957	0.3886080184603382	0.25266842635826026
1.3395355860362395	0.4146129750005928	0.24461861101823149
1.4180025899240822	0.4431252807461118	0.23897985852549725
1.4951086374248959	0.4742999177488675	0.23559549529137774
1.5692221355295957	0.5083005501805307	0.23433151035349367
1.6384900450528523	0.5452972655465241	0.23507598380292782
1.7009040638838075	0.5854625500917793	0.23773946688642544
1.7543731225723616	0.6289645919058805	0.24225392652658334
1.796850395716464	0.6759620478319942	0.2485728029180133
1.8264562424948538	0.7265947132454106	0.2566698066009298
1.8416328715903567	0.7809701154169195	0.2665388113799755
1.8412720416170048	0.8391528534580378	0.27819277737527864
1.824830566463046	0.9011448085189933	0.2916634502574207
1.7923905080832225	0.96686419366237	0.3070006165012582
1.7446714309422724	1.0361250637138055	0.3242714753714934
1.6829796251213343	1.1086049629795036	0.3435602400538174
1.60911077203377	1.1838205642024855	0.3649671444452667
1.5252117987617348	1.2610962360667957	0.3886080184603382
1.4336308911816575	1.3395355860362395	0.4146129750005928
1.3367651355042836	1.4180025899240822	0.4431252807461118
1.2369284178342237	1.4951086374248959	0.4742999177488675
1.136247207728903	1.5692221355295957	0.5083005501805307
1.03658764989154	1.6384900450528523	0.5452972655465241
0.9395153306766153	1.7009040638838075	0.5854625500917793
0.8462821669911529	1.7543731225723616	0.6289645919058805
0.757834840761052	1.796850395716464	0.6759620478319942
0.6748384904811324	1.8264562424948538	0.7265947132454106
0.5977093705820584	1.8416328715903567	0.7809701154169195
0.5266519896263081	1.8412720416170048	0.8391528534580378
0.4616974151220675	1.824830566463046	0.9011448085189933
0.40273867864953783	1.7923905080832225	0.96686419366237
0.3495644422921331	1.7446714309422724	1.0361250637138055
0.30188714555480645	1.6829796251213343	1.1086049629795036
0.25936767445478415	1.60911077203377	1.1838205642024855
0.221635643862522	1.5252117987617348	1.2610962360667957
0.18830526747721893	1.4336308911816575	1.3395355860362395
0.15898862180149795	1.3367651355042836	1.4180025899240822
0.1333047637033845	1.2369284178342237	1.4951086374248959
0.1108873679094539	1.136247207728903	1.5692221355295957
0.09138932962262054	1.03658764989154	1.6384900450528523
0.07448620198417934	0.9395153306766153	1.7009040638838075
0.05987807800318971	0.8462821669911529	1.7543731225723616
0.04729017558367108	0.757834840761052	1.796850395716464
0.03647311645550484	0.6748384904811324	1.8264562424948538
0.027201911360341818	0.5977093705820584	1.8416328715903567
0.019275192827943953	0.5266519896263081	1.8412720416170048
0.01251361070838697	0.4616974151220675	1.824830566463046
0.006758353162245617	0.40273867864953783	1.7923905080832225
0.0018695291078910663	0.3495644422921331	1.7446714309422724
-0.002275662630801365	0.30188714555480645	1.6829796251213343
-0.005784392747670126	0.25936767445478415	1.60911077203377
-0.008750026852918251	0.221635643862522	1.5252117987617348
-0.011253441014265323	0.18830526747721893	1.4336308911816575
-0.013364598934258893	0.15898862180149795	1.3367651355042836
-0.01514375796085569	0.1333047637033845	1.2369284178342237
-0.016642709677601234	0.1108873679094539	1.136247207728903
-0.017905862359829803	0.09138932962262054	1.03658764989154
-0.018971176278836155	0.07448620198417934	0.9395153306766153
-0.019871090081490357	0.05987807800318971	0.8462821669911529
-0.02063321796123368	0.04729017558367108	0.757834840761052
-0.021281104216460452	0.03647311645550484	0.6748384904811324
-0.021834747723883833	0.027201911360341818	0.5977093705820584
-0.022311184290721618	0.019275192827943953	0.5266519896263081
-0.022724899050206044	0.01251361070838697	0.4616974151220675
-0.023088238524991464	0.006758353162245617	0.40273867864953783
-0.023411768552822714	0.0018695291078910663	0.3495644422921331
-0.023704520547355	-0.002275662630801365	0.30188714555480645
-0.02397432941247255	-0.005784392747670126	0.25936767445478415
-0.024227954760864527	-0.008750026852918251	0.221635643862522
-0.024471370828030085	-0.011253441014265323	0.18830526747721893
-0.02470986269189176	-0.013364598934258893	0.15898862180149795
-0.024948191533509797	-0.01514375796085569	0.1333047637033845
-0.025190754435356573	-0.016642709677601234	0.1108873679094539
-0.025441625337708496	-0.017905862359829803	0.09138932962262054
-0.025704721375207556	-0.018971176278836155	0.07448620198417934
-0.0259838698284379	-0.019871090081490357	0.05987807800318971
-0.02628285232401187	-0.02063321796123368	0.04729017558367108
-0.026605543407850346	-0.021281104216460452	0.03647311645550484
-0.026955949298551874	-0.021834747723883833	0.027201911360341818
-0.027338249107498488	-0.022311184290721618	0.019275192827943953
-0.02775692194800967	-0.022724899050206044	0.01251361070838697
-0.028216787310105455	-0.023088238524991464	0.006758353162245617
-0.028723043074242015	-0.023411768552822714	0.0018695291078910663
-0.02928139129488133	-0.023704520547355	-0.002275662630801365
-0.02989810541322767	-0.02397432941247255	-0.005784392747670126
-0.03058007912182455	-0.024227954760864527	-0.008750026852918251
-0.031334929906792736	-0.024471370828030085	-0.011253441014265323
-0.03217114482320562	-0.02470986269189176	-0.013364598934258893
-0.03309812929263808	-0.024948191533509797	-0.01514375796085569
-0.03412631918208498	-0.025190754435356573	-0.016642709677601234
-0.03526737591212305	-0.025441625337708496	-0.017905862359829803
-0.03653430246679815	-0.025704721375207556	-0.018971176278836155
-0.0379415681137722	-0.0259838698284379	-0.019871090081490357
-0.03950531497169105	-0.02628285232401187	-0.02063321796123368
-0.04124363007389061	-0.026605543407850346	-0.021281104216460452
-0.04317666201294652	-0.026955949298551874	-0.021834747723883833
-0.0453268940215012	-0.027338249107498488	-0.022311184290721618
-0.047719527329920665	-0.02775692194800967	-0.022724899050206044
-0.05038270568164187	-0.028216787310105455	-0.023088238524991464
-0.0533478386324166	-0.028723043074242015	-0.023411768552822714
-0.056650101916957525	-0.02928139129488133	-0.023704520547355
-0.06032886636446375	-0.02989810541322767	-0.02397432941247255
-0.06442807730058132	-0.03058007912182455	-0.024227954760864527
-0.06899692468165011	-0.031334929906792736	-0.024471370828030085
-0.07409051847817877	-0.03217114482320562	-0.02470986269189176
-0.07977038930145733	-0.03309812929263808	-0.024948191533509797
-0.08610540645483757	-0.03412631918208498	-0.025190754435356573
-0.09317272276015325	-0.03526737591212305	-0.025441625337708496
-0.10105849165670398	-0.03653430246679815	-0.025704721375207556
-0.10985914888665872	-0.0379415681137722	-0.0259838698284379
-0.11968262797296456	-0.03950531497169105	-0.02628285232401187
-0.13064942865381626	-0.04124363007389061	-0.026605543407850346
-0.14289439458387154	-0.04317666201294652	-0.026955949298551874
-0.15656813987491025	-0.0453268940215012	-0.027338249107498488
-0.17183870503214863	-0.047719527329920665	-0.02775692194800967
-0.1888937952799652	-0.05038270568164187	-0.028216787310105455
-0.2079424171133227	-0.0533478386324166	-0.028723043074242015
-0.22921726676824897	-0.056650101916957525	-0.02928139129488133
-0.2529770262835848	-0.06032886636446375	-0.02989810541322767
-0.27950835316503875	-0.06442807730058132	-0.03058007912182455
-0.30912845299935676	-0.06899692468165011	-0.031334929906792736
-0.3421867040576473	-0.07409051847817877	-0.03217114482320562
-0.37906654082012287	-0.07977038930145733	-0.03309812929263808
-0.4201860224479114	-0.08610540645483757	-0.03412631918208498
-0.4659978751274646	-0.09317272276015325	-0.03526737591212305
-0.5169869520472006	-0.10105849165670398	-0.03653430246679815
-0.573666323606572	-0.10985914888665872	-0.0379415681137722
-0.63656812289604	-0.11968262797296456	-0.03950531497169105
-0.7062311416621517	-0.13064942865381626	-0.04124363007389061
-0.783179298607905	-0.14289439458387154	-0.04317666201294652
-0.8678930589984953	-0.15656813987491025	-0.0453268940215012
-0.9607659515296663	-0.17183870503214863	-0.047719527329920665
-1.062049317633346	-0.1888937952799652	-0.05038270568164187
-1.1717738469387018	-0.2079424171133227	-0.0533478386324166
-1.2896573926087245	-0.22921726676824897	-0.056650101916957525
-1.4149826603528408	-0.2529770262835848	-0.06032886636446375
-1.5464692198910774	-0.27950835316503875	-0.06442807730058132
-1.6821257044589877	-0.30912845299935676	-0.06899692468165011
-1.8191253156405152	-0.3421867040576473	-0.07409051847817877
-1.9537166686866967	-0.37906654082012287	-0.07977038930145733
-2.081217138579509	-0.4201860224479114	-0.08610540645483757
-2.196144695612642	-0.4659978751274646	-0.09317272276015325
-2.2925025733237425	-0.5169869520472006	-0.10105849165670398
-2.3642565824065787	-0.573666323606572	-0.10985914888665872
-2.405958524057133	-0.63656812289604	-0.11968262797296456
-2.413419889189473	-0.7062311416621517	-0.13064942865381626
-2.384320861269599	-0.783179298607905	-0.14289439458387154
-2.318594472384184	-0.8678930589984953	-0.15656813987491025
-2.2184882139734263	-0.9607659515296663	-0.17183870503214863
-2.088285210337639	-1.062049317633346	-0.1888937952799652
-1.9337517555499657	-1.1717738469387018	-0.2079424171133227
-1.7614445977551583	-1.2896573926087245	-0.22921726676824897
-1.5780258915950307	-1.4149826603528408	-0.2529770262835848
-1.3897000086076388	-1.5464692198910774	-0.27950835316503875
-1.2018314904579765	-1.6821257044589877	-0.30912845299935676
-1.0187498913507398	-1.8191253156405152	-0.3421867040576473
-0.8437107401884603	-1.9537166686866967	-0.37906654082012287
-0.6789661102718464	-2.081217138579509	-0.4201860224479114
-0.5258979321887972	-2.196144695612642	-0.4659978751274646
-0.3851764712923286	-2.2925025733237425	-0.5169869520472006
-0.2569194183532626	-2.3642565824065787	-0.573666323606572
-0.14083568228339588	-2.405958524057133	-0.63656812289604
-0.036347086945869106	-2.413419889189473	-0.7062311416621517
0.05731320452438436	-2.384320861269599	-0.783179298607905
0.14102357278280586	-2.318594472384184	-0.8678930589984953
0.21571625455692636	-2.2184882139734263	-0.9607659515296663
0.28233530972317955	-2.088285210337639	-1.062049317633346
0.34180652936518074	-1.9337517555499657	-1.1717738469387018
0.39501702553270535	-1.7614445977551583	-1.2896573926087245
0.44280257374639415	-1.5780258915950307	-1.4149826603528408
0.48593922242340293	-1.3897000086076388	-1.5464692198910774
0.525140037946856	-1.2018314904579765	-1.6821257044589877
0.5610536056615366	-1.0187498913507398	-1.8191253156405152
0.5942648112184772	-0.8437107401884603	-1.9537166686866967
0.6252971538927014	-0.6789661102718464	-2.081217138579509
0.6546149148917517	-0.5258979321887972	-2.196144695612642
0.6826270324441519	-0.3851764712923286	-2.2925025733237425
0.709689498348626	-0.2569194183532626	-2.3642565824065787
0.736109439822289	-0.14083568228339588	-2.405958524057133
0.7621471620910389	-0.036347086945869106	-2.413419889189473
0.7880196946992887	0.05731320452438436	-2.384320861269599
0.8139022846249839	0.14102357278280586	-2.318594472384184
0.8399309638389058	0.21571625455692636	-2.2184882139734263
0.8662036575830743	0.28233530972317955	-2.088285210337639
0.892781444402872	0.34180652936518074	-1.9337517555499657
0.9196896937393519	0.39501702553270535	-1.7614445977551583
0.9469180327645371	0.44280257374639415	-1.5780258915950307
0.9744216497971225	0.48593922242340293	-1.3897000086076388
1.0021208929924685	0.525140037946856	-1.2018314904579765
1.0299023003518697	0.5610536056615366	-1.0187498913507398
1.057619401275187	0.5942648112184772	-0.8437107401884603
1.085093227779646	0.6252971538927014	-0.6789661102718464
1.1121151879797107	0.6546149148917517	-0.5258979321887972
1.1384485142935303	0.6826270324441519	-0.3851764712923286
1.1638322998436832	0.709689498348626	-0.2569194183532626
1.1879863685701804	0.736109439822289	-0.14083568228339588
1.2106154673651557	0.7621471620910389	-0.036347086945869106
1.231418019945869	0.7880196946992887	0.05731320452438436
1.2500925336246103	0.8139022846249839	0.14102357278280586
1.2663460723383704	0.8399309638389058	0.21571625455692636
1.2799054558602132	0.8662036575830743	0.28233530972317955
1.2905243090821386	0.892781444402872	0.34180652936518074
1.2979942977994152	0.9196896937393519	0.39501702553270535
1.3021533853816698	0.9469180327645371	0.44280257374639415
1.3028922610899778	0.9744216497971225	0.48593922242340293
1.3001617171011925	1.0021208929924685	0.525140037946856
1.2939752632623451	1.0299023003518697	0.5610536056615366
1.2844103946385266	1.057619401275187	0.5942648112184772
1.2716081291294319	1.085093227779646	0.6252971538927014
1.2557689807788313	1.1121151879797107	0.6546149148917517
1.2371465207298717	1.1384485142935303	0.6826270324441519
1.2160409612781258	1.1638322998436832	0.709689498348626
1.1927888761066314	1.1879863685701804	0.736109439822289
1.1677535587406858	1.2106154673651557	0.7621471620910389
1.1413153343612552	1.231418019945869	0.7880196946992887
1.113860199184783	1.2500925336246103	0.8139022846249839
1.0857719053748367	1.2663460723383704	0.8399309638389058
1.0574224999863826	1.2799054558602132	0.8662036575830743
1.0291657666168539	1.2905243090821386	0.892781444402872
1.00133159226454	1.2979942977994152	0.9196896937393519
0.9742215414929893	1.3021533853816698	0.9469180327645371
0.9481065383560586	1.3028922610899778	0.9744216497971225
0.9232251285797521	1.3001617171011925	1.0021208929924685
0.8997835610465355	1.2939752632623451	1.0299023003518697
0.8779561646610032	1.2844103946385266	1.057619401275187
0.8578873398767168	1.2716081291294319	1.085093227779646
0.839693273311328	1.2557689807788313	1.1121151879797107
0.8234644295642876	1.2371465207298717	1.1384485142935303
0.8092687504714837	1.2160409612781258	1.1638322998436832
0.7971537187522333	1.1927888761066314	1.1879863685701804
0.7871496213756984	1.1677535587406858	1.2106154673651557
0.7792722722498103	1.1413153343612552	1.231418019945869
0.7735247621965569	1.113860199184783	1.2500925336246103
0.7699003509445562	1.0857719053748367	1.2663460723383704
0.7683842770029858	1.0574224999863826	1.2799054558602132
0.7689543600680095	1.0291657666168539	1.2905243090821386
0.7715833374237382	1.00133159226454	1.2979942977994152
0.7762394298589232	0.9742215414929893	1.3021533853816698
0.7828861876413555	0.9481065383560586	1.3028922610899778
0.7914831189910251	0.9232251285797521	1.3001617171011925
0.801986037046462	0.8997835610465355	1.2939752632623451
0.8143454168831141	0.8779561646610032	1.2844103946385266
0.8285060297275664	0.8578873398767168	1.2716081291294319
0.8444065443994413	0.839693273311328	1.2557689807788313
0.8619769269295983	0.8234644295642876	1.2371465207298717
0.8811371251099097	0.8092687504714837	1.2160409612781258
0.901795854243625	0.7971537187522333	1.1927888761066314
0.9238478934617532	0.7871496213756984	1.1677535587406858
0.947171585711217	0.7792722722498103	1.1413153343612552
0.9716275640265539	0.7735247621965569	1.113860199184783
0.9970562312442746	0.7699003509445562	1.0857719053748367
1.0232752823551914	0.7683842770029858	1.0574224999863826
1.0500790155421698	0.7689543600680095	1.0291657666168539
1.0772364756432318	0.7715833374237382	1.00133159226454
1.104491377203336	0.7762394298589232	0.9742215414929893
1.1315628225936916	0.7828861876413555	0.9481065383560586
1.1581459116618154	0.7914831189910251	0.9232251285797521
1.183914912512126	0.801986037046462	0.8997835610465355
1.2085284686134103	0.8143454168831141	0.8779561646610032
1.231633076291402	0.8285060297275664	0.8578873398767168
1.2528707857309789	0.8444065443994413	0.839693273311328
1.2718895564786157	0.8619769269295983	0.8234644295642876
1.2883494792567056	0.8811371251099097	0.8092687504714837
1.3019346378307288	0.901795854243625	0.7971537187522333
1.3123651972151806	0.9238478934617532	0.7871496213756984
1.3194046575802638	0.947171585711217	0.7792722722498103
1.3228716480456908	0.9716275640265539	0.7735247621965569
1.3226481488744812	0.9970562312442746	0.7699003509445562
1.3186839403848705	1.0232752823551914	0.7683842770029858
1.3110015431639404	1.0500790155421698	0.7689543600680095
1.2996970374730077	1.0772364756432318	0.7715833374237382
1.2849372009514657	1.104491377203336	0.7762394298589232
1.2669547047981822	1.1315628225936916	0.7828861876413555
1.2460417399762667	1.1581459116618154	0.7914831189910251
1.2225388793803798	1.183914912512126	0.801986037046462
1.1968253042604677	1.2085284686134103	0.8143454168831141
1.1693070926447422	1.231633076291402	0.8285060297275664
1.1404041086695127	1.2528707857309789	0.8444065443994413
1.1105404390192732	1.2718895564786157	0.8619769269295983
1.0801324309484732	1.2883494792567056	0.8811371251099097
1.0495804619377689	1.3019346378307288	0.901795854243625
1.0192613669493282	1.3123651972151806	0.9238478934617532
0.9895224064469155	1.3194046575802638	0.947171585711217
0.9606778122971751	1.3228716480456908	0.9716275640265539
0.933005967399382	1.3226481488744812	0.9970562312442746
0.9067489082655463	1.3186839403848705	1.0232752823551914
0.8821122840327299	1.3110015431639404	1.0500790155421698
0.859267266664207	1.2996970374730077	1.0772364756432318
0.8383522441502048	1.2849372009514657	1.104491377203336
0.8194757218108303	1.2669547047981822	1.1315628225936916
0.8027196783611367	1.2460417399762667	1.1581459116618154
0.788142126232041	1.2225388793803798	1.183914912512126
0.7757811051626583	1.1968253042604677	1.2085284686134103
0.7656574247457107	1.1693070926447422	1.231633076291402
0.7577773817827417	1.1404041086695127	1.2528707857309789
0.7521361218761163	1.1105404390192732	1.2718895564786157
0.7487194140275899	1.0801324309484732	1.2883494792567056
0.7475054142380495	1.0495804619377689	1.3019346378307288
0.748467274444566	1.0192613669493282	1.3123651972151806
0.7515736301733874	0.9895224064469155	1.3194046575802638
0.7567889013307408	0.9606778122971751	1.3228716480456908
0.7640750560099844	0.933005967399382	1.3226481488744812
0.7733910683676269	0.9067489082655463	1.3186839403848705
0.7846921213452468	0.8821122840327299	1.3110015431639404
0.7979297398440427	0.859267266664207	1.2996970374730077
0.8130508213208613	0.8383522441502048	1.2849372009514657
0.8299952966111249	0.8194757218108303	1.2669547047981822
0.8486953880659532	0.8027196783611367	1.2460417399762667
0.8690740543606519	0.788142126232041	1.2225388793803798
0.8910414444303824	0.7757811051626583	1.1968253042604677
0.9144934614113892	0.7656574247457107	1.1693070926447422
0.9393095324428227	0.7577773817827417	1.1404041086695127
0.9653490393299754	0.7521361218761163	1.1105404390192732
0.9924491363189031	0.7487194140275899	1.0801324309484732
1.020422893135305	0.7475054142380495	1.0495804619377689
1.049056506925428	0.748467274444566	1.0192613669493282
1.0781079626016346	0.7515736301733874	0.9895224064469155
1.1073067172791098	0.7567889013307408	0.9606778122971751
1.136352506377655	0.7640750560099844	0.933005967399382
1.164918405028095	0.7733910683676269	0.9067489082655463
1.1926527486707919	0.7846921213452468	0.8821122840327299
1.2191820422062998	0.7979297398440427	0.859267266664207
1.244119743288284	0.8130508213208613	0.8383522441502048
1.2670725535603105	0.8299952966111249	0.8194757218108303
1.2876481018318304	0.8486953880659532	0.8027196783611367
1.3054693839441451	0.8690740543606519	0.788142126232041
1.3201842602813256	0.8910414444303824	0.7757811051626583
1.331476642109233	0.9144934614113892	0.7656574247457107
1.3390821411849803	0.9393095324428227	0.7577773817827417
1.3427963577067594	0.9653490393299754	0.7521361218761163
1.3424846986954202	0.9924491363189031	0.7487194140275899
1.3380914023624748	1.020422893135305	0.7475054142380495
1.3296419150881864	1.049056506925428	0.748467274444566
1.3172441020429346	1.0781079626016346	0.7515736301733874
1.3010866676491808	1.1073067172791098	0.7567889013307408
1.2814324870328841	1.136352506377655	0.7640750560099844
1.2586091827713832	1.164918405028095	0.7733910683676269
1.2329997405463162	1.1926527486707919	0.7846921213452468
1.205027771860231	1.2191820422062998	0.7979297398440427
1.175144950333796	1.244119743288284	0.8130508213208613
1.1438173965915115	1.2670725535603105	0.8299952966111249
1.1115115914843208	1.2876481018318304	0.8486953880659532
1.078684247169522	1.3054693839441451	0.8690740543606519
1.0457707735020891	1.3201842602813256	0.8910414444303824
1.0131782284079487	1.331476642109233	0.9144934614113892
0.9812787575165995	1.3390821411849803	0.9393095324428227
0.9504057794690127	1.3427963577067594	0.9653490393299754
0.9208518230898056	1.3424846986954202	0.9924491363189031
0.8928680870568353	1.3380914023624748	1.020422893135305
0.8666653615812315	1.3296419150881864	1.049056506925428
0.8424158031106909	1.3172441020429346	1.0781079626016346
0.8202562910709976	1.3010866676491808	1.1073067172791098
0.8002910384447737	1.2814324870328841	1.136352506377655
0.7825960325743553	1.2586091827713832	1.164918405028095
0.7672224069371749	1.2329997405463162	1.1926527486707919
0.7542000398574688	1.205027771860231	1.2191820422062998
0.7435419027091789	1.175144950333796	1.244119743288284
0.735246419455838	1.1438173965915115	1.2670725535603105
0.7293009405614898	1.1115115914843208	1.2876481018318304
0.7256847678510293	1.078684247169522	1.3054693839441451
0.7243703441964099	1.0457707735020891	1.3201842602813256
0.7253255245841144	1.0131782284079487	1.331476642109233
0.7285154832780413	0.9812787575165995	1.3390821411849803
0.7339026650367362	0.9504057794690127	1.3427963577067594
0.7414473893725071	0.9208518230898056	1.3424846986954202
0.7511089808193558	0.8928680870568353	1.3380914023624748
0.7628442150968789	0.8666653615812315	1.3296419150881864
0.7766068584591224	0.8424158031106909	1.3172441020429346
0.7923475080793703	0.8202562910709976	1.3010866676491808
0.8100110018342117	0.8002910384447737	1.2814324870328841
0.8295347941825392	0.7825960325743553	1.2586091827713832
0.8508476703990496	0.7672224069371749	1.2329997405463162
0.8738665368951898	0.7542000398574688	1.205027771860231
0.8984933698833351	0.7435419027091789	1.175144950333796
0.9246133592736415	0.735246419455838	1.1438173965915115
0.9520914235031896	0.7293009405614898	1.1115115914843208
0.9807682301347043	0.7256847678510293	1.078684247169522
1.0104586493030743	0.7243703441964099	1.0457707735020891
1.0409482650987532	0.7253255245841144	1.0131782284079487
1.0719909378192782	0.7285154832780413	0.9812787575165995
