-2.126429367546188	-0.8129474098478967	-0.27918956365496245	-0.04572969811918233	-0.18258716658382115
-2.068807456078341	-0.9078684326743126	-0.23904809344877676	-0.052805042589077034	-0.1668685455208305
-1.9916044831613353	-1.0292053891125785	-0.2481595828369042	-0.05123995896743816	-0.1861962801874263
-1.8340746651846906	-1.1295879584313688	-0.22209737429335819	-0.048360586450531845	-0.20166542286100264
-1.6629948053943424	-1.22562707263747	-0.20581302777601568	-0.03251243024121056	-0.23484167685662716
-1.5053235230243491	-1.3456323112585282	-0.19639787147297372	-0.04062128814241803	-0.25058782209396646
-1.3161553852583296	-1.4585824023070244	-0.18054782751467935	-0.03715136737289465	-0.2611354276290822
-1.1438761904462535	-1.6007607593610091	-0.15984910991293053	-0.037118062560064974	-0.2692104495619936
-0.988758849629203	-1.7428647580446102	-0.133080459871812	-0.030781731261248165	-0.30315126187820507
-0.8216912277102646	-1.854228145835936	-0.11443831235895027	-0.046432027499168804	-0.36140006909476174
-0.6616094623953297	-1.9789143853904128	-0.09809747045375092	-0.0434611513586195	-0.3933909435940413
-0.5215581733373307	-2.094557506667286	-0.0958156132682888	-0.03409265930040267	-0.4540791308842879
-0.3925945214368466	-2.182511345673733	-0.08934485523380947	-0.03810452947080947	-0.5043931258523275
-0.27738449710949586	-2.2416610639494556	-0.0819197991584441	-0.05987001292253599	-0.542043706713761
-0.16985483114243816	-2.2949581003537816	-0.08518748835333342	-0.05159940364252752	-0.6019091249142119
-0.05655499149349641	-2.2949879521045475	-0.07133289290025357	-0.057758822307624635	-0.6679244590369281
0.050314224990821055	-2.2608509990087913	-0.08764211147631873	-0.06915340157091998	-0.7506076520115553
0.13241519428775828	-2.198848467228133	-0.05492062101997475	-0.044933321436048	-0.8343133149269415
0.2076076398555149	-2.1121404625880174	-0.03848277533700245	-0.03637852665409935	-0.9522102377948936
0.2647292144220811	-1.9730213275170732	-0.02586991144319467	-0.0470935411883025	-1.038408297510566
0.2817300713829535	-1.8273851426119603	-0.016175581598513844	-0.04678647174681999	-1.1252489550504579
0.32816930784708653	-1.662550721274584	-0.02723379326394474	-0.03705228059879122	-1.2389781280462189
0.3728782852178483	-1.473125054159562	-0.028487924583233848	-0.0333073973118202	-1.3453857107307932
0.4000317057016261	-1.318166709053104	-0.033038974730787096	-0.0594172580931186	-1.465130506468219
0.42190062758199826	-1.1420439065647954	-0.05047376336204404	-0.07627434178051151	-1.6042635084212247
0.4370856229176286	-1.0106800077566167	-0.03590676991652142	-0.07129126048311987	-1.7319795067078307
0.45930135537581307	-0.8458924388372853	-0.03229644850804514	-0.06239604446044322	-1.8296755329798504
0.49634187052979784	-0.7083409195133535	-0.040955633349201825	-0.08034852145642339	-1.9484438364553314
0.5196009769678118	-0.5620959659912887	-0.03247522463770572	-0.06946016305468666	-2.0642469806985893
0.5260318197712022	-0.4336410481005129	-0.044263518330498075	-0.09633647478394011	-2.1449095657994928
0.5361377892487722	-0.32795637664310595	-0.04965863996483699	-0.10419472269865315	-2.1842842444722783
0.5726702901301624	-0.22189257339904866	-0.05798329155538018	-0.10335435414936234	-2.20714985180684
0.5856021687924268	-0.1483453503548566	-0.056226305147834596	-0.10362030975056555	-2.2363170056851267
0.5987332771459233	-0.08365065879116523	-0.055598293267284736	-0.098469858411673	-2.2116986137557797
0.6404341656682392	-0.014789615251033006	-0.05207086422786367	-0.11045917182537546	-2.172751150880271
0.6695687442874763	0.05044165714846152	-0.06743030370088346	-0.12942769118903985	-2.140701937938529
0.7002095051790712	0.0982268583957277	-0.06975749095678883	-0.14708004077208836	-2.053642708436235
0.7071946989887309	0.14028605251078366	-0.06932275857089419	-0.1583597411761632	-1.9477765380676648
0.7340802559388588	0.17742600032493605	-0.06077176065270998	-0.16052597379694716	-1.8216140450036094
0.7744642283418637	0.21480795510826722	-0.05374969619000651	-0.18271655438037615	-1.6767513516334427
0.7921125425339912	0.250766397628047	-0.0634068461717979	-0.1938751033682601	-1.5368884450170197
0.8308437382626149	0.29196066261127396	-0.054490654391369076	-0.21079651916623043	-1.3857858223477697
0.8634057764631744	0.31333670581695766	-0.07233882103410413	-0.22831495500277543	-1.2370376712083435
0.884624242574638	0.35318631773964343	-0.08517087998296466	-0.2459790798624934	-1.0777591479331126
0.9391141998723096	0.3744226541577229	-0.08536087248463539	-0.27310669153650213	-0.9215190444972593
0.9782930809807256	0.3864132201005768	-0.08427811935531995	-0.30601484507993715	-0.7890709340704027
1.0306835923540143	0.4163964775821544	-0.09469616796220826	-0.31802908503077326	-0.6588508869701262
1.0617381249108722	0.4410999886119389	-0.10486119930482374	-0.3416841689811181	-0.5489420366269764
1.1095454641078755	0.4638277158126851	-0.10832600159862701	-0.3798485152744463	-0.4683310080086208
1.1622999866685786	0.47030903501720966	-0.0997412955936896	-0.40719777798703993	-0.368233234197627
1.199056030926369	0.4940634809188594	-0.10120831315271739	-0.4151011060683417	-0.2689379619264479
1.2618040984601753	0.5243573076732975	-0.12137188315907174	-0.46994663295237915	-0.18087759670770165
1.2999499169092452	0.5708425153942076	-0.12134332512794818	-0.5255285023288716	-0.10893526125729905
1.3490980001877593	0.5976584446878046	-0.13627366073860123	-0.5743066371028467	-0.031054024497422394
1.4002890099764773	0.6311081287118887	-0.15933981584611137	-0.6557690226434426	0.05526330382157447
1.4627763004426244	0.6689460916091565	-0.18390361271216218	-0.7040994007152903	0.0924028223785256
1.4793819333902196	0.6935365564529075	-0.17407312894002877	-0.7844710522156413	0.14022461096133854
1.4779369562363782	0.7386787146711243	-0.18866269850795658	-0.8480550266242894	0.19115916084278262
1.5104631767275607	0.7683104122508129	-0.21006367471901238	-0.911144237276458	0.22738819888608613
1.5300121519559966	0.8048009476962432	-0.23293368336936843	-1.0096647093531328	0.25526785632281423
1.5459252124996206	0.8342574326715949	-0.24523140075871724	-1.0911929978917216	0.29761158336812854
1.539952728156371	0.8707241752715058	-0.26116667946004857	-1.1901908647102035	0.3248416859329875
1.5420878196121932	0.9286816557730051	-0.2907963956175341	-1.2980877351957525	0.36610445145870524
1.5169766708781849	0.9597244168248084	-0.31183565601245955	-1.390319744981381	0.38912531467069855
1.5071067916599852	1.001392146181719	-0.3261354997301805	-1.473999910640898	0.39609544546136294
1.4907532248044184	1.044616402234271	-0.36234598663048456	-1.5827230226904914	0.41606024974918454
1.4522671802377678	1.0744924731561787	-0.40416984646091614	-1.7036220268117668	0.44117213454633986
1.4145747368167907	1.132928210805201	-0.434702712190123	-1.822061341002371	0.46013976646000787
1.363536160142583	1.2077999347147528	-0.4781678425636251	-1.9239328489028051	0.48829837646260055
1.3026740153712355	1.2547215021501454	-0.52997968084635	-2.0240161298271646	0.5118586470253553
1.2526250494458364	1.2925696495218981	-0.5912833312777348	-2.1049143947917237	0.5440064530993914
1.1865710293992962	1.3526100528364506	-0.6618771733093382	-2.1463308067455564	0.5662633533134929
1.1250953091609113	1.3944125703584236	-0.7271980015381522	-2.1689298939649326	0.5934930712108488
1.0549343368405721	1.4514978751998973	-0.7908405286111977	-2.196045753431201	0.6243610015595071
0.9997744580184671	1.5014097524033692	-0.8514715936048434	-2.173564778170042	0.6546871148930602
0.9752472661151426	1.5051260412282792	-0.9196234208611085	-2.104587963991014	0.710135662673881
0.8963755967381526	1.5255247600083879	-0.9878532369539199	-2.049339311690537	0.7378328008975015
0.8349388633596024	1.54846982522598	-1.09394426728106	-1.95822658245377	0.7803342605704147
0.7738691494391904	1.549913844547491	-1.1915258463136496	-1.8414375104628278	0.8204076437901203
0.7420276162123338	1.5497668802483655	-1.3016640533795463	-1.6816214740405249	0.8627605459029855
0.7009156809063961	1.5540181234725068	-1.4036739821125428	-1.5542989928711708	0.9148481282925958
0.650798376701288	1.5363845075446563	-1.5094668698604985	-1.416560949728293	0.9516978633607647
0.6271576742575148	1.5353502949483973	-1.629469999748826	-1.2717950746383622	0.9828768495022213
0.5833561082326908	1.5046888621264718	-1.746679331176212	-1.0997657978168924	1.0352129096923368
0.5375074949561688	1.4712547796714457	-1.8538622227875994	-0.9443228334544062	1.074860113276574
0.5005573638212252	1.443635369919256	-1.9577179866834906	-0.8074622423286288	1.1482297872227667
0.47301375979112703	1.388775203494295	-2.054659903447771	-0.6686310016680523	1.1948009611469175
0.45384299510693554	1.345373036479494	-2.1049052160072836	-0.5414464865147164	1.2518496655945301
0.4396590828882574	1.2662244271615075	-2.1566956824192047	-0.43677657897023625	1.28190730088272
0.4204656958918839	1.2083262235873202	-2.1508854043796486	-0.32385925658936854	1.3429792188603045
0.3834361837089725	1.1629954347291513	-2.140532760071542	-0.2507572421388645	1.3942927016762883
0.3621268202397883	1.097277292915652	-2.092059464192859	-0.1762006003384755	1.4429211377308409
0.3655183242408761	1.017212184759662	-2.008086784450788	-0.10862357525707239	1.4999405156075676
0.35014533145103105	0.9547937899266625	-1.9085908856013538	-0.041030162140105464	1.5355293351928123
0.34268194182123934	0.8830929071578487	-1.7789953822791045	0.023991655334697493	1.5722116410840168
0.3570206147828707	0.8121457867635175	-1.634298433553623	0.05480918026399445	1.5810054474410924
0.35327971668143454	0.7658973520337462	-1.5359341440315948	0.09622153873882355	1.623514061543954
0.3537524272837478	0.6958067911069776	-1.392342678229305	0.12994768145169844	1.6233510660686838
0.36073555538848956	0.6715064559393038	-1.2510880730465892	0.1944265568064929	1.637687520030501
0.3453356846681354	0.6330486306511423	-1.112122875664753	0.19921123912299965	1.6320254964306733
0.3641952360077929	0.5894336668547995	-0.9896724145700899	0.22086117018739215	1.6236398658485056
0.3808830569167374	0.5339881071873495	-0.8614616285797492	0.2525264864311992	1.5921495987727428
0.38582400198011746	0.49562140997287946	-0.7246247535510126	0.2658189266634123	1.5509479035456892
0.4118309067332161	0.4777536479648954	-0.5926900393278045	0.3112947018588057	1.4937055414825033
0.435248037900131	0.4261932942391846	-0.5038932390754538	0.3406327290164165	1.4528686653661929
0.4499670178009079	0.40515774903105267	-0.416183291009994	0.36053657844490333	1.4087536757888095
0.46272697502040566	0.3842742011133176	-0.328500282377653	0.348799525257458	1.3382437908020988
0.45921100780400004	0.3597103755388546	-0.24057850428556593	0.38509514503406905	1.2856817694094635
0.48266302279407813	0.34166814623331493	-0.16795040599863176	0.40705919041962857	1.213078482769935
0.5195727640269213	0.32453515808752575	-0.10948717425245935	0.425460463851167	1.1306449630944349
0.561222507127922	0.32682594235377266	-0.04889127759326034	0.47630036284641436	1.0458783143008143
0.6022709271023572	0.3187855368311563	0.016397679659219566	0.4941060342573906	0.9736706112552201
0.6380126762398521	0.31944168072248114	0.0551713805246728	0.4948729561862523	0.8988689995949539
0.6719372471106992	0.32269885015795585	0.09111427225565216	0.5383458642554151	0.8315895000266761
0.7233340544378468	0.3190234807833714	0.13864108021574528	0.5916339154981851	0.7646992378649526
0.7657507009047468	0.3222302503147214	0.18620119099965837	0.6205579559106555	0.6917768023521438
0.8270091019934862	0.3322973355779446	0.20958947309864914	0.6749509881615581	0.6230353950788637
0.8921810161880088	0.33430599812211176	0.22617200550642663	0.7164575775689954	0.5819880785342391
0.9524320226781183	0.34957723059173484	0.2804075443249806	0.7598872426151622	0.5235779877719777
1.0179886508112697	0.3448727038779611	0.30540955654028523	0.7909487153378931	0.4763004729934365
1.0900316856825623	0.3705368358016289	0.32842698104385926	0.8485268906863046	0.46057719087478377
1.156555673891279	0.3925869130256733	0.3524272640841184	0.9063717896978232	0.41699250279101846
1.2293456547859805	0.39770590903579317	0.39840321684278535	0.9783134481244875	0.3890478310470473
1.2965219295212513	0.4308634195275022	0.42100481949960816	1.021969611493048	0.3699067495059192
1.3820231848540316	0.44727178104132226	0.4335989783076241	1.0842692782294705	0.36464432968091465
1.4437679935772865	0.4895580805923979	0.4538503353113521	1.1578744595709598	0.35586511708138824
1.5096677567333328	0.5161119620263883	0.4826068385555653	1.2123280844137607	0.3331722384853183
1.5672167383962308	0.55053181008649	0.49916342855629076	1.2612722208570901	0.32018381252361255
1.6169807540780297	0.5881792697812341	0.5037383261634064	1.3206668720456425	0.32136294794360576
1.6663321914278784	0.6326430559326499	0.5484763738524358	1.3823567707195188	0.3226375919848713
1.7247125418236824	0.6716806589841874	0.5803019993723468	1.430469963366741	0.3088602684658106
1.7368499139849904	0.7057483771041505	0.617621818931722	1.4760392131219817	0.3080414892820161
1.7582631120638292	0.7592654970924718	0.6461396537817635	1.5299061582614821	0.31709828633549864
1.7685429862734596	0.8112430020358254	0.69172618336848	1.5900711329277064	0.31588959588433685
1.7523655773063105	0.8811478500340469	0.7336196894393643	1.6201329588692186	0.3247546005161691
1.7224049319015056	0.9289915258460308	0.7927497873654783	1.6448229055163628	0.3171189696489045
1.6886842441923822	0.9948702294676983	0.8529854122949481	1.6503948908028416	0.32673421183025275
1.6352961953635494	1.0379354276301862	0.9069137315535519	1.6601234865426298	0.3475986138669348
1.5831826127372246	1.111039538939957	0.9419015999066305	1.6528442666290566	0.3714587955802182
1.509710405671529	1.1847566713555229	0.9794584842533622	1.6301653090804156	0.3956572222070285
1.4368696065652107	1.2446067964765304	1.017498689653086	1.5919088632488092	0.42164888559525227
1.318287677549151	1.3192380053917294	1.0934860636177033	1.5673156039916059	0.4477681700711107
1.2477222559030947	1.4106782404337546	1.1338105494719595	1.5233832431016805	0.4720538988673534
1.17067327085115	1.452017809622878	1.1893420835302155	1.472928103112014	0.49739404214422356
1.0688696003508356	1.510127045282764	1.2346680789630673	1.4372188936129973	0.5323329450021479
0.9664740030567812	1.551614950459414	1.2917730461518875	1.3701910846478582	0.5806376387671935
0.9317402418251719	1.6148037636402055	1.3466316378388046	1.318764641413925	0.6121368702828571
0.8286819173495648	1.658191951148285	1.3842132517140486	1.2592487727343002	0.6439134650631081
0.7594015915238441	1.698753385340404	1.420836905269381	1.189127592257003	0.6864774933414223
0.6777216547000207	1.7079796306942678	1.4763315690498793	1.116635389530325	0.7355319374201521
0.6088503051673223	1.7100391738033753	1.5222970337843682	1.0584038556901707	0.8001045600724139
0.5618655608101881	1.7042946271566894	1.57624062518845	0.9824409108925735	0.8455569757103033
0.4939422902229249	1.689139957922512	1.6083942420446449	0.9135553332208532	0.8952145409826684
0.4678074924494253	1.67831762332254	1.6029789831252306	0.8401366550940075	0.9328583274091389
0.42785303074819986	1.638885982955541	1.6356735699963516	0.7775349815684742	0.9827079701537624
0.3923011762227724	1.5967590085043377	1.6383327634105556	0.7157225581823692	1.0706441915903013
0.3621533484809727	1.5385275288490106	1.6260968371202131	0.6792643970083986	1.1281229029608921
0.32906789122307945	1.4654830299826056	1.606751057513594	0.6431967678386827	1.1933545533734708
0.3186439018789717	1.3911134303941743	1.578779621840542	0.5930707456753972	1.2574341487545617
0.2775650274420678	1.2923216883189366	1.541110365027968	0.5441165190083229	1.3256838239118123
0.2626620717718824	1.2135527177131509	1.5063457369523539	0.506261385888592	1.4124023661133847
0.2739005227120678	1.1281216041967679	1.4594625966985897	0.493919635424088	1.4591306940490676
0.2704034694645394	1.0343523845963445	1.4112715457901233	0.4903315497171962	1.51088298550442
0.27296295471802634	0.9493927348251343	1.3478236094970912	0.43993284761528695	1.5662753792111095
0.2594902665000305	0.8792615113313935	1.2684366861148322	0.4450181202189712	1.6260783231222609
0.2564235889907492	0.7870856394977163	1.203765354940563	0.41218982754457223	1.6637188142603365
0.24018908369805134	0.7262212811049045	1.1157425981688864	0.39295316210633774	1.6914682409067312
0.2296709168241572	0.6495710643181944	1.0527057504374198	0.3654269927143234	1.7018715354003948
0.23708697883800367	0.5898919983138217	0.9873945975653501	0.3580461009905521	1.6988742958618739
0.23709270672485638	0.5405771401076037	0.9114218713247829	0.366351802591898	1.6803066810649823
0.24901442613685465	0.4854983243463139	0.825425107248997	0.3632869256884891	1.664008488279309
0.24608814297005832	0.440170298216212	0.7519491920926024	0.3597245010834653	1.6057599120682466
0.25663406807948536	0.3993695632134157	0.6797142729052166	0.365319943608448	1.5543282911536185
0.2567199594103785	0.35552816746571236	0.6092659443786922	0.35535107913574204	1.491878523775127
0.27167860568454294	0.32129655348983616	0.5530929774424185	0.3624602085834965	1.429839624156874
0.27994805166697456	0.27796229244259396	0.5205544648305643	0.3805582728611376	1.3501897223863197
0.2910709469524732	0.2762792963694961	0.4926625230690898	0.3911351430592953	1.2601944331264692
0.312654232210217	0.25552584424620967	0.46820898020626023	0.4097199416298532	1.195637482071046
0.31892318501479694	0.24697190471298847	0.4374532740241943	0.4236006679484543	1.1325916321519673
0.33055655752847424	0.2322711259001449	0.41172449124002064	0.441099271489224	1.0548123900241029
0.36532594780272365	0.22349125395177277	0.39587826133116805	0.4598801965386041	0.9751056832745707
0.39878042311819806	0.21942308175249053	0.4078380482557458	0.4836095489731016	0.8989645822958225
0.41365141345052436	0.20366393265180183	0.3768773148238133	0.5167692811030566	0.8224593932572691
0.4402754483445426	0.19414242984661495	0.3597337295660412	0.5411005866004082	0.7300311808810738
0.4737730374569512	0.20739765028076051	0.34026484966697695	0.5878971741078807	0.6522250186963321
0.4910873067644894	0.19559557129522054	0.3383599441728853	0.6194508375847515	0.5955957707205461
0.5139548041581121	0.18337945662113755	0.328662518594624	0.6455847601935718	0.5472928742047212
0.5438089607496884	0.19486795062529444	0.3159535976722907	0.6782373631570068	0.48347237635528356
0.5997386036115007	0.1769196180731161	0.3082937708035931	0.7277957306225183	0.4200850061579044
0.6523664332016395	0.18521327960916417	0.3172292577603688	0.783962883592551	0.3862397693596405
0.6815186796155451	0.20205204089779868	0.30587818044057147	0.8181836150946857	0.34769344886682674
0.7187133078365445	0.21535205823250592	0.3134444762664004	0.8649018661482774	0.3361382912306017
0.7679854769660319	0.21183986873801838	0.324000634303954	0.9200659106706	0.32206638751800953
0.83740752743072	0.2274305155215165	0.3473174879260807	0.9796190402064434	0.29186130279025946
0.9040497468441601	0.24336341529908323	0.36161650444711624	1.029950158105609	0.2695220056398141
0.9697196073256474	0.2845483357375921	0.3960643729784404	1.104841114777486	0.2399706385170666
1.0694402603447282	0.2828992666417752	0.38779703686678824	1.1659266700053945	0.24779831205417263
1.1477165604387753	0.2909534244526861	0.4199151369986628	1.2590041339035047	0.22375369309989449
1.2245523216105416	0.32565398457863914	0.452906317477152	1.3148262897713123	0.22463877133012405
1.2861025905122185	0.362400523971698	0.49031895022565186	1.3888662581565656	0.20224470202351824
1.388014905329881	0.3902776434226858	0.5010042994519581	1.4323849393842125	0.18621352197197033
1.487010192809908	0.40578546467062465	0.5442089390338046	1.4776399226941344	0.18557649550039998
1.5558563883465517	0.4249776405709085	0.5824576331573423	1.5479314497704622	0.2051817102342074
1.639986509986817	0.4622278174703987	0.613665696253956	1.6066647189341947	0.18310022576121887
1.7003694968291267	0.4968423734288694	0.6639921251289143	1.640095319335423	0.19152483277695231
1.7471119529281252	0.5269130697469117	0.7138569151883856	1.666701700272895	0.18562577243664383
1.8198336833870923	0.5804262766369497	0.7470309509158897	1.7167144856582928	0.19602652907658746
1.843946951704651	0.640211563359603	0.7886018770686509	1.7419793456869657	0.19881704198740396
1.8670653992716968	0.7037629692521632	0.8408584278530946	1.726451989728306	0.20726915398821322
1.8766633643910864	0.7663104579664188	0.8848592594587121	1.7108591968832003	0.23201731348818344
1.8645269126169857	0.8474528975497422	0.9496675836972736	1.7114286168412107	0.23328884712933196
1.8134904367394364	0.8939374438914302	1.001355608417345	1.669846037915621	0.2410660645349727
1.7539515319204941	0.9781919430036212	1.080116896041188	1.6304952788507976	0.25872762041853575
1.6834103257322208	1.051621175208313	1.1350622672347326	1.5828277557895853	0.3008856515627578
1.5919483056298966	1.1408490398034183	1.1922751851535751	1.5251783295844201	0.3135766160071557
1.5023413799273952	1.212862564635397	1.2632516919758965	1.4408367997506089	0.34598954649250874
1.4093493093127774	1.3173535638854956	1.3581647788310136	1.3657974535350208	0.34925326336794327
1.2980575704142927	1.3783568248464273	1.4357624646902425	1.2838948655564741	0.4029368413604398
1.19512724744926	1.4650306554276575	1.506842391805984	1.1674452909157969	0.40745328120687785
1.0956944160459665	1.5335905802224177	1.5582387976498318	1.0756456422568443	0.4319517694151763
0.969882296025826	1.621553866316011	1.6076049430648247	0.9972488119917327	0.44875342888311714
0.8552456243625949	1.704801297586786	1.6553951999878525	0.9119045301553077	0.5028394249309915
0.7580790986903369	1.752696768110866	1.692135337666445	0.8406033750897535	0.5538225740974217
0.6827857551749614	1.8216343129699408	1.7238648228443516	0.7620614231287761	0.606629299137825
0.5831070919228043	1.8560974071226715	1.7345285575402594	0.6764901179884029	0.6637937564930674
0.4967487717696681	1.8608645195079274	1.7250840396591869	0.6174014542354436	0.7151709958138951
0.4251266109567664	1.8609374484288166	1.7129400466095164	0.5580271461086093	0.7965391548536195
0.36194823724445413	1.876002454818226	1.6715933032591952	0.48550858736555746	0.8516783075739768
0.291799875980135	1.8436976213013123	1.6096013555468254	0.4329717793487722	0.8878686886464711
0.23334383782656354	1.7779795212437413	1.5505828204982304	0.4054162529760448	0.9388840319319631
0.2026442715782093	1.7157537646778045	1.5075700147773168	0.3731778776526351	1.0254837198769502
0.17269991651722827	1.6181786192525442	1.439464598289659	0.35331480719172403	1.1229078775996948
0.14825882870845108	1.520077715155764	1.3587975708003714	0.3016473571265168	1.2070780275234556
0.10856709654980268	1.427392535671496	1.2769935811944333	0.29137467824563157	1.2804206200152795
0.08082856117920434	1.3296627760053932	1.194574635865652	0.2581422840758924	1.3684692439748
0.051459618622916675	1.2065312539734125	1.1113724252122665	0.27060589788579376	1.4428064722164262
0.02454931163373253	1.1082728300846927	1.0404026532748574	0.24078091939873503	1.5133334606046254
0.019964086168466455	1.0118146791024283	0.9544523241285702	0.22126956960325644	1.6022126099678056
-0.01101902394072063	0.9006256222221437	0.8746273535521649	0.20841275619404348	1.6631257092225589
-0.024752130388459914	0.7966210108264999	0.7843363190769834	0.21119824130813802	1.7320498766847492
-0.02434380348864218	0.7004198678747392	0.7292753905808456	0.20630735113134002	1.804742435647789
-0.041905325385107633	0.6167485993858268	0.6497122883862161	0.22407482229307057	1.8371524834918047
-0.04328704226694757	0.5209403320911082	0.5882420784427554	0.21306890741255935	1.8579493147879074
-0.06238315374848724	0.4584597950893994	0.5106282113801642	0.19755624170891017	1.8558354797177037
-0.09249293340416964	0.3862956153042191	0.45747045246333173	0.2101973533613451	1.8731190827022264
-0.10857635978496649	0.32095211772001087	0.4110320815849056	0.20487666287808576	1.8598647725481974
-0.10204824645773913	0.24846093270680458	0.38828821317584716	0.21505263727631085	1.8050610283231463
-0.1129109874556753	0.22591810755614603	0.35110219545815924	0.22158649039310077	1.7382480079411375
-0.11432292225262253	0.1902327432242591	0.31613578194475955	0.21576573084722073	1.6735007550329082
-0.14822873233286904	0.15658522217505177	0.2863559634313543	0.23782049576076997	1.5763088252067308
-0.16301683531245362	0.12220528261531183	0.26215915485551283	0.251981916528642	1.4776507276542343
-0.1614505333590037	0.08410027569954467	0.23571008503479948	0.2833245093134093	1.3729928617785276
-0.16622138823783683	0.04227268767540204	0.2257045749137725	0.28893976200064975	1.2507227722946663
-0.18380853352358378	0.019766940243861164	0.2134581067611658	0.30890008879050046	1.1428245917895536
-0.1990028052181807	-0.005922519867880727	0.21848931656613554	0.33270007828362325	1.0320961508491098
-0.23585848592415887	-0.03369797977302702	0.19216152912400103	0.37572835261077275	0.9201620034146213
-0.2335470627064739	-0.03210427275329514	0.1800035393860029	0.40522964390558847	0.8201348830273082
-0.25766834534932165	-0.053603250975175876	0.16242168868945955	0.4152795475466242	0.7330727461125535
-0.278618256422807	-0.06809439638523856	0.14825544783381567	0.44061381870874194	0.659897674470886
-0.30512256478277217	-0.06978875638156533	0.172873817030762	0.4646897843552147	0.5929937709038007
-0.32685870535080885	-0.08109406662087093	0.18669720825777442	0.49710841373211007	0.514892555827379
-0.3361949765992597	-0.09871127712232416	0.18333699404946685	0.5423016554604441	0.44165101646296073
-0.35468899519381974	-0.10874734958181527	0.18456868497809203	0.603316196846849	0.3679218227097889
-0.3667294698492999	-0.11830770007337371	0.19769700252584757	0.6459676008720373	0.29327332410878004
-0.3980863389868447	-0.11131353114865296	0.2140841946642725	0.7225702327617964	0.2382149489720878
-0.44037168099558166	-0.13135302786300318	0.21139795057694993	0.7772798004381806	0.20353404786122492
-0.46615181015784785	-0.16079447969255267	0.23336557771281818	0.8503073924008689	0.17238657177851835
-0.4988415411997047	-0.16471569850484746	0.2700047810500374	0.9190300153939022	0.1290362722986902
-0.5547280160523097	-0.15702378709921805	0.28311218305841973	0.9881323258609754	0.09147078152192223
-0.6016550131862386	-0.16485781290002055	0.306963723158605	1.0749305991431548	0.07799091036630451
-0.6692696522816987	-0.19225503893279183	0.3384353583676681	1.1418837715688155	0.02469270776454857
-0.7394886272494546	-0.18985861332792373	0.3603506840168082	1.2147205330386686	0.01956347600935565
-0.7593101241046816	-0.21076132943773196	0.3735959512322625	1.3073805772330385	-0.007523092048383084
-0.8232554336892532	-0.21877085193933932	0.4113175866732666	1.3925912203050066	-0.01905564605419221
-0.9095506588648249	-0.2361577477969667	0.43200479643481554	1.466342959284561	-0.039046680437940684
-0.9887016243087776	-0.26198040822670704	0.4592944110577013	1.5481650432493386	-0.053560497390758355
-1.0352585294931842	-0.2782912900572604	0.4981526945794993	1.6410091943793792	-0.06799183697218716
-1.1146828882065303	-0.28788087752878166	0.5595466568552503	1.7155290790131887	-0.06723438221747041
-1.2043794581228884	-0.2934521285018823	0.602159286680108	1.7743569936674126	-0.07693924834448823
-1.2944655897092339	-0.30272754725672435	0.6729134637453484	1.8107716513639391	-0.08697703108894544
-1.3709919345562318	-0.33224957577790726	0.7194425119565339	1.855111773851681	-0.08793437575057128
-1.4809948943052256	-0.3670265104155353	0.7624249197100169	1.8699310111826117	-0.10428997642504545
-1.5995504570942305	-0.42436101247310126	0.8189145418646552	1.8556630919933212	-0.10356774722067391
-1.7049481088190448	-0.4288981585175552	0.8742683177884797	1.8804495844528542	-0.12731537662593012
-1.7934467114980568	-0.46023307604063846	0.9278956255512898	1.8444131984528143	-0.1421905565157291
-1.8694860672460114	-0.5055282025135903	0.9936107790009152	1.7984786870168123	-0.1544053028356095
-1.9383484882516773	-0.5575064106054658	1.071088336234621	1.7363518428696167	-0.15747463614175738
-1.9958776028826304	-0.6130961627038338	1.147453242362857	1.6669278922000144	-0.1582392836065993
-2.04043052972598	-0.6597131234759699	1.2123511819649764	1.5837871038279374	-0.17508402397530748
-2.0556095389224045	-0.728195528366295	1.3126344821467506	1.4856404042901015	-0.18645416296061942
-2.048214956233414	-0.7581554137276805	1.4163422164611998	1.3797026106296633	-0.20244209652469414
-2.0306474973272115	-0.8344534219349469	1.4855343842709336	1.272351367538298	-0.22270879789648512
-1.9895043222292745	-0.9113917412235658	1.5709000511098143	1.1505893619790135	-0.23416625843652494
-1.9014655987013926	-0.9752525700554129	1.6529078258082552	1.0474349788960706	-0.24857259763515932
-1.8240533209297904	-1.0366794657702572	1.7297851532945432	0.9293285822154052	-0.2794734533026531
-1.7335062920533224	-1.1269956051167294	1.7755248000759742	0.8226193254421381	-0.2970536590412016
-1.6190523763606801	-1.2188089596459646	1.8046820817419083	0.7368258874246402	-0.2840047550265298
-1.5114801798346136	-1.3229795844692667	1.862708291987441	0.6510286202632384	-0.3156186650847783
-1.3828013974688054	-1.4178926479860683	1.8717451522134674	0.5885318150036265	-0.35724782031752067
-1.2438241831809413	-1.5226658714490249	1.8764917698249484	0.5321642601795301	-0.3944497988697383
-1.1024544168926602	-1.6253211785134942	1.887006820827108	0.4735538694629895	-0.4271381956869467
-0.9742593951746296	-1.7260798731932347	1.856256401773869	0.3934345970471493	-0.44147689287645736
-0.8582590011924203	-1.8077161303082518	1.8153831575678245	0.3368283461204657	-0.4731310107704596
-0.7472864457237081	-1.880594968416258	1.749399560319752	0.2640083266346971	-0.533677047952612
-0.6450538004293964	-1.9525701860506468	1.6693164689290467	0.20228378977022388	-0.5771755653959223
-0.5528141841398129	-1.9982865165364967	1.5826239956369696	0.1845557912713443	-0.6230361020554072
-0.47242419645456557	-2.033848369405698	1.4829009865278124	0.14008867631990451	-0.6636279992406389
-0.398185104237319	-2.0522923813555356	1.3814087578355867	0.11700218930912942	-0.7245905517446318
-0.3247914199543299	-2.0467267173070076	1.2754597937597585	0.0919592228702577	-0.7494758955366472
-0.2649548650586081	-2.0353435158821434	1.1602605921694458	0.051719948227888946	-0.8267171868486325
-0.19884589219114535	-1.988896716545792	1.0563208939492137	0.026484529830925863	-0.9216281871178201
-0.13569292875549036	-1.8994558211271801	0.9400485884019801	0.003884978333369038	-0.9851071481895836
-0.09461994782855077	-1.8057939857184906	0.8457587026256865	-0.017398416894936652	-1.05796515532246
-0.0545057400457335	-1.7368394103978821	0.7457389731828474	-0.02088743052588171	-1.1229422423878332
-0.008843378969260685	-1.6230041701635267	0.6669145206520798	-0.02426950411739115	-1.2232191644971928
0.011569890956194463	-1.4994881157816504	0.5924203919908482	-0.05702287927218663	-1.3247302542713304
0.04265004961984903	-1.3786591771337204	0.5287220543672737	-0.0688206528086121	-1.4260892762352841
0.08563413006061704	-1.2303198061647538	0.4700665007713073	-0.06921622140928252	-1.5344007967163704
0.09647010570776288	-1.0928567301373033	0.392175244167336	-0.07084807350906619	-1.6349366632126263
0.12059664134822268	-0.9634502968830823	0.334442651363921	-0.09386475729087213	-1.72648737621245
0.15594902763813034	-0.8452180670681803	0.26940211007449466	-0.08412873022373313	-1.8181445175728426
0.18544560769895668	-0.7367483148009095	0.23412518936013438	-0.11561293507313061	-1.8982949269715557
0.18138851658025565	-0.6489824276952574	0.17351710617677235	-0.13009861789234495	-1.9713278190588701
0.21078496011561765	-0.5428125494707683	0.13520988078012186	-0.13959490626388682	-2.0159685918286288
0.22751668812556625	-0.4511712395646751	0.10331705080184231	-0.13822989447620654	-2.044593883605887
0.25648770053211367	-0.367660232581123	0.08139689065738037	-0.1430087921856731	-2.0626956574176667
0.2779224631512831	-0.30208485278029495	0.04766584040674193	-0.15146985598025942	-2.0617398594615404
0.312302936311348	-0.25977042563670505	0.0181708649069226	-0.1601326007104275	-2.033759928555796
0.32508536201999316	-0.20313278234918242	0.007041701170481973	-0.1727243465205282	-2.0072751368647532
0.3511691668204172	-0.1337636205740389	-0.014181483557995783	-0.18844979145180935	-1.9467918875533385
0.3625863474578858	-0.08757319023105281	-0.031021646773120137	-0.21093074592527705	-1.8504244786238382
0.40352612383210407	-0.047338845111495303	-0.04867806470201913	-0.21156194998720257	-1.7644764413056258
0.45172057277109345	-0.01762580225978727	-0.07403246883117345	-0.22013170370771362	-1.6673840888883347
0.47901214894981825	0.02321134620833698	-0.10293942632472608	-0.24111685882511047	-1.552270143951419
0.49297860049487263	0.07427869319332113	-0.10499522994826394	-0.24483575502650867	-1.42923996386169
0.5196113042202124	0.09361332032634817	-0.10633699497215425	-0.26865429573384	-1.2954152038182658
0.5416279609276344	0.112361590824755	-0.11111727618622957	-0.28621481543802596	-1.1976763784985598
0.555079400961973	0.12204353066325901	-0.12094751126925796	-0.303854261630923	-1.0782287432049071
0.5828618389755298	0.1485559706183345	-0.13160789122074482	-0.3331634636082681	-0.9713531637016426
0.623218902804692	0.15370115067398932	-0.14894886239619076	-0.3675476684265747	-0.8647704362825134
0.6625229117979581	0.19495042472917068	-0.1488586155316431	-0.38775006965733777	-0.7567376096549019
0.7166249579742239	0.20632245665120508	-0.14697984518857604	-0.4094394779754456	-0.6450675058940961
0.7647287699701191	0.2177006467842414	-0.15130156716536075	-0.4461863583588713	-0.5453025773604157
0.8011750250617748	0.23717083877157608	-0.16157300774418593	-0.4795261809158857	-0.46502031980231934
0.8498943079752824	0.2622245390310468	-0.1630028996895905	-0.522394932353482	-0.3850775672736677
0.9262803924908711	0.2788286028527635	-0.17607934239351825	-0.5633056783840671	-0.303846230445768
1.005363339474252	0.3126116133501877	-0.17122892009834817	-0.6094749129334949	-0.23242728969522575
1.0769310851937623	0.3464234160723475	-0.20672215960986218	-0.6795259641979655	-0.17513397195045804
1.1619046224560956	0.3567795179971287	-0.20360914364171295	-0.7293920177621595	-0.0828564034201118
1.223791655694249	0.3851863004138675	-0.21178917939334482	-0.7916852773278623	-0.06396070097139378
1.316399587700221	0.4248356382157765	-0.24433903918043143	-0.8478662238460387	-0.02578208330171372
1.3854697582803057	0.4614750003512462	-0.26068357952049415	-0.933857124388019	0.02285122432832304
1.4639458634057176	0.5021788081071699	-0.26183387101008915	-1.0056565131130155	0.0718561762960428
1.5278860478118133	0.5258350055300411	-0.271609554509844	-1.0725131502570395	0.08121469101318288
1.5719826303427138	0.5485454203949014	-0.2825561204739187	-1.1743996724880097	0.09646891795318069
1.6203478163291893	0.5884393609692885	-0.32833717863102363	-1.2476722521118273	0.15150045145044788
1.657646350012606	0.6220738185461717	-0.3520823063837815	-1.3555349624959776	0.17318135430004553
1.702388367004064	0.673917292101691	-0.40625243313361237	-1.4701879622703145	0.19072178453816374
1.7220701711419293	0.7141085318439344	-0.4242028272393802	-1.5653718232149574	0.2044767660590356
1.7434881412448133	0.7643931073093164	-0.44120388520230125	-1.6610249801326604	0.2296169379949362
1.7385694936807377	0.8072641014280273	-0.48057289356991517	-1.7671716741179586	0.24375268488309498
1.7381376104751127	0.8644173463714482	-0.5400335860677481	-1.8457266987683765	0.27448926729370426
1.6881886024389972	0.9300126920175882	-0.5843748670943189	-1.9209215461839169	0.2953968315044082
1.6447715333440456	1.0026290193779492	-0.6281668693421734	-1.9853351776936194	0.3269518466413376
1.5943447414354819	1.0575931684082176	-0.6795551783828082	-2.037233520522269	0.32590418519415787
1.5356515024856565	1.1040180905471007	-0.7402177236352789	-2.0626957139842585	0.35443453803948244
1.472079831189987	1.170779220762221	-0.8211628875877603	-2.0488529606078547	0.38433454113904175
1.4078613987365975	1.2506905918920315	-0.8978516816921015	-2.048696321107647	0.39725791272704813
1.3311139546178574	1.326608125381556	-0.9608895957486789	-2.0174540550714424	0.4217001896517949
1.2350112612859507	1.3979153978293746	-1.0248999034077897	-1.9504586345904058	0.4501146720778808
1.1482237551967605	1.4789473179070063	-1.1171998512767778	-1.8814902367824624	0.4832306940797718
1.048451341249283	1.5295403166010713	-1.1990148284683402	-1.77518021731516	0.4855196200518427
0.9813404328133954	1.5773585788600313	-1.29502304209227	-1.6661111606836931	0.5378145237742502
0.9106652366365925	1.6214211181006903	-1.398946061255795	-1.545482534652431	0.5781587595070263
0.8325945140283453	1.6707188443510896	-1.4903462622713954	-1.4355325624096276	0.6219266842513189
0.7539660472892781	1.695817361105744	-1.5703748646279654	-1.3047797540187123	0.6562632984250256
0.680961880166982	1.7268366209051629	-1.6753020195027126	-1.1639979267957496	0.7082949161862018
0.6275504787457301	1.7591886699897104	-1.7611498572408686	-1.0448444139058823	0.753829726660595
0.5727145059427231	1.7379872351300125	-1.8395954256513343	-0.9246651884240409	0.8086859200384017
0.5069525061628483	1.7362475165109519	-1.9326078701219183	-0.8064685231040609	0.8470893862540272
0.43882384662471885	1.7196523524567464	-1.9963828512004014	-0.7129707014945188	0.9185368981309832
0.41426011919615746	1.6758993483156497	-2.0336008715548046	-0.5998024267763167	0.9834286739008785
0.38178648243155716	1.616897121155164	-2.0546396873280246	-0.5070261777263255	1.0240788252267155
0.3348477112599392	1.5639715387607454	-2.050477207543525	-0.41791038151979853	1.0795408046168444
0.30398104044428687	1.5014746677541955	-2.0348172969044844	-0.3255908794878415	1.1612802341403765
0.2711458120350415	1.4282560424401916	-2.0066552413330743	-0.26963636435154514	1.2305758687174644
0.24621790813795918	1.3542494351484065	-1.9291059279392364	-0.1980503048581148	1.298340218319957
0.22019259861021445	1.2670693112591964	-1.8501146441846994	-0.14292591608965532	1.370003909566662
0.20546639152217627	1.1638334970464255	-1.7570163860555996	-0.09281085828729996	1.4494865450919185
0.19334381819016866	1.0633532419717313	-1.6571559559667959	-0.06341886320553392	1.5167138379083889
0.17750632603399424	0.9886189563318581	-1.519248621256392	-0.008401582337450586	1.564433007931624
0.18127332479971647	0.9329958886190671	-1.4201075983273759	0.03394583549833205	1.6154854234551235
0.16031226935618675	0.8506924269849934	-1.2944234644649066	0.046850191572329364	1.6657401622063985
0.16789562283554527	0.7560737909386146	-1.1784144123001612	0.08511427405518512	1.7021670138075764
0.17105763315703226	0.6892928048840066	-1.0524610606710942	0.11107824381477638	1.7346186822558898
0.15324035964142874	0.6261217627039602	-0.9370087167355305	0.1470869815353285	1.767639007745356
0.15255904827290956	0.5691030747644363	-0.8134471658834985	0.15146740601975373	1.7535521631263946
0.17571495749563004	0.5045190733371822	-0.7022197744226809	0.19197229383212566	1.732793200735658
0.17708313802258113	0.45063608807755273	-0.5928870948194596	0.20205477880814954	1.7166101811382704
0.16079317136086047	0.4177774498243578	-0.508194857370535	0.20039303437463174	1.675793942104321
0.16782576668043497	0.37715390253357894	-0.4393129880153176	0.23210954724805283	1.6268291602545146
0.18080540280718893	0.3412365009993953	-0.35829149321325965	0.25887418782909166	1.5885834480098013
0.18475364749449263	0.3166509366404413	-0.2857244443018536	0.27393309301395585	1.5359786960033512
0.18642596491499594	0.2774028865425802	-0.23170285534085977	0.28822596533620276	1.4284078264775142
0.2015518387460009	0.2507790653108627	-0.15653181832470153	0.3252264207471165	1.3564025986713975
0.2002984995599377	0.21514326528573968	-0.10499407752894313	0.3308104107920841	1.288015839192001
0.20568848691762054	0.2035938474280033	-0.06949043233606156	0.35762916691633717	1.1952280369183086
0.20862524489626413	0.18285961279542562	-0.04059142927067441	0.37570801826669176	1.1150947982553596
0.2279742133940229	0.16997682512275644	-0.00013487803944234322	0.39678586684627704	1.02957898132823
0.2530203309393334	0.17955174925886014	0.02806593397229923	0.41713850621337145	0.9624552670002006
0.2577439420007668	0.16608674413538208	0.05223202208162381	0.4489822106736252	0.8951788165672305
0.26008240522600845	0.1609690567900267	0.08260653101469134	0.4728950982164868	0.8285014739212585
0.28289038560305246	0.15578591990713853	0.11218748715280877	0.4870198232465006	0.7601249421646432
0.3220352649862556	0.12736309724043066	0.1336254017912848	0.5226081465023272	0.6898257787692664
0.3629291829331847	0.12831302927204846	0.1607267044374464	0.5524721332620353	0.6280141467226472
0.39554073127617395	0.1381905509688011	0.1781669472408608	0.5997731698435942	0.5808768673627779
0.4420682777356016	0.15597946917677735	0.2041338326649255	0.6359776782532991	0.5187084499920303
0.4649548805331436	0.16722177071099367	0.2184363869088726	0.6885787331770128	0.45359305854777837
0.4907571822610804	0.15882464524235673	0.25478458341866084	0.7319239553243466	0.4038117457681139
0.5524954392206608	0.16476162942714564	0.29622388189399684	0.7795078743259662	0.36311895248205905
0.6161436862592576	0.1652388573183851	0.30974204642086145	0.8388676680607128	0.3359853790952698
0.6583758445841724	0.18323518027796742	0.3150369388350606	0.881248974566238	0.3154772106239415
0.6932473928542809	0.19983885594043466	0.34049978666159125	0.928639210951555	0.28877248713654635
0.7453140175837507	0.2014506154457753	0.3380187688868116	0.9917880272879762	0.24388661954632415
0.804852776730344	0.21213797099969864	0.36918343542556276	1.0679233628365963	0.2430882379739019
0.8654449053964095	0.21962556171531603	0.3780145522867566	1.1178542719527607	0.21351635645742162
0.9381836552290028	0.25191808475875577	0.3990058618291036	1.1761426296663815	0.19674893092402546
1.0257109378403302	0.25937476855914443	0.426753993561549	1.2505936218985338	0.1932623863918734
1.1074849472786998	0.27462246294826215	0.4568195807657599	1.3053721818446251	0.2041093187880024
1.188962739078663	0.3004695955035776	0.46712290832039605	1.361157957587377	0.1904307240464599
1.2492838464896436	0.32544796619813426	0.49672482841650684	1.4255981446621684	0.17481258996939397
1.3375802942763801	0.3531626481349576	0.527931631625135	1.4892846285894523	0.16556606376946606
1.435239073828027	0.3811998817293267	0.566843566667244	1.535186222552939	0.15984871308445658
1.529453354148691	0.421983396011392	0.5996054190659397	1.6043866330508438	0.1640749536390642
1.6109998334161895	0.4362807463281009	0.647834139412245	1.6489294930838945	0.16096042421555173
1.686219423764972	0.47503652049333644	0.696152594789835	1.6920643389673393	0.18279452403567592
1.767353941463749	0.5292742019008702	0.7386952336842805	1.7260164889783725	0.17818164128689792
1.8387740825364969	0.588963280984878	0.776788010894125	1.7533628467401625	0.18489903787844802
1.874170315522601	0.6601501444447537	0.8336067424136466	1.752083335589285	0.2057786589787074
1.8736274225860299	0.7158452346405932	0.8861164724847432	1.7273871787430068	0.2116578922737562
1.9001834866616338	0.785174068459877	0.9419767584085921	1.7067336570691074	0.22875655780363993
1.8799080053193584	0.8344637580034845	0.9969205395640743	1.6878536497224392	0.22623044656724312
1.82266257383153	0.891353556815202	1.0526789116840847	1.6654788855922062	0.23073515127796923
1.7694181048489728	0.9478390327715831	1.1040614046088417	1.6285558028302445	0.269220393692938
1.7097924663404283	1.0362338225952543	1.1489189884603441	1.5664290385089004	0.2809447150523863
1.6391340371229555	1.1061982226259885	1.1993215253709923	1.5001380371583712	0.31041511341838757
1.535761098839485	1.1848571152373704	1.2741882558106528	1.4438059657969047	0.31258096147560077
1.440483401917807	1.2816275651658402	1.3743818998647248	1.3583744716548622	0.34810520755252305
1.3320992431383432	1.3568597090987755	1.4209156381678079	1.297120636194682	0.3894774383797802
1.227669740827054	1.4434845229588507	1.4849229950217446	1.2030068599732573	0.4039094118349882
1.1201201066040782	1.5008685875299097	1.5391913176754133	1.1094049712622864	0.41800711742724783
1.0084431109080692	1.6012189168513857	1.5924533368609277	1.0239297041886548	0.4432151662166261
0.8982768106951577	1.6823869522153851	1.6531297473267137	0.9276239118854517	0.4813603402150791
0.7886459726250223	1.7462838098938387	1.682513033521618	0.858248129979203	0.5415402134751913
0.7080510029353507	1.8035639253780054	1.710863308470315	0.7803331699373006	0.5940616784426924
0.6135553428472764	1.855576026621478	1.7321799413649404	0.7031294363096147	0.654295962073949
0.5298456049327982	1.8533075019624299	1.7218482927697993	0.6232599841602239	0.6828718383958301
0.4643096896121894	1.8635528584032781	1.7219892375723058	0.5649040619187237	0.754282910179605
0.4002618657563938	1.885389980047809	1.7003009307206538	0.5119850036413962	0.8260762283197217
0.3110628652351579	1.8575100113411949	1.6462514761262623	0.4367710579923305	0.8731239031021003
0.2538663010135222	1.785068128425604	1.5812261729969803	0.4230009543318587	0.9309700723315488
0.20977785474658717	1.7286485658845727	1.540788638259123	0.39411765752209693	1.0018151847986903
0.19033566979913183	1.6491948961093827	1.4843975966478655	0.37850448551681204	1.1041313239484056
0.17026688555647163	1.562872470989463	1.4112729051792956	0.34369654360286495	1.155491829370817
0.129139282082408	1.4672367493504404	1.326952725286446	0.30698477980836836	1.246917144469999
0.10095246054160517	1.361958498540278	1.2539521501041153	0.2717454689971662	1.325225190413715
0.06618971585807928	1.2658050566054528	1.145666930438649	0.2527954470732851	1.4056346569866893
0.042034524545885105	1.1469702359821659	1.0688749559165662	0.2634140489668474	1.4786304966647477
0.023361970762035944	1.0521938768064267	0.9895265660470034	0.23393094449300428	1.5729659710099444
-0.0012371376615079033	0.9376578776699033	0.8987900611244702	0.20913864503199656	1.6417214612223132
-0.027379655606633246	0.829666642304401	0.8222997154123901	0.2127692745738855	1.7040723433895648
-0.016956776803627394	0.7534492495166996	0.7626830290332443	0.21023983111876887	1.7751080056256607
-0.03422046869511436	0.6551326320349317	0.6912773256342527	0.22204795309813302	1.8156465019213957
-0.03975798292446037	0.5803032570403881	0.6247931342674067	0.22370127078502788	1.835590520826702
-0.05110950067195952	0.47811416972466986	0.5690830929075577	0.19384859773655172	1.8653156328217537
-0.06354311318452478	0.4327579812230098	0.4992208966082383	0.2062335944921594	1.8614931123326226
-0.08301530642366262	0.3640224052540172	0.4438933533931278	0.2122922479892061	1.848864365263868
-0.08711381879996227	0.2990228808526487	0.4207840316868153	0.22131701673323434	1.838169869076001
-0.09239553901365705	0.24493537885055128	0.38498703260490263	0.2206531440848824	1.7765044825801546
-0.10323972708203266	0.217823928987685	0.35996892469069275	0.2129766060517471	1.7125621104336242
-0.09954437997184784	0.18601603601908448	0.32137002391994535	0.2240966101941093	1.6416685714698673
-0.13044873609824892	0.15766078709947917	0.28498738638423426	0.2468055211153919	1.5469549814195749
-0.14395727724897245	0.11881997942609213	0.2663612798384769	0.27172053612670344	1.454394595986991
-0.1417348210968868	0.07793370486074741	0.25367001067530986	0.28079905354938467	1.3391478055424262
-0.15189731734589315	0.04881135342925322	0.23439412942936408	0.29801660151317855	1.2144753466612492
-0.16990271349713937	0.020755687916908024	0.2136365789704739	0.31463798703152285	1.104025102964887
-0.20223792290392106	-0.013918834203452912	0.22053366076417075	0.3476798310613568	0.9766493779872034
-0.2305614871957235	-0.03600718701723832	0.18155489883565037	0.3886942566332727	0.8810502895544016
-0.2377204758499818	-0.03281901601427417	0.1797438610860253	0.40922927415413257	0.7972683972964556
-0.2548184694118056	-0.053248498307894826	0.17199995838823917	0.42202810209493674	0.7154565601681905
-0.2692855249288305	-0.06728298014493825	0.17090970528475308	0.4432639248433033	0.653120498870389
-0.28302000496265883	-0.06731001844451953	0.1743859771163742	0.479724399664781	0.5880367656999366
-0.3053754395821109	-0.07850238145364377	0.1802437337463652	0.5212160760859866	0.484283317822814
-0.31878988892854665	-0.09616939849246076	0.1728221937390894	0.5719992866496111	0.40686406714638523
-0.3361779772499295	-0.10399161407044652	0.18937304610223685	0.6301254175404809	0.31602909700306003
-0.3723413914382995	-0.1026311498099717	0.2038863381127724	0.7049795073743651	0.2602210404979808
-0.4041582706916407	-0.11148460165520253	0.2120915838160315	0.7588929375591648	0.22181366788604562
-0.4423118955838098	-0.1360973590754232	0.2221178543893299	0.8059182538883771	0.2001987661797129
-0.47769209346540664	-0.15900504326345008	0.24336431484921245	0.8745718746520275	0.16071995639725
-0.5282931487350013	-0.16349194530606073	0.28186050772538196	0.9385980843485586	0.11504776235699199
-0.5742558408518348	-0.15982024665110262	0.2908408969564418	1.0205572674335355	0.08657072396130874
-0.6258823740698334	-0.16551283506100228	0.32078840678022663	1.1032034348518933	0.058074894877808036
-0.6833596595915078	-0.18417335715350452	0.34475071917057865	1.170211386175422	0.019561219472012198
-0.7442280313424372	-0.1899732188493368	0.3772469884130867	1.2508336931697912	0.00784683987078608
-0.7837411943416717	-0.2213854135464387	0.385711933847412	1.3462904886830018	-0.021471226109505442
-0.8567448224607066	-0.2393706736569936	0.4159890941555402	1.4278751007257466	-0.023035459152477344
-0.9428465957996554	-0.24893024763694227	0.4414731279671751	1.5057888837492754	-0.04474917954953472
-1.0293203942701876	-0.28051496181367075	0.47725283444920585	1.5863390158101995	-0.06011940579607801
-1.0899203458675097	-0.28908283873898943	0.5184651091202506	1.6663272882310003	-0.06593138764613843
-1.177409694319637	-0.2974373364595894	0.5686283063364702	1.7394452357363979	-0.06461559179611484
-1.259932077744733	-0.30156543674447706	0.6162210066342186	1.7811875265217862	-0.08463284998718978
-1.3389735948036154	-0.3170383317278351	0.6722951886600794	1.8295821868081004	-0.07966981442537785
-1.4260083688978011	-0.3426524909008517	0.716299668405284	1.864433963360315	-0.08586020459219382
-1.5237289029164611	-0.38175727182689256	0.7619603212711592	1.8565467591772107	-0.11150092602729966
-1.622033287326508	-0.4355214493146529	0.82905311926835	1.85975977717945	-0.10870060972489648
-1.7235423977131217	-0.436260473030037	0.8789976966980013	1.8696852061388	-0.13233103619092196
-1.8062503050372325	-0.4588286680124034	0.928699873326612	1.8359706483482565	-0.1463152420850491
-1.8822969571471655	-0.520320195163736	0.9929131904463601	1.8032373898444267	-0.15274420663749438
-1.9510892743102426	-0.5750689808784009	1.0724044994154465	1.7518348667482646	-0.16160924160895385
-1.996937688228599	-0.616783098429942	1.154161950584564	1.6746036711218475	-0.16571575375052094
-2.041655968078944	-0.6631744812892943	1.2173746738898397	1.5859730423823037	-0.18321102325127936
-2.0475302628951355	-0.7295104048069596	1.3188109287515228	1.4749666129133427	-0.18618311040542596
-2.049976618559746	-0.7661825669835819	1.4196341011331435	1.3716490107802213	-0.20285641354708428
-2.03130285172766	-0.8356031264489008	1.4893112039070293	1.2675018080982294	-0.2205361792059064
-1.9914492470522607	-0.9117699287023073	1.570262436577576	1.1448377902122568	-0.23531579769688396
-1.902595230617611	-0.9765550729889563	1.6546979778831745	1.0501132285798307	-0.24878052926020044
-1.8236364978852895	-1.0375799480636565	1.7311826837073745	0.9311222514734367	-0.27898189906170745
-1.7361894905745805	-1.1226730853607636	1.7765596428138195	0.8263836042338766	-0.29651713446243055
-1.6202339773528622	-1.2166137916886433	1.8040285921860244	0.7333221686446609	-0.28495477411793135
-1.513448503841176	-1.3206185378240987	1.8638588816435013	0.6499912669297281	-0.3149680333102569
-1.3871821470464767	-1.4165008637735674	1.8701687081183	0.5856133000989433	-0.35375971810070195
-1.2446354103742656	-1.5163829644779736	1.8743365628563537	0.5328929976165959	-0.39344270104535817
-1.108121635031564	-1.6207736491312352	1.8872948064216435	0.475037228049601	-0.4276251133879021
-0.9776060732124563	-1.720219667878392	1.8558491698774005	0.39536922776984346	-0.43898594483785747
-0.8672916384463804	-1.8029376340062793	1.8137212132148526	0.33479995705083565	-0.4688471637376853
-0.7549463673669485	-1.8763053177109448	1.7525209300119209	0.2650315300918542	-0.5271236402142133
-0.6590323256027604	-1.951626298466746	1.6732871339665318	0.20624952793253026	-0.5755664643603591
-0.5635693075187962	-1.9968832302421995	1.5893246510709182	0.1846495203255708	-0.6202902187960065
-0.476140769505918	-2.0335258296890375	1.4819547983114754	0.1426968645392408	-0.655226583996986
-0.40119458934250496	-2.0487663809224594	1.382773967221746	0.11735270814806978	-0.7222463285553397
-0.3244614723917506	-2.047855845505919	1.280306488298721	0.09074038264069162	-0.7501217126716787
-0.2672528360602412	-2.034309343932058	1.158841703829808	0.05476125965940132	-0.8188860099344182
-0.20151562372597287	-1.997343989788361	1.052342974284977	0.02641834792937181	-0.9184085255314448
-0.13806316493035892	-1.9061124685479196	0.9346881114265166	0.0031370388606862254	-0.9783588473932532
-0.09560796108990377	-1.8142387368479223	0.8423940291187921	-0.015781334828016524	-1.0503515235349026
-0.0518491178359351	-1.7418329920475473	0.742570176389198	-0.01773104549228155	-1.1154443196372785
-0.010107494114853732	-1.6303731579872451	0.6710625624448221	-0.017073200411708345	-1.2183881595516968
0.012197064312542832	-1.5047329622536956	0.6012754307487949	-0.0639152909115932	-1.323407613712069
0.04055977715220671	-1.3828566189376723	0.5339822640920908	-0.07008281245234017	-1.4252901508538884
0.08325807729779111	-1.2314385455386914	0.4772842021702829	-0.0725345101393235	-1.5319221171300335
0.09519011381779349	-1.0965577190632672	0.3958269434926201	-0.07041357013062866	-1.6352720316392175
0.11807541423285156	-0.9616605147098077	0.336632800365793	-0.0946544735419299	-1.7253525189524135
0.1575440122029611	-0.8505546631896471	0.27028883330285525	-0.08354205041307655	-1.8131701428194615
0.1880255847832477	-0.7386484878038782	0.23272370600633407	-0.111308702584309	-1.897252177419515
0.18232178299805693	-0.652601789117248	0.16997755176590007	-0.1281265486898427	-1.9678589643586994
0.21445173894279768	-0.5466924369905196	0.13330464482037463	-0.14086191287592542	-2.015549348192776
0.22992014312225917	-0.45624096386608237	0.10306533731307507	-0.1393354940551056	-2.046551263895464
0.2608191644300255	-0.37391509586736416	0.07908003221127285	-0.14153293387206423	-2.0653066665532522
0.27996041879233174	-0.3052275642265776	0.04818896884365054	-0.15513022687380762	-2.061938503423364
0.30779003096358704	-0.25568039702189277	0.016310933027330075	-0.16092592046118054	-2.0375861690577324
0.3302453849462448	-0.19702285204295467	0.0049476429643344755	-0.17311514390910498	-2.0029688320699535
0.35592729840690346	-0.1254209486973676	-0.020773178964970482	-0.1917023224117737	-1.9402411380695188
0.37970469165914317	-0.07983320722724097	-0.034119648817744874	-0.2086294917853961	-1.8448152096641326
0.412785021662402	-0.036660516469252835	-0.0487171663030157	-0.21298744752136511	-1.7616372956683113
0.4556433620634973	-0.012759070411006896	-0.07656024372803294	-0.22664296112213123	-1.6515954551468495
0.4914785769029085	0.026518841997833054	-0.10959366402208776	-0.24396891396970544	-1.5320642247463567
0.5010678601453479	0.07437643547611869	-0.10682596458492774	-0.257208559892285	-1.4014191357490813
0.5267308918712773	0.09949130853157856	-0.09830895249488952	-0.27730383536979814	-1.263174422062205
0.5518630638660974	0.11552429973615952	-0.10029741554776214	-0.27886588164545234	-1.1609320642508596
0.5611495315296513	0.13044569557717445	-0.10463508788599077	-0.30963889983505744	-1.040582487261886
0.5896105403395502	0.1432889421524693	-0.12237987840117093	-0.33768412402785225	-0.9320675499799655
0.6383266544902222	0.17149725690866252	-0.14419421582906533	-0.3766219917759567	-0.8183200326900439
0.676383638570236	0.20311748890860626	-0.14055218523689525	-0.390008646181166	-0.7131091693622935
0.7323895410105099	0.20661480682777295	-0.14676250922838602	-0.42140722071318987	-0.6005135045875423
0.7832568962276285	0.2228297898616951	-0.144160299820015	-0.46044971500824783	-0.4947538402145497
0.8330349081331195	0.24507169255360364	-0.16881472330803296	-0.5044626941126685	-0.4256349258462786
0.8737851397789355	0.2698173327455444	-0.16393435299703862	-0.5421035852274081	-0.33694111304427277
0.9380945567802201	0.29575383320643434	-0.17858885329669744	-0.5989271410274861	-0.2839723357029409
1.004019495574338	0.31039701955874893	-0.1866648213378315	-0.6354201233970879	-0.21381643440225706
1.0735483415557001	0.343674914851702	-0.20719017088475744	-0.7135017965413009	-0.15920801603193113
1.149976033101755	0.3418944224992167	-0.20779212116094686	-0.7531317051294539	-0.07160472132247264
1.2266802027604091	0.3786138300614928	-0.22123557740786345	-0.7995230039414997	-0.06303408081045381
1.3121730252969952	0.4210917488407952	-0.24066921210158868	-0.868040357849878	-0.020033300430814638
1.3834177159085383	0.46181029773794674	-0.2516232546358181	-0.9428152267782828	0.030922777647662936
1.463973711945016	0.5056500664645882	-0.26516692161772754	-1.0015080975614614	0.07069772641421157
1.5292193915386565	0.5279060057640943	-0.2711447109715812	-1.0698168923645723	0.08768829571590037
1.5693635389674232	0.5568013869219514	-0.2847756395138036	-1.1714665044691936	0.1038557974535852
1.6178613191669498	0.5871422126470093	-0.3262265801716174	-1.2501212607737284	0.14915111624187283
1.655936440316486	0.6193361537283699	-0.3530434948163432	-1.349617867681648	0.17112016526403848
1.7003195244974072	0.6733521096003363	-0.40637063689667957	-1.4642979552080624	0.18535771069061907
1.7188377497759013	0.7107075310915216	-0.42311362951737674	-1.5649189221384643	0.19918830752506045
1.7460407158538291	0.7626029626707853	-0.44310686773135954	-1.6561698473254358	0.2280680261354494
1.7414093104674273	0.7987948634298052	-0.48218939709805153	-1.7688232463305362	0.24083846232246348
1.7543410710414695	0.8527910763571176	-0.5455522886809046	-1.8388051522622026	0.26437350840623586
1.720602831686266	0.9129358310922054	-0.5983914517937253	-1.9351087249483132	0.29088267267971046
1.6775250957359185	0.9736315471502088	-0.6447195524860261	-1.9969940095236773	0.3071824665526637
1.6160419336941996	1.041245659621309	-0.7003260952748598	-2.0389729897013313	0.3230810395642385
1.5511132800096163	1.1161366529128767	-0.7515048055961836	-2.057810883485723	0.3488517020737015
1.4706553081395164	1.173745891974019	-0.8348027318975834	-2.0473203748471445	0.3746854693815619
1.404928816579878	1.2427551753761445	-0.9213196061491806	-2.047442469272434	0.4019132071933341
1.334316345811971	1.3309498134655682	-0.9615642472541112	-2.0015682039622527	0.4254582386061614
1.2333095719741873	1.3927884518886615	-1.0394311991021015	-1.942316395204645	0.4423691226425892
1.1491327645098812	1.4739238052667032	-1.133239592978969	-1.8696874872249394	0.4852792969418633
1.046542359426775	1.5338015834134122	-1.203386659332374	-1.7581704608348305	0.49204514170756763
0.976711138737788	1.5807742786907115	-1.3023429320795985	-1.6567313655211438	0.5428850535503689
0.9033720304377919	1.629559870242364	-1.4053587682476156	-1.5458005355073434	0.5789093869306967
0.8245780878817128	1.6727060048230897	-1.493783981426966	-1.4290210392265021	0.6316708529346378
0.7493091291413911	1.6997961232665237	-1.5816882689624925	-1.2930856279693923	0.6641570492069422
0.676012268581057	1.7337156655769779	-1.6915284541952667	-1.1554528958051258	0.7221184980627375
0.6193785373136712	1.7472272432508695	-1.7752860892598097	-1.033003632304379	0.7675707620423491
0.5594297676021225	1.7422732524383024	-1.8601073324456288	-0.9066171264721395	0.8151308990809105
0.49194491316911365	1.742070874732724	-1.9555245971759367	-0.7893619655672182	0.8647469090018344
0.4274002724888635	1.716567210335893	-2.0124397080957395	-0.6916052279583045	0.9401650728232938
0.40413962892164035	1.676942743972714	-2.0460937666517394	-0.5846307914162612	0.9899507562416121
0.3663710753607414	1.61190733101547	-2.054042080881581	-0.4846919049674837	1.0330449564424757
0.31719062008367616	1.5566833188911549	-2.038736057243259	-0.39655594494827767	1.1078678508980588
0.28912511488759407	1.4811436110210972	-2.030739648371531	-0.3101500814159471	1.1710570020032534
0.2559726957507176	1.4170945261864307	-1.99277936664641	-0.2521015718601167	1.249577160240611
0.24157188021327847	1.3328583046953322	-1.908561179329347	-0.19058203985494337	1.3132260886573466
0.2113739972465475	1.2435642670877614	-1.8331764664845185	-0.1310989160139413	1.384573101285564
0.2002280263309355	1.1522267597024431	-1.7411330394136724	-0.079276723664924	1.4584238232917288
0.190735566608347	1.0419859126437623	-1.6326181615105495	-0.0595899471700877	1.5226282582009367
0.16966462841652963	0.9823777814761336	-1.4906986559635305	0.011144491493619402	1.5774940782648565
0.17121208349760597	0.906710483873682	-1.379784506881431	0.0386611436676394	1.6308210788632174
0.16703302605154358	0.8164159825289723	-1.2515800344708512	0.06117665117907045	1.679981732657648
0.17662677707850133	0.7318235119563353	-1.1357815299480447	0.09385560096640766	1.7198651472715123
0.1609655525314937	0.6706192093748395	-1.0090185801885265	0.12561611881983425	1.7470247534269454
0.13757665938423258	0.6328030692977717	-0.8900554036057503	0.1505187591869715	1.7669167970775472
0.14328154930299442	0.5586929848803225	-0.777025253554502	0.16643381494621567	1.7492093706113547
0.1606166897189985	0.4913610377666443	-0.6726755606326399	0.19096355408175097	1.7482804569598607
0.16375914741106404	0.43661462773881654	-0.5700848412625931	0.19404130416690024	1.7285665758083515
0.14105927871113366	0.41903793181751436	-0.4806455844036894	0.20694157660607754	1.6781181347383287
0.15319873641108217	0.3602385564622731	-0.40379321908664945	0.24683354019618908	1.6352119918042956
0.16933406263942516	0.3247926531161886	-0.3162235047470546	0.26296343183397997	1.5937133222717268
0.15950467712871408	0.2992885118215701	-0.26111041387375655	0.27325504551312085	1.5153214740682592
0.16544377062026297	0.25949058184780804	-0.20735980056840808	0.2985771803006596	1.433560486470033
0.17626148284876103	0.23186747390798979	-0.14246126767782075	0.3133220759296983	1.356278908468581
0.17100741886061685	0.19347226299112186	-0.0796958479794595	0.33369096300040724	1.267679173618144
0.17497039712849963	0.18017020611317622	-0.055907216295690954	0.3601909187978697	1.166204756653868
0.18943659103323396	0.1630518922745633	-0.014028512776775082	0.3887272783219821	1.0730933428563112
0.2128968793521741	0.16097079179575105	0.017259372659498062	0.39958751301416057	0.9961677646848457
0.24102323562160988	0.16153942736789653	0.04456486960434425	0.43306630651321093	0.9424237544184684
0.24835669527229376	0.15616319621212893	0.056759012104936724	0.45964552647579116	0.8657526066706669
0.2630188613933905	0.15505095923176376	0.08677347374290915	0.48074574012778315	0.7971949342438326
0.29223003029268063	0.1388848498300943	0.11490830521062516	0.5007994498766881	0.7389242302833812
0.3247100195037662	0.12731432514892732	0.14344401492845266	0.5262846719629046	0.6719731208390136
0.36522831046949217	0.1333662964368702	0.1676345871093231	0.5629823790500674	0.6257214377906558
0.40248595362731665	0.14067479962683999	0.19495335190804997	0.6076340026658695	0.5804637225937423
0.44591887053003687	0.1588952128511384	0.21889132738754635	0.6321925025410824	0.5203981431037827
0.48074666589026027	0.17840591813843582	0.22994858309584076	0.6826806672107162	0.45779938366563505
0.5143324323640808	0.16939701275610686	0.256633077037122	0.7363528130612833	0.40748984788834064
0.5755072068256674	0.16903366005329407	0.29589659691080883	0.7845687097851235	0.37011304691816166
0.6382023242315842	0.17370793667988066	0.3051477305629171	0.8541897277134923	0.3307658784862699
0.681494491535438	0.19542421383334704	0.3131519214220365	0.8914974028765836	0.31413354026406315
0.7204812970626846	0.19609024085668675	0.34707228853358174	0.9483533820082193	0.2775035044267567
0.7806580201794422	0.20267383812075668	0.353563677287756	1.023968676736736	0.25319930919107936
0.8473097399290686	0.21139680733488692	0.36662027296295474	1.0817163272024346	0.2345861050106092
0.8931289404052585	0.24100300004454805	0.38275165670785993	1.144181017946688	0.21886325731581344
0.9855961593535875	0.2556839040893698	0.40950311112355675	1.199767477686288	0.20143499895306527
1.0613571372313544	0.2563899898034289	0.43652489869936073	1.2764850323788286	0.20300467904508132
1.1401198485536743	0.2912211600460751	0.4566127656371507	1.3330627469569885	0.2022635974118442
1.2184335664251287	0.31320840604938427	0.4810644511102353	1.3763252710870562	0.19628074847643995
1.290768622433236	0.3576249953454739	0.5038311869378029	1.4319275182027624	0.17184355904791832
1.3933259352623812	0.38942221677362776	0.5374476076533291	1.4867589158643613	0.16061802119436258
1.4968126620982702	0.40764890778598284	0.5787268691198885	1.5540343945000887	0.1672477231621236
1.5904215957594583	0.43459324382764625	0.6161795183289832	1.6343946170917252	0.1670361306867426
1.6716489863329893	0.45657415268778173	0.6743114287616971	1.6797534689240945	0.18173561475499922
1.7382210185533307	0.5020899412434692	0.7213761388936124	1.7095704665996365	0.1761753546476052
1.807852306552997	0.5559331200184461	0.7635091581149827	1.7336539405910893	0.1757469921391693
1.8658146722118798	0.6274538622299913	0.8328069249388782	1.7541290470014008	0.18640493786644202
1.891622966799479	0.6829191927819483	0.8894445204222856	1.7355077692813483	0.20271379681070106
1.8988856558989011	0.7407592366189152	0.9399940166568101	1.7103539123772502	0.22506378443892122
1.8907544142968964	0.8063131062032294	0.9738215242406727	1.6909878233159281	0.23199421823494992
1.8467467148025918	0.868324406174339	1.0207825793220207	1.6694008546517773	0.22777235490780956
1.7922299830959298	0.9277225930414088	1.0843808695921582	1.6425068068633175	0.24157772102764713
1.7443567202728423	0.9922676345837614	1.1318284507468825	1.5960082804215872	0.2783302099609748
1.6681191791387762	1.081432247982749	1.180431047516364	1.5445227016326144	0.3113530037157634
1.5601141686888758	1.158494758913924	1.240481282259494	1.4767982106478965	0.3086913664472196
1.4604194415127274	1.2508603442456052	1.321071277355105	1.3876335762228338	0.3411110404382459
1.3773128435600732	1.3246398330190479	1.4011538400028969	1.3183338950502521	0.3629121290329902
1.2822620609799822	1.405459074960104	1.4637414595748923	1.2498653186694995	0.4017332354802445
1.1693225198459163	1.4702851667503798	1.5213105330444179	1.1330118618103802	0.4115549283231501
1.0727089190553356	1.554573451259282	1.5746850778136532	1.0564686696066372	0.42703627665434213
0.9448911665624748	1.6470683950595832	1.6256447875864706	0.9724291069698052	0.45746648675681845
0.8350435773276621	1.7174892610530323	1.666479123681892	0.8907711043420974	0.505076315521021
0.7543852043030218	1.7688696032754119	1.6983054900165486	0.8228767105615046	0.5639167923486933
0.6634032336410807	1.8264434542950951	1.7190348308090277	0.7467387342257055	0.6182621409357082
0.5661749599481971	1.8606178317796753	1.7428580377495946	0.652725654983066	0.6698000361934828
0.48802390114815175	1.8667237663912721	1.7265529488338394	0.58859440379541	0.7249294245309936
0.4188947638433933	1.8854051767368065	1.7130207492897171	0.5345443895920513	0.7945563646022304
0.353991827006772	1.8783334449392335	1.665610044902044	0.4647919220124725	0.8432496613060086
0.2934319357440634	1.8442849683751408	1.6042460664521792	0.4285345307923105	0.8879640535531426
0.22933749853746022	1.7734247532437397	1.543042950306167	0.40298954687432603	0.9488498902808433
0.20280531883219455	1.7038702637243697	1.505000273901468	0.37040963932933635	1.0354616893167536
0.17563391358442781	1.6079412521312486	1.4315866758268554	0.3513008143554581	1.1288345461936897
0.14280013710513428	1.5124806869223593	1.355675102929197	0.30424363042913727	1.205349254018897
0.10214507504061049	1.4143030742847287	1.2720422851086601	0.2852104824758539	1.2902897811855465
0.07680297986068592	1.3155284214535756	1.183993560802982	0.25829639942691984	1.3782178465880668
0.05680429720464994	1.1956604530646138	1.1042019770830311	0.26350575226809286	1.4466839008578696
0.030894945908810284	1.1001517143330592	1.0381014107622362	0.23509910172022686	1.5281048333029554
0.020001329535699663	0.9980979391462362	0.9464787533025839	0.22288408688379907	1.600480030910409
-0.017766060975883624	0.8896411515942073	0.8691361307758385	0.2138660709708588	1.6678646965162105
-0.017318206035066952	0.793895251943387	0.7824012552927375	0.20955223036088788	1.736381025399937
-0.025608181800970343	0.6971935279681639	0.731453608437492	0.21034921983737648	1.8035313222698872
-0.038821588502596885	0.6166456798985311	0.6505145115986152	0.22583345354878026	1.826809891871508
-0.04766224526134866	0.5197031982700073	0.5962061488920476	0.21082262558719111	1.8570543194935112
-0.06167890222323358	0.4623486584306008	0.5104341012288793	0.1960865267047409	1.857617907477986
-0.08922604581081922	0.39022158450841843	0.4568924637949985	0.21301705900946516	1.8673113130191976
-0.0991928268007789	0.32066401181876014	0.41374864858359034	0.21009371949015132	1.8563488391463332
-0.09642441412224817	0.25725321411077173	0.39133423564371883	0.2156334978601931	1.7958546347551436
-0.10719278019300715	0.2320521194775398	0.3602364767129741	0.21127987661652703	1.7262374851351698
-0.1016315497070564	0.1923353233675839	0.3183919998884093	0.21790723082091806	1.6621478195032464
-0.13363244835114196	0.16183754569360476	0.29293355606458255	0.23927200851158215	1.5592727370744293
-0.149339781110865	0.12275037678941836	0.2673482175399405	0.26198257801028335	1.4647491505852646
-0.14790789785375072	0.08371356124427656	0.24967681704858036	0.2835687295142367	1.3502123655986111
-0.15080437870074448	0.04738804763510099	0.23094988034266462	0.29892216723695164	1.2284175834021906
-0.16764831817724402	0.014322891896658363	0.21126908132505529	0.3128028916198022	1.1178244145898597
-0.20141966055404004	-0.0193652165239665	0.20967287352436753	0.33840343926559574	0.9881389064027347
-0.23302187066933705	-0.037085877667295236	0.18300085122215193	0.3866241720081319	0.893001653266436
-0.2336733894329977	-0.03087273981105032	0.18102013070262865	0.40527157341775893	0.8122850196116935
-0.2493728865869671	-0.04859908100773412	0.1656046153547768	0.4177108790591064	0.7269347370094182
-0.26690370942271807	-0.06945152687251785	0.16099651580489488	0.4431358064976568	0.6562083790501485
-0.27515675451893695	-0.062323192323503876	0.1734003986641267	0.48134817992171086	0.5871223891670231
-0.29658688595546345	-0.08529579412187571	0.17727062601886973	0.5173140717948777	0.4799213339884504
-0.3138147962922343	-0.09272654262429227	0.16738888832478835	0.5703666608863959	0.4092039784754916
-0.31847860828873586	-0.09989271512369674	0.192912626026288	0.6320159457690645	0.3228108983697254
-0.3559320389650496	-0.0966741136415368	0.20333655239744702	0.6949119695545188	0.26594421679416963
-0.38853785670361973	-0.11199509876426336	0.21312323167562122	0.7551225482339006	0.2343542487524634
-0.43251107063603633	-0.13469466775320704	0.22179264556032063	0.7915307053133549	0.20476727936778086
-0.46774923765008986	-0.1552360249385047	0.24045753132989245	0.8592456213497205	0.16666266916052605
-0.508664078717816	-0.16455152121456695	0.2761305670926032	0.9258248918637146	0.12194829583133648
-0.567170241500342	-0.1585961711973909	0.2880722106265585	1.001063549115638	0.08549933198772286
-0.6156189739815134	-0.1657527068122837	0.31182864143669475	1.0878785069651395	0.06929559173775056
-0.6800526933022165	-0.1876348342846743	0.3397883889634624	1.151904275703011	0.015850157476645144
-0.7431891165304629	-0.19088921786998445	0.36801962363140495	1.2289633973509542	0.014516762688512541
-0.7744222862739425	-0.21696158644404084	0.37711649516651213	1.3265279366414122	-0.011107934434048394
-0.8483873902416446	-0.235969850162775	0.42092280495023776	1.4152477806908323	-0.016473000592835685
-0.9273032775617842	-0.2414399505802533	0.43778138294707614	1.4965755359656094	-0.038076246968210326
-1.0164677034899352	-0.2742225799656387	0.4768786576857584	1.5792526090294077	-0.05854028562718444
-1.0823691028902462	-0.2866289167478881	0.5180844483671501	1.6635907423308318	-0.06835716887398982
-1.1672989941274263	-0.2931202624371093	0.5652071331461685	1.7393264074175718	-0.06381948000661203
-1.2425300937799666	-0.2949098473951976	0.6167920508416813	1.7805457206535789	-0.08443791627630659
-1.3233908044747098	-0.3148330404190882	0.6811630024807775	1.8239343967615373	-0.08121690022168415
-1.4110658345933675	-0.33814383181281826	0.7275735171005788	1.8599057455666979	-0.08150005546558062
-1.5071763720409297	-0.38219652191138287	0.7682820481818515	1.858806767141079	-0.10891411286555674
-1.6170042724473834	-0.43099042069720517	0.8321546892087143	1.8565436760425933	-0.11087594972665493
-1.7169298410400153	-0.4286588281311038	0.8702320012345058	1.86944895134266	-0.13813623283517593
-1.7995216209009524	-0.4627842095545632	0.918276955509107	1.8488079163206086	-0.14455887620540697
-1.8675766336459145	-0.5105490689322123	0.9838139223771932	1.794666709734735	-0.1648905087196833
-1.9396147504477543	-0.5653278229621054	1.0647162160992465	1.75924221058103	-0.15837849705960205
-1.9906659255973689	-0.6154106716498638	1.1435652458070864	1.6754099679250944	-0.1578932359691771
-2.0418420631298577	-0.656146019893016	1.2143020435099385	1.5914435336571797	-0.17283245979178496
-2.0543949023696317	-0.7186380589806904	1.3115352340873736	1.4780977326575624	-0.1804354338859412
-2.0505366860693703	-0.7545152615821551	1.4122020599459404	1.3782986223285578	-0.20284583654392851
-2.0392668286996654	-0.8253308782733122	1.4747488039110603	1.269559622519548	-0.22194516273674203
-2.001084845531664	-0.9050592890040101	1.5580140117398715	1.1478442780281881	-0.23703763564702068
-1.9037494437091447	-0.9676325613024515	1.6494807846946817	1.0537047963198058	-0.24490882707826223
-1.8313722111837214	-1.0337216410337389	1.7273501721286544	0.9345857296646611	-0.2796400995289853
-1.736942899353101	-1.125482074383624	1.7731245936882727	0.8265039215147438	-0.29504656980458577
-1.6202356062104029	-1.2175400438434978	1.8078249008128322	0.7392845349598695	-0.2876126008192974
-1.5136066214309314	-1.3236970209644445	1.861736007458151	0.6550066483462287	-0.31101847453824805
-1.3843782731827046	-1.4192092015882993	1.8722624890097235	0.588310419949096	-0.35272029977977926
-1.242858635188835	-1.5186953590522871	1.8781445224724986	0.5342006267979819	-0.3940327831621576
-1.107514769058308	-1.6179396989975565	1.88816866743697	0.4724203118632673	-0.4250848554177815
-0.9808243207459748	-1.72050939755079	1.849589073739064	0.39401057960680397	-0.4388709464452303
-0.8649665469580028	-1.799515734930103	1.811500145516047	0.3344705391817958	-0.4657011658046907
-0.7578872818888742	-1.8758979785585734	1.7493753297043497	0.264247733124352	-0.5270940277824445
-0.6556861039970336	-1.9474657906087975	1.669424147925604	0.20366898533462874	-0.5751814679131
-0.5618693129358735	-1.9971248633066312	1.5864020413338071	0.18201843593442296	-0.6179726399713504
-0.47994457324806905	-2.0359930633133603	1.4756070646575195	0.14830632213917233	-0.65595859847281
-0.40600325091847067	-2.0491843867877133	1.3812983774963654	0.11522639833613543	-0.723778103414161
-0.33030943481554353	-2.0473982293605366	1.2782746851411573	0.09320624523549165	-0.7416820617943596
-0.27314783259071695	-2.038042361024891	1.1590198504366227	0.058416730764061814	-0.8108860762517665
-0.20551341833641268	-2.00323335845365	1.0565924621178095	0.026992993303989854	-0.9061860624118139
-0.14254351822323916	-1.9161095920429796	0.9432838213119346	0.0028137860423345096	-0.974479849381982
-0.09712888276718756	-1.8207525437871843	0.8447706520773658	-0.01151421879504172	-1.0449644492756174
-0.05934267559303774	-1.747459913757531	0.742716135314219	-0.019329667783324178	-1.1067816721119557
-0.014173441497132566	-1.6426531460962261	0.6707557603044505	-0.023674887325620786	-1.209140305309299
0.019540888668305362	-1.51778660907584	0.6055224917242663	-0.06474752372549375	-1.3146023893537104
0.0447973511803097	-1.3985797826713013	0.5346966808167579	-0.07099904392792067	-1.4158188978240904
0.08259659507877032	-1.2495146686315701	0.47599945300753493	-0.07123944848941621	-1.5211561141534709
0.09621633767858434	-1.110457584593239	0.3896035127959185	-0.07586153610313662	-1.6186471768621344
0.120141352061087	-0.9779578973815837	0.3291875622457575	-0.08711223920639011	-1.7224111936185673
0.16100136856661895	-0.862753411472907	0.2708539503527716	-0.08510710600396551	-1.812995886390445
0.1906359230217962	-0.7438644416006611	0.22318856503916784	-0.11220987137666719	-1.895372390074805
0.1884463155092428	-0.6552482213161281	0.16501081272419016	-0.12471569469664417	-1.9686553585808735
0.21813635088030936	-0.5500958445680317	0.13143932886388843	-0.14378652980433115	-2.0164396205085584
0.2330400186192449	-0.45823515019138394	0.10475035884435471	-0.13698741483706167	-2.0501003801456563
0.2625106906089913	-0.3816746092868827	0.07834811051471435	-0.14406170691051615	-2.0700845790366538
0.278077985140592	-0.3092113626078198	0.04895883747819296	-0.1516165607954015	-2.0643762543485935
0.31169504316270763	-0.2613848663903285	0.019834283332784225	-0.15885967372316023	-2.0439770281521485
0.33521443314464516	-0.20097437872267987	0.006253115582469049	-0.17037922050126184	-2.0178777762674134
0.35958202608409007	-0.13031617643128846	-0.02192476976108365	-0.19549248664090285	-1.972314809496948
0.37849771443799696	-0.09322568643111295	-0.048559159943662555	-0.21009595085164992	-1.885579644978955
0.39376412664500526	-0.06904919449237942	-0.04669843161914261	-0.20547620867905586	-1.796360906163004
0.4429473445346086	-0.024265550949954307	-0.0680891006050296	-0.22075820581166739	-1.7169176518490248
0.4700671243459049	0.006619984625763742	-0.09724683985386895	-0.2494591180556961	-1.5950064436236175
0.48484202186731995	0.061121439063596295	-0.10804513194964954	-0.2515879574532564	-1.4717687937865607
0.5128111193746933	0.07683923378620305	-0.11122597080195684	-0.27258289589410567	-1.3294301576485692
0.5362285167042338	0.1122611418801171	-0.11284353000276423	-0.280006041227574	-1.217754879250747
0.5629505147231497	0.13128223700299946	-0.10519399538061455	-0.30071575038317144	-1.0971770874772395
0.5838912049736703	0.13514165662902128	-0.11839780896655598	-0.32557747322793135	-0.9746558902184826
0.6238236018672839	0.15355754831273866	-0.14505090250387181	-0.36075701249742	-0.8753240319712347
0.6633373978297514	0.1968755468460261	-0.1530501602124393	-0.3828471625654266	-0.7681236794214719
0.7161112489623102	0.20896268387663136	-0.14846449795388106	-0.40929127674401994	-0.6620555229146518
0.7566612105263717	0.22241500222082508	-0.14800591059071155	-0.4391055080541395	-0.5590551027303037
0.8062508205160339	0.23457766104603373	-0.1597714062200949	-0.47689470084789154	-0.4750476912795989
0.8461546330095049	0.26523590657167956	-0.1648235547970644	-0.5095562478428616	-0.40042878030175766
0.9205644339848437	0.2807319296783747	-0.16733995920762895	-0.5542645201615586	-0.3200033834657985
0.9801446057519472	0.3012466957505041	-0.16392115024495668	-0.5958477165708564	-0.2509497392074873
1.0484234858192174	0.33778359392058516	-0.19731383525754	-0.6549316479587065	-0.199648234845208
1.1208533449190157	0.3528849061499163	-0.2135356756611113	-0.7136422194319201	-0.11253776151488415
1.2006313723203097	0.3702462505919609	-0.20840833486478139	-0.7792160039950523	-0.07966172518881809
1.298265398644165	0.41069925675401886	-0.24242183468928782	-0.8425024250405687	-0.03652947849299659
1.3593697963096614	0.460357360003397	-0.25773521983662334	-0.9248483731080347	0.005062455072835204
1.439909014475648	0.478804372810433	-0.26122426729168585	-0.979217334488997	0.05191214279512546
1.5060864909049974	0.5082142173430402	-0.27387860729843977	-1.0544033171679783	0.08697629629113679
1.55765455734407	0.5456727573278868	-0.2753109427879018	-1.14927301767691	0.10124021650454795
1.6035054556049044	0.5834951411009637	-0.3197059085316485	-1.2202706446317224	0.1381864314222785
1.6507648171689224	0.617522229063806	-0.34918380420978534	-1.3245631632451957	0.18224445364034392
1.6869804327444382	0.6803349361531978	-0.3911917993053666	-1.431478848803886	0.1905251073492607
1.7257239552031114	0.7192740379869951	-0.4083268898321818	-1.5444070941970445	0.21250950200715696
1.7326101720035034	0.7756618935696005	-0.43626669873591806	-1.6349944895449124	0.2287022964841511
1.7334259532150678	0.8089188958836127	-0.4742243774159889	-1.7465578268016326	0.2482673587921397
1.733824580899454	0.8690276964883265	-0.5345171740725663	-1.8270118506619264	0.2632359472408068
1.6923337474493065	0.9241045820574574	-0.5784278746447133	-1.9074830355269505	0.29217249980566107
1.6627931110735623	0.9849619518959137	-0.6204408326300797	-1.9741513490324358	0.3241074575266886
1.6129868565269612	1.0544539121595713	-0.6714039955064542	-2.026872150630691	0.33100235001705836
1.5449463404165213	1.1153969670716117	-0.732435891130027	-2.052678849257984	0.3466112609163846
1.4747637247839367	1.1667543778923906	-0.8109928630572165	-2.0552491724695354	0.3826148097258326
1.4096514727109652	1.236099270324573	-0.8683066449901372	-2.056956224367601	0.3991860181436748
1.3444797078017134	1.3116256199577045	-0.922255399649724	-2.0559154266520734	0.4204334392503753
1.2571563106497883	1.3619484121461762	-0.9820508072538318	-1.9993140600605575	0.45491899135675384
1.1783967765093109	1.4335593024609048	-1.0591550408105508	-1.931543280431324	0.47787034990499366
1.102137418788324	1.5038162676534652	-1.14647995141853	-1.8455956655598773	0.5065558298507974
1.0048280547508908	1.5530619365984035	-1.2257173236436736	-1.739993759691289	0.5283987359820327
0.9330429497311503	1.6075702525966564	-1.325476513904729	-1.628531201433458	0.5643834131082313
0.8634485453797427	1.6489645110661417	-1.4258484335742143	-1.516509967964835	0.6203759716987052
0.7817849288830847	1.6794638455737292	-1.5194422810182215	-1.3894713046900438	0.6722261573893298
0.7043568127979052	1.718750863987283	-1.615863432369546	-1.2398229800668434	0.7104709113085004
0.640930509496182	1.7266682619922187	-1.7330783941885384	-1.1374456312230403	0.7618466258402649
0.5794335479865098	1.7305788336694607	-1.8009382025207645	-0.9973762765291883	0.8068407605308666
0.5345051976811521	1.7167808703440932	-1.8917493059943011	-0.8651597310027006	0.8731265698255763
0.47379618158843384	1.6820885379289838	-1.9620019262572859	-0.7593723787689619	0.9364569378542194
0.4164239697116674	1.6564952118216199	-2.03162107255359	-0.6448707225955908	0.985625264159077
0.38131668842294175	1.6259530883618272	-2.0608684191685342	-0.5351402279716928	1.032380395894666
0.3395843501862791	1.5640226382771196	-2.0493680292994787	-0.428628839481059	1.0761019809881696
0.3074183095524992	1.5023407419930765	-2.031204152112394	-0.3390570768440601	1.154313750186445
0.2737814090371484	1.4318809159846928	-2.018395733399733	-0.2780612717640164	1.218091268197023
0.25153056810090035	1.365727256461782	-1.9552266740523436	-0.20381123592617367	1.2840110181390942
0.23395670590818762	1.2777914485602475	-1.8749054929628377	-0.15382920197748806	1.3597180957552604
0.20841953566266797	1.1836121909045274	-1.7802023075402635	-0.12185640327742209	1.4324157813236733
0.20611833078687314	1.0832553217803165	-1.6815985598244259	-0.06448061212193018	1.5047345362722941
0.17855243995253933	0.9965957882906497	-1.5635759415564487	-0.017742477239166887	1.5534495042104446
0.19126863284805007	0.9389622955512211	-1.4645762923180548	0.038124974391949173	1.6102256000467237
0.1834170543102864	0.8646348865497606	-1.3477074100383704	0.045529442612843585	1.6550718749306388
0.17534909776866542	0.7641976124797032	-1.2131790521703723	0.07440882749768374	1.6916130030961418
0.18372676863488774	0.6900283977159686	-1.0928066044246183	0.10726584494869462	1.7277300045662662
0.18024481373827583	0.6252835840468838	-0.9649490050623343	0.14682848685603445	1.7456781592821864
0.190693095377106	0.5618441623643842	-0.8544634512369204	0.15374265202802007	1.7437350117394668
0.2155706088854955	0.5225654921172355	-0.745576670643564	0.20707141963152031	1.7079642930093946
0.2106974676624977	0.4574211976455617	-0.6302136950852987	0.2243603490519357	1.7060153329911552
0.17492086489029401	0.4118547178593426	-0.522657653454019	0.21317138962723375	1.6716941385938493
0.17420982022167297	0.38474568107485946	-0.454095324461498	0.23617448437215055	1.6371261373489068
0.19620971663590434	0.34624319688466176	-0.37745804705907904	0.25754630789923005	1.5956833259563108
0.1958771071337666	0.32737407438112665	-0.30264448959690327	0.2752053555785328	1.5428776304300467
0.19723135841072378	0.28207638143813063	-0.24498608284279588	0.2956095913852711	1.4448513494706465
0.21116189685399245	0.2563171551495172	-0.17028740993465807	0.32289885390054845	1.3735276909154903
0.2092719426772894	0.22834108763887595	-0.09620732032611468	0.33961351062561884	1.2920837929716793
0.2129939848176533	0.20299952933901028	-0.07796120727565486	0.35540031779141434	1.1939804933698677
0.2235979135528674	0.18577037992552975	-0.04365400158372862	0.3794663349378582	1.1156044488615058
0.24695869718970365	0.17343550021110615	-0.0030761572584248054	0.39788578919744655	1.0352480791546115
0.2646515162204779	0.18826392310654616	0.021732531875235522	0.41473302651895694	0.9681315794425328
0.2747330897624648	0.17936502758362718	0.04379760117895981	0.4456130789604962	0.9009519759527747
0.28105193288801017	0.17234883048697805	0.07281474611367289	0.46805868084513536	0.8328424534848274
0.31582991786758896	0.163390837973599	0.10530873247538525	0.4868468697642915	0.7739655432503217
0.34237941074841494	0.14614273749274143	0.1294210698834047	0.5140660754581384	0.7149737766103038
0.38440400313503653	0.1382841957510672	0.15510550408585178	0.5470720362971705	0.6579626682791611
0.4211145391340494	0.15021037613167712	0.17193987857898768	0.5899462822014712	0.6035354889465467
0.4601959006738844	0.16212055463229327	0.19664646971425073	0.6414198283834075	0.5485186120494148
0.4986934417226808	0.16817679498311794	0.22159186087984217	0.6805891702598057	0.4832066177624919
0.5250260437554753	0.1714119520655433	0.2533440179438236	0.7175065100731728	0.4164847710352597
0.5869010684394282	0.17636721216066475	0.291959342443648	0.7774126904255902	0.3883900546531768
0.6334508348631366	0.17438920395355878	0.2933893821174674	0.8216735796634939	0.35876910306547016
0.6742052198925045	0.19641266378256028	0.3061240160921222	0.8557072985472894	0.3286517985824453
0.7183756918135854	0.20632582490737256	0.32422917861123923	0.9080645205544907	0.30505849671454943
0.7712127685195037	0.19994390963678083	0.3279324406611148	0.9703625654735315	0.29085306615827666
0.8369061302568515	0.22894467000686222	0.3456563962549602	1.017663871887233	0.2762057987221853
0.8865223138910189	0.2434433475928421	0.3703555200501676	1.0673706832568925	0.2487629894848157
0.9502943571075495	0.2649846590264226	0.38576769824285384	1.1290071206746604	0.22364487348907963
1.051884381110959	0.276528870238581	0.40253589770907494	1.210708353485171	0.21547685811177045
1.1273993715495998	0.2789441861121573	0.4339535079781965	1.2849170261455178	0.2262962345240063
1.2048784629849891	0.31139427619663346	0.4548670245103043	1.3231455047106366	0.21077203704297792
1.2667264916624004	0.35722347085272477	0.4896834710157719	1.3911837310860866	0.1970718882106497
1.3688400441106485	0.38631839753980995	0.5005795448304315	1.4409906156997068	0.1810545435681088
1.4709124401074862	0.3998748383947721	0.5458239048959505	1.4789538341697224	0.17788567162446975
1.548304966653104	0.4202215100837129	0.5886399989261917	1.5456663887172657	0.19810521659097902
1.6285525194094252	0.45828742782662785	0.6113547564563532	1.6062762225580394	0.1834297223015201
1.690452812357289	0.4875150929092578	0.6654764095005573	1.640136702036321	0.18376445892433318
1.758699640128186	0.5342460770396993	0.711902159971472	1.6757713944969992	0.18388590768225194
