-2.1169659370980254	-0.8500566875861442	-0.09814068228025856	-0.0015130305449480089	-0.22143338129479315
-1.9845047769019675	-1.1316311341444725	-0.13874255129733648	-0.07306006591832753	-0.15095285973193492
-1.7710005343953965	-1.1023905341344873	-0.1608844284641803	0.008388990929281123	-0.21071887045240126
-1.6919837958586825	-1.2669284883734384	-0.11936335383496516	0.019782136056056845	-0.28177613284767244
-1.473693545295627	-1.3216742099899554	-0.15870441537065366	-0.01565080770545754	-0.33180643128675846
-1.31562295287647	-1.4798159124193087	-0.14495617099964714	-0.02491377691131741	-0.36426849664248273
-1.2233477281498564	-1.5949639097902912	-0.12714136580317953	-0.00497225543994095	-0.301642288198548
-0.9670127852261833	-1.7600422723326024	-0.06315368811913008	-0.07135150962820833	-0.34152847017425997
-0.7927046054110939	-1.8940875420300811	-0.06634820725034052	-0.05521813409551751	-0.3524849311848383
-0.5815766010899301	-2.0846849370176153	0.02954470100470162	-0.05892591426452985	-0.44912274862044466
-0.5700241070283104	-2.2583193627419083	-0.06408047855917119	0.06782698057277742	-0.5051964632321053
-0.3832062982437216	-2.2383946350007795	0.01569880009994766	-0.07517231645367842	-0.4124782047080044
-0.2781732819453183	-2.303693898730577	-0.08126116524232033	-0.023513186615491795	-0.5139806679702724
-0.15307621324831333	-2.3563428244059015	-0.07884650776972593	-0.04744382601701986	-0.5579967284499505
-0.05279189941155674	-2.3304715794151813	-0.0297241172184643	-0.10195129963275125	-0.6660163582281864
0.09721556111998031	-2.3407262937251834	-0.091271105872849	0.023732324652045965	-0.7234983877327199
0.16776357310258583	-2.3220864954982576	0.0001993348257418176	-0.012452674639798947	-0.7927981449795267
0.25916662610846586	-2.1753771930663017	-0.0015130305449480089	0.039324552038344056	-0.8829764626394467
0.24118184331596074	-2.1169659370980254	-0.07306006591832753	-0.0851322708969538	-0.8500566875861442
0.3757687012316367	-1.9845047769019675	0.008388990929281123	0.05663479907937529	-1.1316311341444725
0.3195039116150115	-1.7710005343953965	0.019782136056056845	-0.02807917777850219	-1.1023905341344873
0.4123950828567435	-1.6919837958586825	-0.01565080770545754	0.01752539351435177	-1.2669284883734384
0.4653380463060749	-1.473693545295627	-0.02491377691131741	-0.03345617322547732	-1.3216742099899554
0.5286326018813224	-1.31562295287647	-0.00497225543994095	-0.13009264552719893	-1.4798159124193087
0.5880923154959914	-1.2233477281498564	-0.07135150962820833	-0.09617710127874379	-1.5949639097902912
0.5151051728842235	-0.9670127852261833	-0.05521813409551751	-0.07219204921319658	-1.7600422723326024
0.5697582438036704	-0.7927046054110939	-0.05892591426452985	-0.11345197171038686	-1.8940875420300811
0.5947696993178959	-0.5815766010899301	0.06782698057277742	-0.11314147682798961	-2.0846849370176153
0.6604207905239676	-0.5700241070283104	-0.07517231645367842	-0.008147694285131804	-2.2583193627419083
0.6620148427816749	-0.3832062982437216	-0.023513186615491795	-0.1160527507252835	-2.2383946350007795
0.6770790337617036	-0.2781732819453183	-0.04744382601701986	-0.06947461170241427	-2.303693898730577
0.6899662068438244	-0.15307621324831333	-0.10195129963275125	-0.0468533872185284	-2.3563428244059015
0.6907520044814919	-0.05279189941155674	0.023732324652045965	-0.10019594295332257	-2.3304715794151813
0.7446061106818773	0.09721556111998031	-0.012452674639798947	-0.06418812307727603	-2.3407262937251834
0.8312010086896886	0.16776357310258583	0.039324552038344056	-0.14267165661518266	-2.3220864954982576
0.8403019200527254	0.25916662610846586	-0.0851322708969538	-0.07701185995066885	-2.1753771930663017
0.8892410242532754	0.24118184331596074	0.05663479907937529	-0.11711718277258491	-2.1169659370980254
0.8763025392441276	0.3757687012316367	-0.02807917777850219	-0.23133075778791418	-1.9845047769019675
0.9643319375605853	0.3195039116150115	0.01752539351435177	-0.12398892560882455	-1.7710005343953965
0.9335315777961187	0.4123950828567435	-0.03345617322547732	-0.14393596725843993	-1.6919837958586825
0.9578345923839394	0.4653380463060749	-0.13009264552719893	-0.22143338129479315	-1.473693545295627
0.9397767390962457	0.5286326018813224	-0.09617710127874379	-0.15095285973193492	-1.31562295287647
1.0325436886897703	0.5880923154959914	-0.07219204921319658	-0.21071887045240126	-1.2233477281498564
1.0840107361940665	0.5151051728842235	-0.11345197171038686	-0.28177613284767244	-0.9670127852261833
1.1378833286787777	0.5697582438036704	-0.11314147682798961	-0.33180643128675846	-0.7927046054110939
1.22220962598603	0.5947696993178959	-0.008147694285131804	-0.36426849664248273	-0.5815766010899301
1.1462863336405618	0.6604207905239676	-0.1160527507252835	-0.301642288198548	-0.5700241070283104
1.1893655847572102	0.6620148427816749	-0.06947461170241427	-0.34152847017425997	-0.3832062982437216
1.287689380769948	0.6770790337617036	-0.0468533872185284	-0.3524849311848383	-0.2781732819453183
1.2385966287457295	0.6899662068438244	-0.10019594295332257	-0.44912274862044466	-0.15307621324831333
1.3516940864202067	0.6907520044814919	-0.06418812307727603	-0.5051964632321053	-0.05279189941155674
1.3978419733783378	0.7446061106818773	-0.14267165661518266	-0.4124782047080044	0.09721556111998031
1.4193054307769106	0.8312010086896886	-0.07701185995066885	-0.5139806679702724	0.16776357310258583
1.3096239970716865	0.8403019200527254	-0.11711718277258491	-0.5579967284499505	0.25916662610846586
1.2896557481717847	0.8892410242532754	-0.23133075778791418	-0.6660163582281864	0.24118184331596074
1.3398693386718679	0.8763025392441276	-0.12398892560882455	-0.7234983877327199	0.3757687012316367
1.307320174929564	0.9643319375605853	-0.14393596725843993	-0.7927981449795267	0.3195039116150115
1.4271921912648442	0.9335315777961187	-0.22143338129479315	-0.8829764626394467	0.4123950828567435
1.2744147972028506	0.9578345923839394	-0.15095285973193492	-0.8500566875861442	0.4653380463060749
1.4331400188919128	0.9397767390962457	-0.21071887045240126	-1.1316311341444725	0.5286326018813224
1.274275908273291	1.0325436886897703	-0.28177613284767244	-1.1023905341344873	0.5880923154959914
1.241474774852421	1.0840107361940665	-0.33180643128675846	-1.2669284883734384	0.5151051728842235
1.3475927520154116	1.1378833286787777	-0.36426849664248273	-1.3216742099899554	0.5697582438036704
1.2471218414212022	1.22220962598603	-0.301642288198548	-1.4798159124193087	0.5947696993178959
1.1864847099732934	1.1462863336405618	-0.34152847017425997	-1.5949639097902912	0.6604207905239676
1.2153370553010268	1.1893655847572102	-0.3524849311848383	-1.7600422723326024	0.6620148427816749
1.1687817227643502	1.287689380769948	-0.44912274862044466	-1.8940875420300811	0.6770790337617036
1.0797046093894158	1.2385966287457295	-0.5051964632321053	-2.0846849370176153	0.6899662068438244
1.119339465398463	1.3516940864202067	-0.4124782047080044	-2.2583193627419083	0.6907520044814919
0.9119973115963819	1.3978419733783378	-0.5139806679702724	-2.2383946350007795	0.7446061106818773
0.9205454183224742	1.4193054307769106	-0.5579967284499505	-2.303693898730577	0.8312010086896886
1.0453930204038104	1.3096239970716865	-0.6660163582281864	-2.3563428244059015	0.8403019200527254
0.861855964276219	1.2896557481717847	-0.7234983877327199	-2.3304715794151813	0.8892410242532754
0.84510773239965	1.3398693386718679	-0.7927981449795267	-2.3407262937251834	0.8763025392441276
0.9156016281775705	1.307320174929564	-0.8829764626394467	-2.3220864954982576	0.9643319375605853
0.82841438094267	1.4271921912648442	-0.8500566875861442	-2.1753771930663017	0.9335315777961187
0.8215855288752512	1.2744147972028506	-1.1316311341444725	-2.1169659370980254	0.9578345923839394
0.7759461568838395	1.4331400188919128	-1.1023905341344873	-1.9845047769019675	0.9397767390962457
0.6978724387387711	1.274275908273291	-1.2669284883734384	-1.7710005343953965	1.0325436886897703
0.670051911570162	1.241474774852421	-1.3216742099899554	-1.6919837958586825	1.0840107361940665
0.773218509590252	1.3475927520154116	-1.4798159124193087	-1.473693545295627	1.1378833286787777
0.6776476089698596	1.2471218414212022	-1.5949639097902912	-1.31562295287647	1.22220962598603
0.6938765654672785	1.1864847099732934	-1.7600422723326024	-1.2233477281498564	1.1462863336405618
0.8000177668801691	1.2153370553010268	-1.8940875420300811	-0.9670127852261833	1.1893655847572102
0.7048922508003143	1.1687817227643502	-2.0846849370176153	-0.7927046054110939	1.287689380769948
0.6977681854521408	1.0797046093894158	-2.2583193627419083	-0.5815766010899301	1.2385966287457295
0.6800077668669198	1.119339465398463	-2.2383946350007795	-0.5700241070283104	1.3516940864202067
0.6817316730413585	0.9119973115963819	-2.303693898730577	-0.3832062982437216	1.3978419733783378
0.6462792022092515	0.9205454183224742	-2.3563428244059015	-0.2781732819453183	1.4193054307769106
0.6151901284452044	1.0453930204038104	-2.3304715794151813	-0.15307621324831333	1.3096239970716865
0.7928943168935292	0.861855964276219	-2.3407262937251834	-0.05279189941155674	1.2896557481717847
0.7670213902727152	0.84510773239965	-2.3220864954982576	0.09721556111998031	1.3398693386718679
0.6723013925842829	0.9156016281775705	-2.1753771930663017	0.16776357310258583	1.307320174929564
0.738737737833698	0.82841438094267	-2.1169659370980254	0.25916662610846586	1.4271921912648442
0.7282987862637812	0.8215855288752512	-1.9845047769019675	0.24118184331596074	1.2744147972028506
0.7129465365566979	0.7759461568838395	-1.7710005343953965	0.3757687012316367	1.4331400188919128
0.7836599072740368	0.6978724387387711	-1.6919837958586825	0.3195039116150115	1.274275908273291
0.7472342024483315	0.670051911570162	-1.473693545295627	0.4123950828567435	1.241474774852421
0.7864109169657579	0.773218509590252	-1.31562295287647	0.4653380463060749	1.3475927520154116
0.8088769098512558	0.6776476089698596	-1.2233477281498564	0.5286326018813224	1.2471218414212022
0.8852571021124446	0.6938765654672785	-0.9670127852261833	0.5880923154959914	1.1864847099732934
0.9021472991875344	0.8000177668801691	-0.7927046054110939	0.5151051728842235	1.2153370553010268
0.9723679612775925	0.7048922508003143	-0.5815766010899301	0.5697582438036704	1.1687817227643502
1.0251475001191455	0.6977681854521408	-0.5700241070283104	0.5947696993178959	1.0797046093894158
1.032132659998258	0.6800077668669198	-0.3832062982437216	0.6604207905239676	1.119339465398463
1.057322383593136	0.6817316730413585	-0.2781732819453183	0.6620148427816749	0.9119973115963819
1.1269563268409173	0.6462792022092515	-0.15307621324831333	0.6770790337617036	0.9205454183224742
1.1391807912085428	0.6151901284452044	-0.05279189941155674	0.6899662068438244	1.0453930204038104
1.0934999474934832	0.7928943168935292	0.09721556111998031	0.6907520044814919	0.861855964276219
1.2356097446833536	0.7670213902727152	0.16776357310258583	0.7446061106818773	0.84510773239965
1.244112906212435	0.6723013925842829	0.25916662610846586	0.8312010086896886	0.9156016281775705
1.1947093252610952	0.738737737833698	0.24118184331596074	0.8403019200527254	0.82841438094267
1.2426364939722063	0.7282987862637812	0.3757687012316367	0.8892410242532754	0.8215855288752512
1.3417310358208432	0.7129465365566979	0.3195039116150115	0.8763025392441276	0.7759461568838395
1.3277657119778021	0.7836599072740368	0.4123950828567435	0.9643319375605853	0.6978724387387711
1.4028325205551004	0.7472342024483315	0.4653380463060749	0.9335315777961187	0.670051911570162
1.3911515220024973	0.7864109169657579	0.5286326018813224	0.9578345923839394	0.773218509590252
1.3865489320479005	0.8088769098512558	0.5880923154959914	0.9397767390962457	0.6776476089698596
1.4181722106300911	0.8852571021124446	0.5151051728842235	1.0325436886897703	0.6938765654672785
1.411573414267567	0.9021472991875344	0.5697582438036704	1.0840107361940665	0.8000177668801691
1.3472984634279026	0.9723679612775925	0.5947696993178959	1.1378833286787777	0.7048922508003143
1.3251150573078625	1.0251475001191455	0.6604207905239676	1.22220962598603	0.6977681854521408
1.380503182570566	1.032132659998258	0.6620148427816749	1.1462863336405618	0.6800077668669198
1.3669019285470834	1.057322383593136	0.6770790337617036	1.1893655847572102	0.6817316730413585
1.3306150328159303	1.1269563268409173	0.6899662068438244	1.287689380769948	0.6462792022092515
1.3472124850808145	1.1391807912085428	0.6907520044814919	1.2385966287457295	0.6151901284452044
1.3096993457016184	1.0934999474934832	0.7446061106818773	1.3516940864202067	0.7928943168935292
1.2749843179923035	1.2356097446833536	0.8312010086896886	1.3978419733783378	0.7670213902727152
1.2252238642072493	1.244112906212435	0.8403019200527254	1.4193054307769106	0.6723013925842829
1.1861248776170286	1.1947093252610952	0.8892410242532754	1.3096239970716865	0.738737737833698
1.1883707713376082	1.2426364939722063	0.8763025392441276	1.2896557481717847	0.7282987862637812
1.1640302239204523	1.3417310358208432	0.9643319375605853	1.3398693386718679	0.7129465365566979
1.009749268951724	1.3277657119778021	0.9335315777961187	1.307320174929564	0.7836599072740368
1.007237113209866	1.4028325205551004	0.9578345923839394	1.4271921912648442	0.7472342024483315
1.0395036312303527	1.3911515220024973	0.9397767390962457	1.2744147972028506	0.7864109169657579
1.0007748921413664	1.3865489320479005	1.0325436886897703	1.4331400188919128	0.8088769098512558
0.9047699646984669	1.4181722106300911	1.0840107361940665	1.274275908273291	0.8852571021124446
0.825819481790622	1.411573414267567	1.1378833286787777	1.241474774852421	0.9021472991875344
0.7843502924281631	1.3472984634279026	1.22220962598603	1.3475927520154116	0.9723679612775925
0.8182566921778444	1.3251150573078625	1.1462863336405618	1.2471218414212022	1.0251475001191455
0.7319753098961806	1.380503182570566	1.1893655847572102	1.1864847099732934	1.032132659998258
0.795357072255103	1.3669019285470834	1.287689380769948	1.2153370553010268	1.057322383593136
0.7278678751746119	1.3306150328159303	1.2385966287457295	1.1687817227643502	1.1269563268409173
0.6433789186443746	1.3472124850808145	1.3516940864202067	1.0797046093894158	1.1391807912085428
0.714988487163631	1.3096993457016184	1.3978419733783378	1.119339465398463	1.0934999474934832
0.7061284559965213	1.2749843179923035	1.4193054307769106	0.9119973115963819	1.2356097446833536
0.6968915434892833	1.2252238642072493	1.3096239970716865	0.9205454183224742	1.244112906212435
0.611449169181757	1.1861248776170286	1.2896557481717847	1.0453930204038104	1.1947093252610952
0.6540244572125715	1.1883707713376082	1.3398693386718679	0.861855964276219	1.2426364939722063
0.5884789565920283	1.1640302239204523	1.307320174929564	0.84510773239965	1.3417310358208432
0.5632167692162525	1.009749268951724	1.4271921912648442	0.9156016281775705	1.3277657119778021
0.631843154450318	1.007237113209866	1.2744147972028506	0.82841438094267	1.4028325205551004
0.7794156744312304	1.0395036312303527	1.4331400188919128	0.8215855288752512	1.3911515220024973
0.6653990384499125	1.0007748921413664	1.274275908273291	0.7759461568838395	1.3865489320479005
0.5972563230467592	0.9047699646984669	1.241474774852421	0.6978724387387711	1.4181722106300911
0.6134924864344643	0.825819481790622	1.3475927520154116	0.670051911570162	1.411573414267567
0.664959512710463	0.7843502924281631	1.2471218414212022	0.773218509590252	1.3472984634279026
0.7787435570291119	0.8182566921778444	1.1864847099732934	0.6776476089698596	1.3251150573078625
0.710634852863852	0.7319753098961806	1.2153370553010268	0.6938765654672785	1.380503182570566
0.7082966158768491	0.795357072255103	1.1687817227643502	0.8000177668801691	1.3669019285470834
0.7659829565182593	0.7278678751746119	1.0797046093894158	0.7048922508003143	1.3306150328159303
0.7869182038727203	0.6433789186443746	1.119339465398463	0.6977681854521408	1.3472124850808145
0.7551312648059868	0.714988487163631	0.9119973115963819	0.6800077668669198	1.3096993457016184
0.9413551198945727	0.7061284559965213	0.9205454183224742	0.6817316730413585	1.2749843179923035
0.9119072077556891	0.6968915434892833	1.0453930204038104	0.6462792022092515	1.2252238642072493
0.9093542085612668	0.611449169181757	0.861855964276219	0.6151901284452044	1.1861248776170286
0.9047756718793843	0.6540244572125715	0.84510773239965	0.7928943168935292	1.1883707713376082
0.9637369967055166	0.5884789565920283	0.9156016281775705	0.7670213902727152	1.1640302239204523
0.9901905684334662	0.5632167692162525	0.82841438094267	0.6723013925842829	1.009749268951724
1.0109709307350632	0.631843154450318	0.8215855288752512	0.738737737833698	1.007237113209866
1.0681374286638246	0.7794156744312304	0.7759461568838395	0.7282987862637812	1.0395036312303527
1.086968318084128	0.6653990384499125	0.6978724387387711	0.7129465365566979	1.0007748921413664
1.0828549455133347	0.5972563230467592	0.670051911570162	0.7836599072740368	0.9047699646984669
1.115968451443788	0.6134924864344643	0.773218509590252	0.7472342024483315	0.825819481790622
1.2222984046139265	0.664959512710463	0.6776476089698596	0.7864109169657579	0.7843502924281631
1.1238214662055472	0.7787435570291119	0.6938765654672785	0.8088769098512558	0.8182566921778444
1.2626991401118945	0.710634852863852	0.8000177668801691	0.8852571021124446	0.7319753098961806
1.3448584501411587	0.7082966158768491	0.7048922508003143	0.9021472991875344	0.795357072255103
1.3072686436719234	0.7659829565182593	0.6977681854521408	0.9723679612775925	0.7278678751746119
1.2593084523813711	0.7869182038727203	0.6800077668669198	1.0251475001191455	0.6433789186443746
1.4589907494374068	0.7551312648059868	0.6817316730413585	1.032132659998258	0.714988487163631
1.3956863072891765	0.9413551198945727	0.6462792022092515	1.057322383593136	0.7061284559965213
1.4125878151368327	0.9119072077556891	0.6151901284452044	1.1269563268409173	0.6968915434892833
1.478447252016455	0.9093542085612668	0.7928943168935292	1.1391807912085428	0.611449169181757
1.4286496160745563	0.9047756718793843	0.7670213902727152	1.0934999474934832	0.6540244572125715
1.3811129875250283	0.9637369967055166	0.6723013925842829	1.2356097446833536	0.5884789565920283
1.4391743091928328	0.9901905684334662	0.738737737833698	1.244112906212435	0.5632167692162525
1.4278226426723366	1.0109709307350632	0.7282987862637812	1.1947093252610952	0.631843154450318
1.4243472373081896	1.0681374286638246	0.7129465365566979	1.2426364939722063	0.7794156744312304
1.382991795856007	1.086968318084128	0.7836599072740368	1.3417310358208432	0.6653990384499125
1.3222940230059812	1.0828549455133347	0.7472342024483315	1.3277657119778021	0.5972563230467592
1.2600302623528699	1.115968451443788	0.7864109169657579	1.4028325205551004	0.6134924864344643
1.2072644555902683	1.2222984046139265	0.8088769098512558	1.3911515220024973	0.664959512710463
1.1612651970152348	1.1238214662055472	0.8852571021124446	1.3865489320479005	0.7787435570291119
1.2019410551890708	1.2626991401118945	0.9021472991875344	1.4181722106300911	0.710634852863852
1.162002170483006	1.3448584501411587	0.9723679612775925	1.411573414267567	0.7082966158768491
1.0339860430390315	1.3072686436719234	1.0251475001191455	1.3472984634279026	0.7659829565182593
1.0842645055150295	1.2593084523813711	1.032132659998258	1.3251150573078625	0.7869182038727203
1.0368615015390261	1.4589907494374068	1.057322383593136	1.380503182570566	0.7551312648059868
0.9069504696874772	1.3956863072891765	1.1269563268409173	1.3669019285470834	0.9413551198945727
0.8294243893409953	1.4125878151368327	1.1391807912085428	1.3306150328159303	0.9119072077556891
0.7994580882945278	1.478447252016455	1.0934999474934832	1.3472124850808145	0.9093542085612668
0.8877687402045016	1.4286496160745563	1.2356097446833536	1.3096993457016184	0.9047756718793843
0.7903193078507634	1.3811129875250283	1.244112906212435	1.2749843179923035	0.9637369967055166
0.7746012495771062	1.4391743091928328	1.1947093252610952	1.2252238642072493	0.9901905684334662
0.8263179289320585	1.4278226426723366	1.2426364939722063	1.1861248776170286	1.0109709307350632
0.6851390582209927	1.4243472373081896	1.3417310358208432	1.1883707713376082	1.0681374286638246
0.7131587874723301	1.382991795856007	1.3277657119778021	1.1640302239204523	1.086968318084128
0.7111703716861029	1.3222940230059812	1.4028325205551004	1.009749268951724	1.0828549455133347
0.640974862906527	1.2600302623528699	1.3911515220024973	1.007237113209866	1.115968451443788
0.6152216782291631	1.2072644555902683	1.3865489320479005	1.0395036312303527	1.2222984046139265
0.6441730774721778	1.1612651970152348	1.4181722106300911	1.0007748921413664	1.1238214662055472
0.571715091736079	1.2019410551890708	1.411573414267567	0.9047699646984669	1.2626991401118945
0.6697099900508491	1.162002170483006	1.3472984634279026	0.825819481790622	1.3448584501411587
0.49541551068712664	1.0339860430390315	1.3251150573078625	0.7843502924281631	1.3072686436719234
0.59311995755319	1.0842645055150295	1.380503182570566	0.8182566921778444	1.2593084523813711
0.696006316332107	1.0368615015390261	1.3669019285470834	0.7319753098961806	1.4589907494374068
0.5907484849990245	0.9069504696874772	1.3306150328159303	0.795357072255103	1.3956863072891765
0.6209170534987801	0.8294243893409953	1.3472124850808145	0.7278678751746119	1.4125878151368327
0.6321300530374458	0.7994580882945278	1.3096993457016184	0.6433789186443746	1.478447252016455
0.6562081587250713	0.8877687402045016	1.2749843179923035	0.714988487163631	1.4286496160745563
0.6117521967639947	0.7903193078507634	1.2252238642072493	0.7061284559965213	1.3811129875250283
0.7685960178542999	0.7746012495771062	1.1861248776170286	0.6968915434892833	1.4391743091928328
0.6745155909677613	0.8263179289320585	1.1883707713376082	0.611449169181757	1.4278226426723366
0.7639756696257698	0.6851390582209927	1.1640302239204523	0.6540244572125715	1.4243472373081896
0.794269487906044	0.7131587874723301	1.009749268951724	0.5884789565920283	1.382991795856007
0.8067145349167594	0.7111703716861029	1.007237113209866	0.5632167692162525	1.3222940230059812
0.8545155891358294	0.640974862906527	1.0395036312303527	0.631843154450318	1.2600302623528699
0.8777237584290933	0.6152216782291631	1.0007748921413664	0.7794156744312304	1.2072644555902683
0.8270865053798954	0.6441730774721778	0.9047699646984669	0.6653990384499125	1.1612651970152348
0.8875192490109188	0.571715091736079	0.825819481790622	0.5972563230467592	1.2019410551890708
0.8659070140860397	0.6697099900508491	0.7843502924281631	0.6134924864344643	1.162002170483006
0.9219844249814123	0.49541551068712664	0.8182566921778444	0.664959512710463	1.0339860430390315
1.0058250396397947	0.59311995755319	0.7319753098961806	0.7787435570291119	1.0842645055150295
1.0431348870786352	0.696006316332107	0.795357072255103	0.710634852863852	1.0368615015390261
1.0327425318296033	0.5907484849990245	0.7278678751746119	0.7082966158768491	0.9069504696874772
1.0948709816363271	0.6209170534987801	0.6433789186443746	0.7659829565182593	0.8294243893409953
1.1667435945394118	0.6321300530374458	0.714988487163631	0.7869182038727203	0.7994580882945278
1.2524872001352068	0.6562081587250713	0.7061284559965213	0.7551312648059868	0.8877687402045016
1.19711365884477	0.6117521967639947	0.6968915434892833	0.9413551198945727	0.7903193078507634
1.301547223596925	0.7685960178542999	0.611449169181757	0.9119072077556891	0.7746012495771062
1.2354140001841647	0.6745155909677613	0.6540244572125715	0.9093542085612668	0.8263179289320585
1.3818424579126642	0.7639756696257698	0.5884789565920283	0.9047756718793843	0.6851390582209927
1.3366352319790755	0.794269487906044	0.5632167692162525	0.9637369967055166	0.7131587874723301
1.442012851784461	0.8067145349167594	0.631843154450318	0.9901905684334662	0.7111703716861029
1.4530065913786112	0.8545155891358294	0.7794156744312304	1.0109709307350632	0.640974862906527
1.4430361186454483	0.8777237584290933	0.6653990384499125	1.0681374286638246	0.6152216782291631
1.4005485732424208	0.8270865053798954	0.5972563230467592	1.086968318084128	0.6441730774721778
1.4559115005286325	0.8875192490109188	0.6134924864344643	1.0828549455133347	0.571715091736079
1.40376888691758	0.8659070140860397	0.664959512710463	1.115968451443788	0.6697099900508491
1.5282494226988377	0.9219844249814123	0.7787435570291119	1.2222984046139265	0.49541551068712664
1.4579046480854292	1.0058250396397947	0.710634852863852	1.1238214662055472	0.59311995755319
1.4590048666788944	1.0431348870786352	0.7082966158768491	1.2626991401118945	0.696006316332107
1.3421503807736435	1.0327425318296033	0.7659829565182593	1.3448584501411587	0.5907484849990245
1.3223627427479396	1.0948709816363271	0.7869182038727203	1.3072686436719234	0.6209170534987801
1.2283057745077732	1.1667435945394118	0.7551312648059868	1.2593084523813711	0.6321300530374458
1.2682292461585447	1.2524872001352068	0.9413551198945727	1.4589907494374068	0.6562081587250713
1.2428306073695268	1.19711365884477	0.9119072077556891	1.3956863072891765	0.6117521967639947
1.1976195570264676	1.301547223596925	0.9093542085612668	1.4125878151368327	0.7685960178542999
1.217600703818205	1.2354140001841647	0.9047756718793843	1.478447252016455	0.6745155909677613
1.130747941312154	1.3818424579126642	0.9637369967055166	1.4286496160745563	0.7639756696257698
1.0027205663078096	1.3366352319790755	0.9901905684334662	1.3811129875250283	0.794269487906044
1.0396641535918598	1.442012851784461	1.0109709307350632	1.4391743091928328	0.8067145349167594
0.957874587536791	1.4530065913786112	1.0681374286638246	1.4278226426723366	0.8545155891358294
0.9519619375015482	1.4430361186454483	1.086968318084128	1.4243472373081896	0.8777237584290933
0.9660596750766883	1.4005485732424208	1.0828549455133347	1.382991795856007	0.8270865053798954
0.8509653069491564	1.4559115005286325	1.115968451443788	1.3222940230059812	0.8875192490109188
0.7429661699656925	1.40376888691758	1.2222984046139265	1.2600302623528699	0.8659070140860397
0.746986968132734	1.5282494226988377	1.1238214662055472	1.2072644555902683	0.9219844249814123
0.7671521309048471	1.4579046480854292	1.2626991401118945	1.1612651970152348	1.0058250396397947
0.7770883864065717	1.4590048666788944	1.3448584501411587	1.2019410551890708	1.0431348870786352
0.6056792713233683	1.3421503807736435	1.3072686436719234	1.162002170483006	1.0327425318296033
0.6302964300153815	1.3223627427479396	1.2593084523813711	1.0339860430390315	1.0948709816363271
0.6163682375615932	1.2283057745077732	1.4589907494374068	1.0842645055150295	1.1667435945394118
0.7179544697205735	1.2682292461585447	1.3956863072891765	1.0368615015390261	1.2524872001352068
0.5842082200197822	1.2428306073695268	1.4125878151368327	0.9069504696874772	1.19711365884477
0.7018925805956219	1.1976195570264676	1.478447252016455	0.8294243893409953	1.301547223596925
0.5726860367718569	1.217600703818205	1.4286496160745563	0.7994580882945278	1.2354140001841647
0.6230702448110713	1.130747941312154	1.3811129875250283	0.8877687402045016	1.3818424579126642
0.5741161068341947	1.0027205663078096	1.4391743091928328	0.7903193078507634	1.3366352319790755
0.5289532954849002	1.0396641535918598	1.4278226426723366	0.7746012495771062	1.442012851784461
0.5148523357617214	0.957874587536791	1.4243472373081896	0.8263179289320585	1.4530065913786112
0.5490108572307585	0.9519619375015482	1.382991795856007	0.6851390582209927	1.4430361186454483
0.5127433677712937	0.9660596750766883	1.3222940230059812	0.7131587874723301	1.4005485732424208
0.513445317863412	0.8509653069491564	1.2600302623528699	0.7111703716861029	1.4559115005286325
0.569699689693698	0.7429661699656925	1.2072644555902683	0.640974862906527	1.40376888691758
0.5725901151332927	0.746986968132734	1.1612651970152348	0.6152216782291631	1.5282494226988377
0.6732926488674866	0.7671521309048471	1.2019410551890708	0.6441730774721778	1.4579046480854292
0.6720786169795766	0.7770883864065717	1.162002170483006	0.571715091736079	1.4590048666788944
0.6528641804148492	0.6056792713233683	1.0339860430390315	0.6697099900508491	1.3421503807736435
0.6775292519956473	0.6302964300153815	1.0842645055150295	0.49541551068712664	1.3223627427479396
0.7195279117982819	0.6163682375615932	1.0368615015390261	0.59311995755319	1.2283057745077732
0.7413244120177465	0.7179544697205735	0.9069504696874772	0.696006316332107	1.2682292461585447
0.7442425294381634	0.5842082200197822	0.8294243893409953	0.5907484849990245	1.2428306073695268
0.8088410001651533	0.7018925805956219	0.7994580882945278	0.6209170534987801	1.1976195570264676
0.8545915919660375	0.5726860367718569	0.8877687402045016	0.6321300530374458	1.217600703818205
0.9492534226112661	0.6230702448110713	0.7903193078507634	0.6562081587250713	1.130747941312154
1.0299992985528577	0.5741161068341947	0.7746012495771062	0.6117521967639947	1.0027205663078096
0.956676163575225	0.5289532954849002	0.8263179289320585	0.7685960178542999	1.0396641535918598
1.0191580532003963	0.5148523357617214	0.6851390582209927	0.6745155909677613	0.957874587536791
1.0491903614088776	0.5490108572307585	0.7131587874723301	0.7639756696257698	0.9519619375015482
1.0394327631993872	0.5127433677712937	0.7111703716861029	0.794269487906044	0.9660596750766883
1.1712999714945325	0.513445317863412	0.640974862906527	0.8067145349167594	0.8509653069491564
1.2557620154457971	0.569699689693698	0.6152216782291631	0.8545155891358294	0.7429661699656925
1.2102519594557328	0.5725901151332927	0.6441730774721778	0.8777237584290933	0.746986968132734
1.2835248491906155	0.6732926488674866	0.571715091736079	0.8270865053798954	0.7671521309048471
1.389076711929376	0.6720786169795766	0.6697099900508491	0.8875192490109188	0.7770883864065717
1.3928857523179181	0.6528641804148492	0.49541551068712664	0.8659070140860397	0.6056792713233683
1.5164396276217835	0.6775292519956473	0.59311995755319	0.9219844249814123	0.6302964300153815
1.3909423996395534	0.7195279117982819	0.696006316332107	1.0058250396397947	0.6163682375615932
1.490042155324031	0.7413244120177465	0.5907484849990245	1.0431348870786352	0.7179544697205735
1.430492638085145	0.7442425294381634	0.6209170534987801	1.0327425318296033	0.5842082200197822
1.555388228247724	0.8088410001651533	0.6321300530374458	1.0948709816363271	0.7018925805956219
1.5006966047251613	0.8545915919660375	0.6562081587250713	1.1667435945394118	0.5726860367718569
1.464217908450675	0.9492534226112661	0.6117521967639947	1.2524872001352068	0.6230702448110713
1.5672577566545365	1.0299992985528577	0.7685960178542999	1.19711365884477	0.5741161068341947
1.3652103669730125	0.956676163575225	0.6745155909677613	1.301547223596925	0.5289532954849002
1.4401029598022181	1.0191580532003963	0.7639756696257698	1.2354140001841647	0.5148523357617214
1.4987944515784408	1.0491903614088776	0.794269487906044	1.3818424579126642	0.5490108572307585
1.4036785840594335	1.0394327631993872	0.8067145349167594	1.3366352319790755	0.5127433677712937
1.3511259505209896	1.1712999714945325	0.8545155891358294	1.442012851784461	0.513445317863412
1.3733134426439328	1.2557620154457971	0.8777237584290933	1.4530065913786112	0.569699689693698
1.3188626836003008	1.2102519594557328	0.8270865053798954	1.4430361186454483	0.5725901151332927
1.3211963441247345	1.2835248491906155	0.8875192490109188	1.4005485732424208	0.6732926488674866
1.105943486638381	1.389076711929376	0.8659070140860397	1.4559115005286325	0.6720786169795766
1.0824955851987816	1.3928857523179181	0.9219844249814123	1.40376888691758	0.6528641804148492
1.01797474204082	1.5164396276217835	1.0058250396397947	1.5282494226988377	0.6775292519956473
1.0417299551306785	1.3909423996395534	1.0431348870786352	1.4579046480854292	0.7195279117982819
0.9828963961247197	1.490042155324031	1.0327425318296033	1.4590048666788944	0.7413244120177465
0.8980517859050999	1.430492638085145	1.0948709816363271	1.3421503807736435	0.7442425294381634
0.8582631664313832	1.555388228247724	1.1667435945394118	1.3223627427479396	0.8088410001651533
0.8412741344574535	1.5006966047251613	1.2524872001352068	1.2283057745077732	0.8545915919660375
0.7368720626651355	1.464217908450675	1.19711365884477	1.2682292461585447	0.9492534226112661
0.7504340533604552	1.5672577566545365	1.301547223596925	1.2428306073695268	1.0299992985528577
0.6714810146384178	1.3652103669730125	1.2354140001841647	1.1976195570264676	0.956676163575225
0.664407739721048	1.4401029598022181	1.3818424579126642	1.217600703818205	1.0191580532003963
0.7102340215151653	1.4987944515784408	1.3366352319790755	1.130747941312154	1.0491903614088776
0.6137241990377811	1.4036785840594335	1.442012851784461	1.0027205663078096	1.0394327631993872
0.5715346619149132	1.3511259505209896	1.4530065913786112	1.0396641535918598	1.1712999714945325
0.5379316458130257	1.3733134426439328	1.4430361186454483	0.957874587536791	1.2557620154457971
0.551970889866507	1.3188626836003008	1.4005485732424208	0.9519619375015482	1.2102519594557328
0.48686474191217527	1.3211963441247345	1.4559115005286325	0.9660596750766883	1.2835248491906155
0.5928931939745874	1.105943486638381	1.40376888691758	0.8509653069491564	1.389076711929376
0.6017417510413992	1.0824955851987816	1.5282494226988377	0.7429661699656925	1.3928857523179181
0.5519987151014711	1.01797474204082	1.4579046480854292	0.746986968132734	1.5164396276217835
0.5418465239666588	1.0417299551306785	1.4590048666788944	0.7671521309048471	1.3909423996395534
0.5546770952658988	0.9828963961247197	1.3421503807736435	0.7770883864065717	1.490042155324031
0.5322594865076052	0.8980517859050999	1.3223627427479396	0.6056792713233683	1.430492638085145
0.4548728591223204	0.8582631664313832	1.2283057745077732	0.6302964300153815	1.555388228247724
0.5194935613899229	0.8412741344574535	1.2682292461585447	0.6163682375615932	1.5006966047251613
0.5246630232518267	0.7368720626651355	1.2428306073695268	0.7179544697205735	1.464217908450675
0.5890343113845101	0.7504340533604552	1.1976195570264676	0.5842082200197822	1.5672577566545365
0.6179668029629889	0.6714810146384178	1.217600703818205	0.7018925805956219	1.3652103669730125
0.5306856167513407	0.664407739721048	1.130747941312154	0.5726860367718569	1.4401029598022181
0.6671782174616958	0.7102340215151653	1.0027205663078096	0.6230702448110713	1.4987944515784408
0.581424564001033	0.6137241990377811	1.0396641535918598	0.5741161068341947	1.4036785840594335
0.6577175454593124	0.5715346619149132	0.957874587536791	0.5289532954849002	1.3511259505209896
0.6836086117475807	0.5379316458130257	0.9519619375015482	0.5148523357617214	1.3733134426439328
0.7896981163828938	0.551970889866507	0.9660596750766883	0.5490108572307585	1.3188626836003008
0.8118732293239769	0.48686474191217527	0.8509653069491564	0.5127433677712937	1.3211963441247345
0.7338677415869816	0.5928931939745874	0.7429661699656925	0.513445317863412	1.105943486638381
0.8741826774971599	0.6017417510413992	0.746986968132734	0.569699689693698	1.0824955851987816
0.8215593809402678	0.5519987151014711	0.7671521309048471	0.5725901151332927	1.01797474204082
0.9471527318917344	0.5418465239666588	0.7770883864065717	0.6732926488674866	1.0417299551306785
0.9305657949757871	0.5546770952658988	0.6056792713233683	0.6720786169795766	0.9828963961247197
1.0977853176803025	0.5322594865076052	0.6302964300153815	0.6528641804148492	0.8980517859050999
1.0299988436150025	0.4548728591223204	0.6163682375615932	0.6775292519956473	0.8582631664313832
1.2266764715382343	0.5194935613899229	0.7179544697205735	0.7195279117982819	0.8412741344574535
1.0857957943114702	0.5246630232518267	0.5842082200197822	0.7413244120177465	0.7368720626651355
1.2628020305113987	0.5890343113845101	0.7018925805956219	0.7442425294381634	0.7504340533604552
1.188781892949655	0.6179668029629889	0.5726860367718569	0.8088410001651533	0.6714810146384178
1.3126235018900916	0.5306856167513407	0.6230702448110713	0.8545915919660375	0.664407739721048
1.409513888017092	0.6671782174616958	0.5741161068341947	0.9492534226112661	0.7102340215151653
1.3877329400739618	0.581424564001033	0.5289532954849002	1.0299992985528577	0.6137241990377811
1.4642237989434455	0.6577175454593124	0.5148523357617214	0.956676163575225	0.5715346619149132
1.4685477437222332	0.6836086117475807	0.5490108572307585	1.0191580532003963	0.5379316458130257
1.5024769975930325	0.7896981163828938	0.5127433677712937	1.0491903614088776	0.551970889866507
1.596961370972671	0.8118732293239769	0.513445317863412	1.0394327631993872	0.48686474191217527
1.587826965926607	0.7338677415869816	0.569699689693698	1.1712999714945325	0.5928931939745874
1.538812482883486	0.8741826774971599	0.5725901151332927	1.2557620154457971	0.6017417510413992
1.6066697932131027	0.8215593809402678	0.6732926488674866	1.2102519594557328	0.5519987151014711
1.4942272637814513	0.9471527318917344	0.6720786169795766	1.2835248491906155	0.5418465239666588
1.6041477408458689	0.9305657949757871	0.6528641804148492	1.389076711929376	0.5546770952658988
1.4575055844339557	1.0977853176803025	0.6775292519956473	1.3928857523179181	0.5322594865076052
1.5389220180387724	1.0299988436150025	0.7195279117982819	1.5164396276217835	0.4548728591223204
1.4572963151167815	1.2266764715382343	0.7413244120177465	1.3909423996395534	0.5194935613899229
1.3415042704378488	1.0857957943114702	0.7442425294381634	1.490042155324031	0.5246630232518267
1.3807407972826735	1.2628020305113987	0.8088410001651533	1.430492638085145	0.5890343113845101
1.2726226337133646	1.188781892949655	0.8545915919660375	1.555388228247724	0.6179668029629889
1.1508600322363849	1.3126235018900916	0.9492534226112661	1.5006966047251613	0.5306856167513407
1.16197900128965	1.409513888017092	1.0299992985528577	1.464217908450675	0.6671782174616958
1.07536086832514	1.3877329400739618	0.956676163575225	1.5672577566545365	0.581424564001033
1.00018041433416	1.4642237989434455	1.0191580532003963	1.3652103669730125	0.6577175454593124
0.9406868699401992	1.4685477437222332	1.0491903614088776	1.4401029598022181	0.6836086117475807
0.9240001804840616	1.5024769975930325	1.0394327631993872	1.4987944515784408	0.7896981163828938
0.8507947235347059	1.596961370972671	1.1712999714945325	1.4036785840594335	0.8118732293239769
0.8280127339693427	1.587826965926607	1.2557620154457971	1.3511259505209896	0.7338677415869816
0.7579218981731204	1.538812482883486	1.2102519594557328	1.3733134426439328	0.8741826774971599
0.675746529124005	1.6066697932131027	1.2835248491906155	1.3188626836003008	0.8215593809402678
0.6635909273130343	1.4942272637814513	1.389076711929376	1.3211963441247345	0.9471527318917344
0.6397784741324846	1.6041477408458689	1.3928857523179181	1.105943486638381	0.9305657949757871
0.6430623468017426	1.4575055844339557	1.5164396276217835	1.0824955851987816	1.0977853176803025
0.5397968746195413	1.5389220180387724	1.3909423996395534	1.01797474204082	1.0299988436150025
0.6553177672692352	1.4572963151167815	1.490042155324031	1.0417299551306785	1.2266764715382343
0.4461326239070016	1.3415042704378488	1.430492638085145	0.9828963961247197	1.0857957943114702
0.6132617249010499	1.3807407972826735	1.555388228247724	0.8980517859050999	1.2628020305113987
0.5176334924304452	1.2726226337133646	1.5006966047251613	0.8582631664313832	1.188781892949655
0.4647403308017342	1.1508600322363849	1.464217908450675	0.8412741344574535	1.3126235018900916
0.5660228272040186	1.16197900128965	1.5672577566545365	0.7368720626651355	1.409513888017092
0.4591516610059229	1.07536086832514	1.3652103669730125	0.7504340533604552	1.3877329400739618
0.4706846446128575	1.00018041433416	1.4401029598022181	0.6714810146384178	1.4642237989434455
0.4179364467718858	0.9406868699401992	1.4987944515784408	0.664407739721048	1.4685477437222332
0.5133278133945974	0.9240001804840616	1.4036785840594335	0.7102340215151653	1.5024769975930325
0.4247823310144895	0.8507947235347059	1.3511259505209896	0.6137241990377811	1.596961370972671
0.5133315369867762	0.8280127339693427	1.3733134426439328	0.5715346619149132	1.587826965926607
0.42303736826858207	0.7579218981731204	1.3188626836003008	0.5379316458130257	1.538812482883486
0.47941943189689423	0.675746529124005	1.3211963441247345	0.551970889866507	1.6066697932131027
0.40465929671603645	0.6635909273130343	1.105943486638381	0.48686474191217527	1.4942272637814513
0.5556656157165901	0.6397784741324846	1.0824955851987816	0.5928931939745874	1.6041477408458689
0.445119777890639	0.6430623468017426	1.01797474204082	0.6017417510413992	1.4575055844339557
0.5109436323406209	0.5397968746195413	1.0417299551306785	0.5519987151014711	1.5389220180387724
0.5670454439912367	0.6553177672692352	0.9828963961247197	0.5418465239666588	1.4572963151167815
0.6510476393957938	0.4461326239070016	0.8980517859050999	0.5546770952658988	1.3415042704378488
0.6449051239709411	0.6132617249010499	0.8582631664313832	0.5322594865076052	1.3807407972826735
0.6290391714091146	0.5176334924304452	0.8412741344574535	0.4548728591223204	1.2726226337133646
0.705234418954818	0.4647403308017342	0.7368720626651355	0.5194935613899229	1.1508600322363849
0.7507497923341698	0.5660228272040186	0.7504340533604552	0.5246630232518267	1.16197900128965
0.8887575123188869	0.4591516610059229	0.6714810146384178	0.5890343113845101	1.07536086832514
0.7511256948003308	0.4706846446128575	0.664407739721048	0.6179668029629889	1.00018041433416
0.7731959029278049	0.4179364467718858	0.7102340215151653	0.5306856167513407	0.9406868699401992
0.907037569733466	0.5133278133945974	0.6137241990377811	0.6671782174616958	0.9240001804840616
0.8973996608020098	0.4247823310144895	0.5715346619149132	0.581424564001033	0.8507947235347059
1.0420261911500117	0.5133315369867762	0.5379316458130257	0.6577175454593124	0.8280127339693427
1.081634486247352	0.42303736826858207	0.551970889866507	0.6836086117475807	0.7579218981731204
1.095609660530619	0.47941943189689423	0.48686474191217527	0.7896981163828938	0.675746529124005
1.1127129322366682	0.40465929671603645	0.5928931939745874	0.8118732293239769	0.6635909273130343
1.133557937683143	0.5556656157165901	0.6017417510413992	0.7338677415869816	0.6397784741324846
1.3356086796321518	0.445119777890639	0.5519987151014711	0.8741826774971599	0.6430623468017426
1.2661163672558515	0.5109436323406209	0.5418465239666588	0.8215593809402678	0.5397968746195413
1.365726053243124	0.5670454439912367	0.5546770952658988	0.9471527318917344	0.6553177672692352
1.418253671273282	0.6510476393957938	0.5322594865076052	0.9305657949757871	0.4461326239070016
1.5276797811509648	0.6449051239709411	0.4548728591223204	1.0977853176803025	0.6132617249010499
1.4644305409236815	0.6290391714091146	0.5194935613899229	1.0299988436150025	0.5176334924304452
1.597245284818567	0.705234418954818	0.5246630232518267	1.2266764715382343	0.4647403308017342
1.5888529317662652	0.7507497923341698	0.5890343113845101	1.0857957943114702	0.5660228272040186
1.7090633433415636	0.8887575123188869	0.6179668029629889	1.2628020305113987	0.4591516610059229
1.4925534899662511	0.7511256948003308	0.5306856167513407	1.188781892949655	0.4706846446128575
1.5828465814556565	0.7731959029278049	0.6671782174616958	1.3126235018900916	0.4179364467718858
1.6262923027273644	0.907037569733466	0.581424564001033	1.409513888017092	0.5133278133945974
1.5827860203046469	0.8973996608020098	0.6577175454593124	1.3877329400739618	0.4247823310144895
1.5749336444261721	1.0420261911500117	0.6836086117475807	1.4642237989434455	0.5133315369867762
1.6011136243612467	1.081634486247352	0.7896981163828938	1.4685477437222332	0.42303736826858207
1.5029723798095076	1.095609660530619	0.8118732293239769	1.5024769975930325	0.47941943189689423
1.377824735634661	1.1127129322366682	0.7338677415869816	1.596961370972671	0.40465929671603645
1.3433269338402667	1.133557937683143	0.8741826774971599	1.587826965926607	0.5556656157165901
1.3055741162162207	1.3356086796321518	0.8215593809402678	1.538812482883486	0.445119777890639
1.2953063923832977	1.2661163672558515	0.9471527318917344	1.6066697932131027	0.5109436323406209
1.1917478257962943	1.365726053243124	0.9305657949757871	1.4942272637814513	0.5670454439912367
1.0537384218106347	1.418253671273282	1.0977853176803025	1.6041477408458689	0.6510476393957938
1.0301544668190863	1.5276797811509648	1.0299988436150025	1.4575055844339557	0.6449051239709411
0.9645783387640595	1.4644305409236815	1.2266764715382343	1.5389220180387724	0.6290391714091146
0.9511928215182471	1.597245284818567	1.0857957943114702	1.4572963151167815	0.705234418954818
0.9002092020420798	1.5888529317662652	1.2628020305113987	1.3415042704378488	0.7507497923341698
0.7209065264986408	1.7090633433415636	1.188781892949655	1.3807407972826735	0.8887575123188869
0.7261184670381523	1.4925534899662511	1.3126235018900916	1.2726226337133646	0.7511256948003308
0.6941833298558825	1.5828465814556565	1.409513888017092	1.1508600322363849	0.7731959029278049
0.662616933125906	1.6262923027273644	1.3877329400739618	1.16197900128965	0.907037569733466
0.5813299197667406	1.5827860203046469	1.4642237989434455	1.07536086832514	0.8973996608020098
0.5810282385103192	1.5749336444261721	1.4685477437222332	1.00018041433416	1.0420261911500117
0.630419357087044	1.6011136243612467	1.5024769975930325	0.9406868699401992	1.081634486247352
0.5315592941501488	1.5029723798095076	1.596961370972671	0.9240001804840616	1.095609660530619
0.3858368805516	1.377824735634661	1.587826965926607	0.8507947235347059	1.1127129322366682
0.4632756060647947	1.3433269338402667	1.538812482883486	0.8280127339693427	1.133557937683143
0.39982451187518037	1.3055741162162207	1.6066697932131027	0.7579218981731204	1.3356086796321518
0.3849331595805937	1.2953063923832977	1.4942272637814513	0.675746529124005	1.2661163672558515
0.4028357706745733	1.1917478257962943	1.6041477408458689	0.6635909273130343	1.365726053243124
0.39357600233556456	1.0537384218106347	1.4575055844339557	0.6397784741324846	1.418253671273282
0.3771941124602801	1.0301544668190863	1.5389220180387724	0.6430623468017426	1.5276797811509648
0.3946828102583796	0.9645783387640595	1.4572963151167815	0.5397968746195413	1.4644305409236815
0.3609613344706142	0.9511928215182471	1.3415042704378488	0.6553177672692352	1.597245284818567
0.40046572978718387	0.9002092020420798	1.3807407972826735	0.4461326239070016	1.5888529317662652
0.3631866565808987	0.7209065264986408	1.2726226337133646	0.6132617249010499	1.7090633433415636
0.4216975597872502	0.7261184670381523	1.1508600322363849	0.5176334924304452	1.4925534899662511
0.42677993511379614	0.6941833298558825	1.16197900128965	0.4647403308017342	1.5828465814556565
0.4010915383798537	0.662616933125906	1.07536086832514	0.5660228272040186	1.6262923027273644
0.47045642075974164	0.5813299197667406	1.00018041433416	0.4591516610059229	1.5827860203046469
0.44256737117526895	0.5810282385103192	0.9406868699401992	0.4706846446128575	1.5749336444261721
0.48024265908440605	0.630419357087044	0.9240001804840616	0.4179364467718858	1.6011136243612467
0.39623342082575774	0.5315592941501488	0.8507947235347059	0.5133278133945974	1.5029723798095076
0.48424913174826006	0.3858368805516	0.8280127339693427	0.4247823310144895	1.377824735634661
0.5028169732014416	0.4632756060647947	0.7579218981731204	0.5133315369867762	1.3433269338402667
0.555136789932825	0.39982451187518037	0.675746529124005	0.42303736826858207	1.3055741162162207
0.5601740049846275	0.3849331595805937	0.6635909273130343	0.47941943189689423	1.2953063923832977
0.5681683384474636	0.4028357706745733	0.6397784741324846	0.40465929671603645	1.1917478257962943
0.6199076185746969	0.39357600233556456	0.6430623468017426	0.5556656157165901	1.0537384218106347
0.7317455802050968	0.3771941124602801	0.5397968746195413	0.445119777890639	1.0301544668190863
0.6709058465690486	0.3946828102583796	0.6553177672692352	0.5109436323406209	0.9645783387640595
0.7579887179064166	0.3609613344706142	0.4461326239070016	0.5670454439912367	0.9511928215182471
0.7433286401720495	0.40046572978718387	0.6132617249010499	0.6510476393957938	0.9002092020420798
0.8248376471313763	0.3631866565808987	0.5176334924304452	0.6449051239709411	0.7209065264986408
0.8800267177941316	0.4216975597872502	0.4647403308017342	0.6290391714091146	0.7261184670381523
0.9858328914778407	0.42677993511379614	0.5660228272040186	0.705234418954818	0.6941833298558825
1.0282044697748531	0.4010915383798537	0.4591516610059229	0.7507497923341698	0.662616933125906
1.0228541467437222	0.47045642075974164	0.4706846446128575	0.8887575123188869	0.5813299197667406
1.090102609190781	0.44256737117526895	0.4179364467718858	0.7511256948003308	0.5810282385103192
1.2301493079816594	0.48024265908440605	0.5133278133945974	0.7731959029278049	0.630419357087044
1.2953110088943784	0.39623342082575774	0.4247823310144895	0.907037569733466	0.5315592941501488
1.323496314728744	0.48424913174826006	0.5133315369867762	0.8973996608020098	0.3858368805516
1.3501273331226085	0.5028169732014416	0.42303736826858207	1.0420261911500117	0.4632756060647947
1.4775438224759194	0.555136789932825	0.47941943189689423	1.081634486247352	0.39982451187518037
1.5703802320754747	0.5601740049846275	0.40465929671603645	1.095609660530619	0.3849331595805937
1.5241996185542157	0.5681683384474636	0.5556656157165901	1.1127129322366682	0.4028357706745733
1.7438903867993583	0.6199076185746969	0.445119777890639	1.133557937683143	0.39357600233556456
1.6132026035591733	0.7317455802050968	0.5109436323406209	1.3356086796321518	0.3771941124602801
1.6269328882382639	0.6709058465690486	0.5670454439912367	1.2661163672558515	0.3946828102583796
1.7519709190245016	0.7579887179064166	0.6510476393957938	1.365726053243124	0.3609613344706142
1.6231634953984833	0.7433286401720495	0.6449051239709411	1.418253671273282	0.40046572978718387
1.6876008276997014	0.8248376471313763	0.6290391714091146	1.5276797811509648	0.3631866565808987
1.6233975517177313	0.8800267177941316	0.705234418954818	1.4644305409236815	0.4216975597872502
1.6183634720564735	0.9858328914778407	0.7507497923341698	1.597245284818567	0.42677993511379614
1.6215004361656198	1.0282044697748531	0.8887575123188869	1.5888529317662652	0.4010915383798537
1.5746018552362615	1.0228541467437222	0.7511256948003308	1.7090633433415636	0.47045642075974164
1.5493548669866641	1.090102609190781	0.7731959029278049	1.4925534899662511	0.44256737117526895
1.4918123911264756	1.2301493079816594	0.907037569733466	1.5828465814556565	0.48024265908440605
1.3547820715003118	1.2953110088943784	0.8973996608020098	1.6262923027273644	0.39623342082575774
1.1935173342477776	1.323496314728744	1.0420261911500117	1.5827860203046469	0.48424913174826006
1.1027179602790744	1.3501273331226085	1.081634486247352	1.5749336444261721	0.5028169732014416
1.1044548827086595	1.4775438224759194	1.095609660530619	1.6011136243612467	0.555136789932825
1.020327124300451	1.5703802320754747	1.1127129322366682	1.5029723798095076	0.5601740049846275
1.0658344382450222	1.5241996185542157	1.133557937683143	1.377824735634661	0.5681683384474636
0.8616523382808435	1.7438903867993583	1.3356086796321518	1.3433269338402667	0.6199076185746969
0.8530743901509172	1.6132026035591733	1.2661163672558515	1.3055741162162207	0.7317455802050968
0.8109103739088613	1.6269328882382639	1.365726053243124	1.2953063923832977	0.6709058465690486
0.6952760506011286	1.7519709190245016	1.418253671273282	1.1917478257962943	0.7579887179064166
0.7048537125319864	1.6231634953984833	1.5276797811509648	1.0537384218106347	0.7433286401720495
0.6055732639715498	1.6876008276997014	1.4644305409236815	1.0301544668190863	0.8248376471313763
0.48480342550802064	1.6233975517177313	1.597245284818567	0.9645783387640595	0.8800267177941316
0.5311555323158461	1.6183634720564735	1.5888529317662652	0.9511928215182471	0.9858328914778407
0.4707249743327977	1.6215004361656198	1.7090633433415636	0.9002092020420798	1.0282044697748531
0.3803695661689633	1.5746018552362615	1.4925534899662511	0.7209065264986408	1.0228541467437222
0.34405837663975586	1.5493548669866641	1.5828465814556565	0.7261184670381523	1.090102609190781
0.3661203172732385	1.4918123911264756	1.6262923027273644	0.6941833298558825	1.2301493079816594
0.3501440172120618	1.3547820715003118	1.5827860203046469	0.662616933125906	1.2953110088943784
0.2900233163145612	1.1935173342477776	1.5749336444261721	0.5813299197667406	1.323496314728744
0.2729796804288588	1.1027179602790744	1.6011136243612467	0.5810282385103192	1.3501273331226085
0.2802247702939241	1.1044548827086595	1.5029723798095076	0.630419357087044	1.4775438224759194
0.25821494469149187	1.020327124300451	1.377824735634661	0.5315592941501488	1.5703802320754747
0.29486266030813096	1.0658344382450222	1.3433269338402667	0.3858368805516	1.5241996185542157
0.1910044753505487	0.8616523382808435	1.3055741162162207	0.4632756060647947	1.7438903867993583
0.21003804013140231	0.8530743901509172	1.2953063923832977	0.39982451187518037	1.6132026035591733
0.3461433805867843	0.8109103739088613	1.1917478257962943	0.3849331595805937	1.6269328882382639
0.2180400811083541	0.6952760506011286	1.0537384218106347	0.4028357706745733	1.7519709190245016
0.2904366747823968	0.7048537125319864	1.0301544668190863	0.39357600233556456	1.6231634953984833
0.18708445244705701	0.6055732639715498	0.9645783387640595	0.3771941124602801	1.6876008276997014
0.2742425647944059	0.48480342550802064	0.9511928215182471	0.3946828102583796	1.6233975517177313
0.303059433863738	0.5311555323158461	0.9002092020420798	0.3609613344706142	1.6183634720564735
0.27708701852386997	0.4707249743327977	0.7209065264986408	0.40046572978718387	1.6215004361656198
0.2532075129717738	0.3803695661689633	0.7261184670381523	0.3631866565808987	1.5746018552362615
0.322667389965872	0.34405837663975586	0.6941833298558825	0.4216975597872502	1.5493548669866641
0.29446397653113204	0.3661203172732385	0.662616933125906	0.42677993511379614	1.4918123911264756
0.4002864305389031	0.3501440172120618	0.5813299197667406	0.4010915383798537	1.3547820715003118
0.37261696990904114	0.2900233163145612	0.5810282385103192	0.47045642075974164	1.1935173342477776
0.4927633232372219	0.2729796804288588	0.630419357087044	0.44256737117526895	1.1027179602790744
0.45523261170480167	0.2802247702939241	0.5315592941501488	0.48024265908440605	1.1044548827086595
0.4155096478515209	0.25821494469149187	0.3858368805516	0.39623342082575774	1.020327124300451
0.5639379311131012	0.29486266030813096	0.4632756060647947	0.48424913174826006	1.0658344382450222
0.5328596358018302	0.1910044753505487	0.39982451187518037	0.5028169732014416	0.8616523382808435
0.6447623052860193	0.21003804013140231	0.3849331595805937	0.555136789932825	0.8530743901509172
0.5920659966179561	0.3461433805867843	0.4028357706745733	0.5601740049846275	0.8109103739088613
0.7290566252272423	0.2180400811083541	0.39357600233556456	0.5681683384474636	0.6952760506011286
0.6886758671067968	0.2904366747823968	0.3771941124602801	0.6199076185746969	0.7048537125319864
0.6570174916162157	0.18708445244705701	0.3946828102583796	0.7317455802050968	0.6055732639715498
0.7849524044846908	0.2742425647944059	0.3609613344706142	0.6709058465690486	0.48480342550802064
0.8631811417021621	0.303059433863738	0.40046572978718387	0.7579887179064166	0.5311555323158461
0.9224072077861015	0.27708701852386997	0.3631866565808987	0.7433286401720495	0.4707249743327977
1.0285583997430559	0.2532075129717738	0.4216975597872502	0.8248376471313763	0.3803695661689633
1.0646052812761215	0.322667389965872	0.42677993511379614	0.8800267177941316	0.34405837663975586
1.1160845444017362	0.29446397653113204	0.4010915383798537	0.9858328914778407	0.3661203172732385
1.2300326267283883	0.4002864305389031	0.47045642075974164	1.0282044697748531	0.3501440172120618
1.2979245828357429	0.37261696990904114	0.44256737117526895	1.0228541467437222	0.2900233163145612
1.334228178943249	0.4927633232372219	0.48024265908440605	1.090102609190781	0.2729796804288588
1.3784146326834488	0.45523261170480167	0.39623342082575774	1.2301493079816594	0.2802247702939241
1.4482195220827019	0.4155096478515209	0.48424913174826006	1.2953110088943784	0.25821494469149187
1.5760232205804523	0.5639379311131012	0.5028169732014416	1.323496314728744	0.29486266030813096
1.586639543501501	0.5328596358018302	0.555136789932825	1.3501273331226085	0.1910044753505487
1.6399646633875635	0.6447623052860193	0.5601740049846275	1.4775438224759194	0.21003804013140231
1.7381764025413273	0.5920659966179561	0.5681683384474636	1.5703802320754747	0.3461433805867843
1.8453699750860528	0.7290566252272423	0.6199076185746969	1.5241996185542157	0.2180400811083541
1.7434235042849198	0.6886758671067968	0.7317455802050968	1.7438903867993583	0.2904366747823968
1.9051743432143884	0.6570174916162157	0.6709058465690486	1.6132026035591733	0.18708445244705701
1.7418829336155337	0.7849524044846908	0.7579887179064166	1.6269328882382639	0.2742425647944059
1.7815904934269358	0.8631811417021621	0.7433286401720495	1.7519709190245016	0.303059433863738
1.790179452362547	0.9224072077861015	0.8248376471313763	1.6231634953984833	0.27708701852386997
1.6649242199163181	1.0285583997430559	0.8800267177941316	1.6876008276997014	0.2532075129717738
1.6277990905934876	1.0646052812761215	0.9858328914778407	1.6233975517177313	0.322667389965872
1.6006276639967627	1.1160845444017362	1.0282044697748531	1.6183634720564735	0.29446397653113204
1.4690349339516324	1.2300326267283883	1.0228541467437222	1.6215004361656198	0.4002864305389031
1.3549219148407208	1.2979245828357429	1.090102609190781	1.5746018552362615	0.37261696990904114
1.3304395225893035	1.334228178943249	1.2301493079816594	1.5493548669866641	0.4927633232372219
1.2166909792554672	1.3784146326834488	1.2953110088943784	1.4918123911264756	0.45523261170480167
1.1031129254888465	1.4482195220827019	1.323496314728744	1.3547820715003118	0.4155096478515209
1.0239507752621682	1.5760232205804523	1.3501273331226085	1.1935173342477776	0.5639379311131012
0.9790239996785693	1.586639543501501	1.4775438224759194	1.1027179602790744	0.5328596358018302
0.856556264997204	1.6399646633875635	1.5703802320754747	1.1044548827086595	0.6447623052860193
0.8222459228009447	1.7381764025413273	1.5241996185542157	1.020327124300451	0.5920659966179561
0.7548094675229698	1.8453699750860528	1.7438903867993583	1.0658344382450222	0.7290566252272423
0.587567826223702	1.7434235042849198	1.6132026035591733	0.8616523382808435	0.6886758671067968
0.4925261824881674	1.9051743432143884	1.6269328882382639	0.8530743901509172	0.6570174916162157
0.5334719042618117	1.7418829336155337	1.7519709190245016	0.8109103739088613	0.7849524044846908
0.4686934111386313	1.7815904934269358	1.6231634953984833	0.6952760506011286	0.8631811417021621
0.36734405030732564	1.790179452362547	1.6876008276997014	0.7048537125319864	0.9224072077861015
0.2494343876293002	1.6649242199163181	1.6233975517177313	0.6055732639715498	1.0285583997430559
0.3291807684436822	1.6277990905934876	1.6183634720564735	0.48480342550802064	1.0646052812761215
0.2025118748644209	1.6006276639967627	1.6215004361656198	0.5311555323158461	1.1160845444017362
0.1823096785915188	1.4690349339516324	1.5746018552362615	0.4707249743327977	1.2300326267283883
0.24245027766666516	1.3549219148407208	1.5493548669866641	0.3803695661689633	1.2979245828357429
0.1884799795763017	1.3304395225893035	1.4918123911264756	0.34405837663975586	1.334228178943249
0.0941820785633671	1.2166909792554672	1.3547820715003118	0.3661203172732385	1.3784146326834488
0.13749523157358925	1.1031129254888465	1.1935173342477776	0.3501440172120618	1.4482195220827019
0.08331020470601086	1.0239507752621682	1.1027179602790744	0.2900233163145612	1.5760232205804523
0.03177999094900341	0.9790239996785693	1.1044548827086595	0.2729796804288588	1.586639543501501
0.14493779969053866	0.856556264997204	1.020327124300451	0.2802247702939241	1.6399646633875635
0.049242554635373824	0.8222459228009447	1.0658344382450222	0.25821494469149187	1.7381764025413273
-0.01077439921496165	0.7548094675229698	0.8616523382808435	0.29486266030813096	1.8453699750860528
0.05974771442499097	0.587567826223702	0.8530743901509172	0.1910044753505487	1.7434235042849198
0.006962383867786068	0.4925261824881674	0.8109103739088613	0.21003804013140231	1.9051743432143884
0.062295941785165704	0.5334719042618117	0.6952760506011286	0.3461433805867843	1.7418829336155337
0.08882084647136018	0.4686934111386313	0.7048537125319864	0.2180400811083541	1.7815904934269358
0.002414463786714116	0.36734405030732564	0.6055732639715498	0.2904366747823968	1.790179452362547
0.06829111886349849	0.2494343876293002	0.48480342550802064	0.18708445244705701	1.6649242199163181
0.058244939687883426	0.3291807684436822	0.5311555323158461	0.2742425647944059	1.6277990905934876
0.13781190797593595	0.2025118748644209	0.4707249743327977	0.303059433863738	1.6006276639967627
0.09010767484370152	0.1823096785915188	0.3803695661689633	0.27708701852386997	1.4690349339516324
0.011602520460969629	0.24245027766666516	0.34405837663975586	0.2532075129717738	1.3549219148407208
0.1378070776436841	0.1884799795763017	0.3661203172732385	0.322667389965872	1.3304395225893035
0.12516299952951465	0.0941820785633671	0.3501440172120618	0.29446397653113204	1.2166909792554672
0.05609782614498001	0.13749523157358925	0.2900233163145612	0.4002864305389031	1.1031129254888465
0.09515677974904972	0.08331020470601086	0.2729796804288588	0.37261696990904114	1.0239507752621682
0.06944842657215079	0.03177999094900341	0.2802247702939241	0.4927633232372219	0.9790239996785693
0.15957082366820471	0.14493779969053866	0.25821494469149187	0.45523261170480167	0.856556264997204
0.12400603856042386	0.049242554635373824	0.29486266030813096	0.4155096478515209	0.8222459228009447
0.02100533539279313	-0.01077439921496165	0.1910044753505487	0.5639379311131012	0.7548094675229698
0.199055581677146	0.05974771442499097	0.21003804013140231	0.5328596358018302	0.587567826223702
0.11384153033567873	0.006962383867786068	0.3461433805867843	0.6447623052860193	0.4925261824881674
0.13228446777480637	0.062295941785165704	0.2180400811083541	0.5920659966179561	0.5334719042618117
0.1900619303366346	0.08882084647136018	0.2904366747823968	0.7290566252272423	0.4686934111386313
0.1490668860103328	0.002414463786714116	0.18708445244705701	0.6886758671067968	0.36734405030732564
0.21634407733965996	0.06829111886349849	0.2742425647944059	0.6570174916162157	0.2494343876293002
0.25542499296123095	0.058244939687883426	0.303059433863738	0.7849524044846908	0.3291807684436822
0.2510837568459042	0.13781190797593595	0.27708701852386997	0.8631811417021621	0.2025118748644209
0.31460909793567554	0.09010767484370152	0.2532075129717738	0.9224072077861015	0.1823096785915188
0.34583188122660247	0.011602520460969629	0.322667389965872	1.0285583997430559	0.24245027766666516
0.3362189418715763	0.1378070776436841	0.29446397653113204	1.0646052812761215	0.1884799795763017
0.40417945429387814	0.12516299952951465	0.4002864305389031	1.1160845444017362	0.0941820785633671
0.3913502639758996	0.05609782614498001	0.37261696990904114	1.2300326267283883	0.13749523157358925
0.4115512471733242	0.09515677974904972	0.4927633232372219	1.2979245828357429	0.08331020470601086
0.5099900642618725	0.06944842657215079	0.45523261170480167	1.334228178943249	0.03177999094900341
0.502676164131172	0.15957082366820471	0.4155096478515209	1.3784146326834488	0.14493779969053866
0.48801670906360906	0.12400603856042386	0.5639379311131012	1.4482195220827019	0.049242554635373824
0.5872893674788822	0.02100533539279313	0.5328596358018302	1.5760232205804523	-0.01077439921496165
0.7522157449647303	0.199055581677146	0.6447623052860193	1.586639543501501	0.05974771442499097
0.7388136365060137	0.11384153033567873	0.5920659966179561	1.6399646633875635	0.006962383867786068
0.7790097464134378	0.13228446777480637	0.7290566252272423	1.7381764025413273	0.062295941785165704
0.9202555273051167	0.1900619303366346	0.6886758671067968	1.8453699750860528	0.08882084647136018
0.8796586314771473	0.1490668860103328	0.6570174916162157	1.7434235042849198	0.002414463786714116
0.9832528553044796	0.21634407733965996	0.7849524044846908	1.9051743432143884	0.06829111886349849
1.034475758606739	0.25542499296123095	0.8631811417021621	1.7418829336155337	0.058244939687883426
1.2306727366580386	0.2510837568459042	0.9224072077861015	1.7815904934269358	0.13781190797593595
1.3133977127639367	0.31460909793567554	1.0285583997430559	1.790179452362547	0.09010767484370152
1.3943797925440764	0.34583188122660247	1.0646052812761215	1.6649242199163181	0.011602520460969629
1.6022273019460047	0.3362189418715763	1.1160845444017362	1.6277990905934876	0.1378070776436841
1.6897278354933571	0.40417945429387814	1.2300326267283883	1.6006276639967627	0.12516299952951465
1.7164120257613786	0.3913502639758996	1.2979245828357429	1.4690349339516324	0.05609782614498001
1.7519050516897887	0.4115512471733242	1.334228178943249	1.3549219148407208	0.09515677974904972
1.8831255174117896	0.5099900642618725	1.3784146326834488	1.3304395225893035	0.06944842657215079
2.016147572985231	0.502676164131172	1.4482195220827019	1.2166909792554672	0.15957082366820471
2.0710790621344226	0.48801670906360906	1.5760232205804523	1.1031129254888465	0.12400603856042386
2.042365901066236	0.5872893674788822	1.586639543501501	1.0239507752621682	0.02100533539279313
2.130653644850908	0.7522157449647303	1.6399646633875635	0.9790239996785693	0.199055581677146
2.046933067041622	0.7388136365060137	1.7381764025413273	0.856556264997204	0.11384153033567873
2.0417291060115557	0.7790097464134378	1.8453699750860528	0.8222459228009447	0.13228446777480637
1.9749618883734457	0.9202555273051167	1.7434235042849198	0.7548094675229698	0.1900619303366346
1.9212293302384156	0.8796586314771473	1.9051743432143884	0.587567826223702	0.1490668860103328
1.8647115592854109	0.9832528553044796	1.7418829336155337	0.4925261824881674	0.21634407733965996
1.6859283761029749	1.034475758606739	1.7815904934269358	0.5334719042618117	0.25542499296123095
1.5270200009346382	1.2306727366580386	1.790179452362547	0.4686934111386313	0.2510837568459042
1.3857424699049747	1.3133977127639367	1.6649242199163181	0.36734405030732564	0.31460909793567554
1.306700962542341	1.3943797925440764	1.6277990905934876	0.2494343876293002	0.34583188122660247
1.081947698645544	1.6022273019460047	1.6006276639967627	0.3291807684436822	0.3362189418715763
0.9792894061772978	1.6897278354933571	1.4690349339516324	0.2025118748644209	0.40417945429387814
0.9043418695295783	1.7164120257613786	1.3549219148407208	0.1823096785915188	0.3913502639758996
0.648302793564409	1.7519050516897887	1.3304395225893035	0.24245027766666516	0.4115512471733242
0.6098052587621127	1.8831255174117896	1.2166909792554672	0.1884799795763017	0.5099900642618725
0.5959061832334492	2.016147572985231	1.1031129254888465	0.0941820785633671	0.502676164131172
0.35539488612754155	2.0710790621344226	1.0239507752621682	0.13749523157358925	0.48801670906360906
0.3196083570791728	2.042365901066236	0.9790239996785693	0.08331020470601086	0.5872893674788822
0.23710128762932928	2.130653644850908	0.856556264997204	0.03177999094900341	0.7522157449647303
0.22810953738635467	2.046933067041622	0.8222459228009447	0.14493779969053866	0.7388136365060137
0.12064631553365887	2.0417291060115557	0.7548094675229698	0.049242554635373824	0.7790097464134378
0.055208574164320685	1.9749618883734457	0.587567826223702	-0.01077439921496165	0.9202555273051167
0.016336366878876622	1.9212293302384156	0.4925261824881674	0.05974771442499097	0.8796586314771473
-0.13937645526642206	1.8647115592854109	0.5334719042618117	0.006962383867786068	0.9832528553044796
-0.11013556826381085	1.6859283761029749	0.4686934111386313	0.062295941785165704	1.034475758606739
-0.2674812775511315	1.5270200009346382	0.36734405030732564	0.08882084647136018	1.2306727366580386
-0.11870583059104681	1.3857424699049747	0.2494343876293002	0.002414463786714116	1.3133977127639367
-0.22752289223394406	1.306700962542341	0.3291807684436822	0.06829111886349849	1.3943797925440764
-0.24791013787126026	1.081947698645544	0.2025118748644209	0.058244939687883426	1.6022273019460047
-0.2913627054900126	0.9792894061772978	0.1823096785915188	0.13781190797593595	1.6897278354933571
-0.3519766228336225	0.9043418695295783	0.24245027766666516	0.09010767484370152	1.7164120257613786
-0.3301135988185065	0.648302793564409	0.1884799795763017	0.011602520460969629	1.7519050516897887
-0.3911126120070949	0.6098052587621127	0.0941820785633671	0.1378070776436841	1.8831255174117896
-0.40139695355215654	0.5959061832334492	0.13749523157358925	0.12516299952951465	2.016147572985231
-0.36032838161822806	0.35539488612754155	0.08331020470601086	0.05609782614498001	2.0710790621344226
-0.4921381774187199	0.3196083570791728	0.03177999094900341	0.09515677974904972	2.042365901066236
-0.5187584447279734	0.23710128762932928	0.14493779969053866	0.06944842657215079	2.130653644850908
-0.4922801853916645	0.22810953738635467	0.049242554635373824	0.15957082366820471	2.046933067041622
-0.5091978523152986	0.12064631553365887	-0.01077439921496165	0.12400603856042386	2.0417291060115557
-0.4962816461315171	0.055208574164320685	0.05974771442499097	0.02100533539279313	1.9749618883734457
-0.6043781262487187	0.016336366878876622	0.006962383867786068	0.199055581677146	1.9212293302384156
-0.5875137983660325	-0.13937645526642206	0.062295941785165704	0.11384153033567873	1.8647115592854109
-0.5925355813484837	-0.11013556826381085	0.08882084647136018	0.13228446777480637	1.6859283761029749
-0.655940927414647	-0.2674812775511315	0.002414463786714116	0.1900619303366346	1.5270200009346382
-0.6537360280236727	-0.11870583059104681	0.06829111886349849	0.1490668860103328	1.3857424699049747
-0.6235315074998066	-0.22752289223394406	0.058244939687883426	0.21634407733965996	1.306700962542341
-0.8147867754782834	-0.24791013787126026	0.13781190797593595	0.25542499296123095	1.081947698645544
-0.7519458844917087	-0.2913627054900126	0.09010767484370152	0.2510837568459042	0.9792894061772978
-0.8355575925900371	-0.3519766228336225	0.011602520460969629	0.31460909793567554	0.9043418695295783
-0.8963322027731557	-0.3301135988185065	0.1378070776436841	0.34583188122660247	0.648302793564409
-0.9028679683822063	-0.3911126120070949	0.12516299952951465	0.3362189418715763	0.6098052587621127
-0.9737732931932641	-0.40139695355215654	0.05609782614498001	0.40417945429387814	0.5959061832334492
-1.050602252625177	-0.36032838161822806	0.09515677974904972	0.3913502639758996	0.35539488612754155
-1.0168407224384333	-0.4921381774187199	0.06944842657215079	0.4115512471733242	0.3196083570791728
-1.170989586365222	-0.5187584447279734	0.15957082366820471	0.5099900642618725	0.23710128762932928
-1.130717875220118	-0.4922801853916645	0.12400603856042386	0.502676164131172	0.22810953738635467
-1.2261898060608845	-0.5091978523152986	0.02100533539279313	0.48801670906360906	0.12064631553365887
-1.3882431042591832	-0.4962816461315171	0.199055581677146	0.5872893674788822	0.055208574164320685
-1.3387001801298979	-0.6043781262487187	0.11384153033567873	0.7522157449647303	0.016336366878876622
-1.4706536799387295	-0.5875137983660325	0.13228446777480637	0.7388136365060137	-0.13937645526642206
-1.5153254634165787	-0.5925355813484837	0.1900619303366346	0.7790097464134378	-0.11013556826381085
-1.586330442299328	-0.655940927414647	0.1490668860103328	0.9202555273051167	-0.2674812775511315
-1.549005701233153	-0.6537360280236727	0.21634407733965996	0.8796586314771473	-0.11870583059104681
-1.6660413606858713	-0.6235315074998066	0.25542499296123095	0.9832528553044796	-0.22752289223394406
-1.6901467888365915	-0.8147867754782834	0.2510837568459042	1.034475758606739	-0.24791013787126026
-1.6661926230770476	-0.7519458844917087	0.31460909793567554	1.2306727366580386	-0.2913627054900126
-1.7155367006468571	-0.8355575925900371	0.34583188122660247	1.3133977127639367	-0.3519766228336225
-1.7049897690139721	-0.8963322027731557	0.3362189418715763	1.3943797925440764	-0.3301135988185065
-1.6922755452005238	-0.9028679683822063	0.40417945429387814	1.6022273019460047	-0.3911126120070949
-1.6573506481867974	-0.9737732931932641	0.3913502639758996	1.6897278354933571	-0.40139695355215654
-1.70188758114976	-1.050602252625177	0.4115512471733242	1.7164120257613786	-0.36032838161822806
-1.603997225256852	-1.0168407224384333	0.5099900642618725	1.7519050516897887	-0.4921381774187199
-1.6702532717147178	-1.170989586365222	0.502676164131172	1.8831255174117896	-0.5187584447279734
-1.4369486745100226	-1.130717875220118	0.48801670906360906	2.016147572985231	-0.4922801853916645
-1.5430023751319295	-1.2261898060608845	0.5872893674788822	2.0710790621344226	-0.5091978523152986
-1.3572885378744433	-1.3882431042591832	0.7522157449647303	2.042365901066236	-0.4962816461315171
-1.2612413491519454	-1.3387001801298979	0.7388136365060137	2.130653644850908	-0.6043781262487187
-1.2065969947094066	-1.4706536799387295	0.7790097464134378	2.046933067041622	-0.5875137983660325
-1.1457191250885401	-1.5153254634165787	0.9202555273051167	2.0417291060115557	-0.5925355813484837
-1.1222969753918424	-1.586330442299328	0.8796586314771473	1.9749618883734457	-0.655940927414647
-1.0630897205644394	-1.549005701233153	0.9832528553044796	1.9212293302384156	-0.6537360280236727
-0.9877429763298349	-1.6660413606858713	1.034475758606739	1.8647115592854109	-0.6235315074998066
-0.8963242320421361	-1.6901467888365915	1.2306727366580386	1.6859283761029749	-0.8147867754782834
-0.8658803803555009	-1.6661926230770476	1.3133977127639367	1.5270200009346382	-0.7519458844917087
-0.7556182845341719	-1.7155367006468571	1.3943797925440764	1.3857424699049747	-0.8355575925900371
-0.727862921640617	-1.7049897690139721	1.6022273019460047	1.306700962542341	-0.8963322027731557
-0.5594017724733207	-1.6922755452005238	1.6897278354933571	1.081947698645544	-0.9028679683822063
-0.6293600169966039	-1.6573506481867974	1.7164120257613786	0.9792894061772978	-0.9737732931932641
-0.5799275093962695	-1.70188758114976	1.7519050516897887	0.9043418695295783	-1.050602252625177
-0.609399522739613	-1.603997225256852	1.8831255174117896	0.648302793564409	-1.0168407224384333
-0.49194767640081355	-1.6702532717147178	2.016147572985231	0.6098052587621127	-1.170989586365222
-0.3934225007722224	-1.4369486745100226	2.0710790621344226	0.5959061832334492	-1.130717875220118
-0.4211313774820876	-1.5430023751319295	2.042365901066236	0.35539488612754155	-1.2261898060608845
-0.521267631339497	-1.3572885378744433	2.130653644850908	0.3196083570791728	-1.3882431042591832
-0.4728318637914722	-1.2612413491519454	2.046933067041622	0.23710128762932928	-1.3387001801298979
-0.4026021699441797	-1.2065969947094066	2.0417291060115557	0.22810953738635467	-1.4706536799387295
-0.36905586239649346	-1.1457191250885401	1.9749618883734457	0.12064631553365887	-1.5153254634165787
-0.3247931555325893	-1.1222969753918424	1.9212293302384156	0.055208574164320685	-1.586330442299328
-0.34305413367612414	-1.0630897205644394	1.8647115592854109	0.016336366878876622	-1.549005701233153
-0.3323034864634792	-0.9877429763298349	1.6859283761029749	-0.13937645526642206	-1.6660413606858713
-0.40499536769253186	-0.8963242320421361	1.5270200009346382	-0.11013556826381085	-1.6901467888365915
-0.3570566808775928	-0.8658803803555009	1.3857424699049747	-0.2674812775511315	-1.6661926230770476
-0.3487732787845932	-0.7556182845341719	1.306700962542341	-0.11870583059104681	-1.7155367006468571
-0.37849713356482817	-0.727862921640617	1.081947698645544	-0.22752289223394406	-1.7049897690139721
-0.35689146196116334	-0.5594017724733207	0.9792894061772978	-0.24791013787126026	-1.6922755452005238
-0.36846008211121417	-0.6293600169966039	0.9043418695295783	-0.2913627054900126	-1.6573506481867974
-0.36477545574104553	-0.5799275093962695	0.648302793564409	-0.3519766228336225	-1.70188758114976
-0.32624164580649195	-0.609399522739613	0.6098052587621127	-0.3301135988185065	-1.603997225256852
-0.4361136702267665	-0.49194767640081355	0.5959061832334492	-0.3911126120070949	-1.6702532717147178
-0.4039317075670681	-0.3934225007722224	0.35539488612754155	-0.40139695355215654	-1.4369486745100226
-0.43785676423910047	-0.4211313774820876	0.3196083570791728	-0.36032838161822806	-1.5430023751319295
-0.42868039847079964	-0.521267631339497	0.23710128762932928	-0.4921381774187199	-1.3572885378744433
-0.42954728993542524	-0.4728318637914722	0.22810953738635467	-0.5187584447279734	-1.2612413491519454
-0.49229614908240427	-0.4026021699441797	0.12064631553365887	-0.4922801853916645	-1.2065969947094066
-0.5446294966293782	-0.36905586239649346	0.055208574164320685	-0.5091978523152986	-1.1457191250885401
-0.44214648033514437	-0.3247931555325893	0.016336366878876622	-0.4962816461315171	-1.1222969753918424
-0.5875825472678768	-0.34305413367612414	-0.13937645526642206	-0.6043781262487187	-1.0630897205644394
-0.6734988872435242	-0.3323034864634792	-0.11013556826381085	-0.5875137983660325	-0.9877429763298349
-0.6321702654717088	-0.40499536769253186	-0.2674812775511315	-0.5925355813484837	-0.8963242320421361
-0.6892004984430146	-0.3570566808775928	-0.11870583059104681	-0.655940927414647	-0.8658803803555009
-0.7422877213839625	-0.3487732787845932	-0.22752289223394406	-0.6537360280236727	-0.7556182845341719
-0.8182258015466181	-0.37849713356482817	-0.24791013787126026	-0.6235315074998066	-0.727862921640617
-0.8181495391781035	-0.35689146196116334	-0.2913627054900126	-0.8147867754782834	-0.5594017724733207
-0.8595503664856297	-0.36846008211121417	-0.3519766228336225	-0.7519458844917087	-0.6293600169966039
-1.0166299249546753	-0.36477545574104553	-0.3301135988185065	-0.8355575925900371	-0.5799275093962695
-1.1127904777931803	-0.32624164580649195	-0.3911126120070949	-0.8963322027731557	-0.609399522739613
-1.1035493785060353	-0.4361136702267665	-0.40139695355215654	-0.9028679683822063	-0.49194767640081355
-1.1493043489099406	-0.4039317075670681	-0.36032838161822806	-0.9737732931932641	-0.3934225007722224
-1.2890177800837999	-0.43785676423910047	-0.4921381774187199	-1.050602252625177	-0.4211313774820876
-1.399243399601136	-0.42868039847079964	-0.5187584447279734	-1.0168407224384333	-0.521267631339497
-1.4312260933804237	-0.42954728993542524	-0.4922801853916645	-1.170989586365222	-0.4728318637914722
-1.5217212914467468	-0.49229614908240427	-0.5091978523152986	-1.130717875220118	-0.4026021699441797
-1.4760838061355035	-0.5446294966293782	-0.4962816461315171	-1.2261898060608845	-0.36905586239649346
-1.6543627729941193	-0.44214648033514437	-0.6043781262487187	-1.3882431042591832	-0.3247931555325893
-1.71088018929113	-0.5875825472678768	-0.5875137983660325	-1.3387001801298979	-0.34305413367612414
-1.7907305925617665	-0.6734988872435242	-0.5925355813484837	-1.4706536799387295	-0.3323034864634792
-1.7781366153977716	-0.6321702654717088	-0.655940927414647	-1.5153254634165787	-0.40499536769253186
-1.7151184400197468	-0.6892004984430146	-0.6537360280236727	-1.586330442299328	-0.3570566808775928
-1.7778965605469426	-0.7422877213839625	-0.6235315074998066	-1.549005701233153	-0.3487732787845932
-1.8065325408819328	-0.8182258015466181	-0.8147867754782834	-1.6660413606858713	-0.37849713356482817
-1.8019949631157428	-0.8181495391781035	-0.7519458844917087	-1.6901467888365915	-0.35689146196116334
-1.8101773188711212	-0.8595503664856297	-0.8355575925900371	-1.6661926230770476	-0.36846008211121417
-1.8395536935852004	-1.0166299249546753	-0.8963322027731557	-1.7155367006468571	-0.36477545574104553
-1.6744689179643772	-1.1127904777931803	-0.9028679683822063	-1.7049897690139721	-0.32624164580649195
-1.5533182875074867	-1.1035493785060353	-0.9737732931932641	-1.6922755452005238	-0.4361136702267665
-1.5830250422795324	-1.1493043489099406	-1.050602252625177	-1.6573506481867974	-0.4039317075670681
-1.6417071090323319	-1.2890177800837999	-1.0168407224384333	-1.70188758114976	-0.43785676423910047
-1.446044773520787	-1.399243399601136	-1.170989586365222	-1.603997225256852	-0.42868039847079964
-1.3157923427801848	-1.4312260933804237	-1.130717875220118	-1.6702532717147178	-0.42954728993542524
-1.320287772891972	-1.5217212914467468	-1.2261898060608845	-1.4369486745100226	-0.49229614908240427
-1.0950620687146126	-1.4760838061355035	-1.3882431042591832	-1.5430023751319295	-0.5446294966293782
-1.0596060352205336	-1.6543627729941193	-1.3387001801298979	-1.3572885378744433	-0.44214648033514437
-0.9122200767644218	-1.71088018929113	-1.4706536799387295	-1.2612413491519454	-0.5875825472678768
-0.8692027286724073	-1.7907305925617665	-1.5153254634165787	-1.2065969947094066	-0.6734988872435242
-0.8811432090561885	-1.7781366153977716	-1.586330442299328	-1.1457191250885401	-0.6321702654717088
-0.7965210099244191	-1.7151184400197468	-1.549005701233153	-1.1222969753918424	-0.6892004984430146
-0.5947028986565139	-1.7778965605469426	-1.6660413606858713	-1.0630897205644394	-0.7422877213839625
-0.6168220362116559	-1.8065325408819328	-1.6901467888365915	-0.9877429763298349	-0.8182258015466181
-0.47431254139246926	-1.8019949631157428	-1.6661926230770476	-0.8963242320421361	-0.8181495391781035
-0.45559437567647393	-1.8101773188711212	-1.7155367006468571	-0.8658803803555009	-0.8595503664856297
-0.4611685263822473	-1.8395536935852004	-1.7049897690139721	-0.7556182845341719	-1.0166299249546753
-0.35296803802356197	-1.6744689179643772	-1.6922755452005238	-0.727862921640617	-1.1127904777931803
-0.44856844523193096	-1.5533182875074867	-1.6573506481867974	-0.5594017724733207	-1.1035493785060353
-0.29609624417095187	-1.5830250422795324	-1.70188758114976	-0.6293600169966039	-1.1493043489099406
-0.2844773981977098	-1.6417071090323319	-1.603997225256852	-0.5799275093962695	-1.2890177800837999
-0.26810644779061943	-1.446044773520787	-1.6702532717147178	-0.609399522739613	-1.399243399601136
-0.2423113016669599	-1.3157923427801848	-1.4369486745100226	-0.49194767640081355	-1.4312260933804237
-0.19467684503453675	-1.320287772891972	-1.5430023751319295	-0.3934225007722224	-1.5217212914467468
-0.1443109836511244	-1.0950620687146126	-1.3572885378744433	-0.4211313774820876	-1.4760838061355035
-0.23381948820369308	-1.0596060352205336	-1.2612413491519454	-0.521267631339497	-1.6543627729941193
-0.21870275702699127	-0.9122200767644218	-1.2065969947094066	-0.4728318637914722	-1.71088018929113
-0.18725588717219918	-0.8692027286724073	-1.1457191250885401	-0.4026021699441797	-1.7907305925617665
-0.21325742032987824	-0.8811432090561885	-1.1222969753918424	-0.36905586239649346	-1.7781366153977716
-0.15057765250302813	-0.7965210099244191	-1.0630897205644394	-0.3247931555325893	-1.7151184400197468
-0.17391174025559644	-0.5947028986565139	-0.9877429763298349	-0.34305413367612414	-1.7778965605469426
-0.14689617759376974	-0.6168220362116559	-0.8963242320421361	-0.3323034864634792	-1.8065325408819328
-0.04160364696476382	-0.47431254139246926	-0.8658803803555009	-0.40499536769253186	-1.8019949631157428
-0.11867326693130581	-0.45559437567647393	-0.7556182845341719	-0.3570566808775928	-1.8101773188711212
-0.19819811497992162	-0.4611685263822473	-0.727862921640617	-0.3487732787845932	-1.8395536935852004
-0.21070432909693826	-0.35296803802356197	-0.5594017724733207	-0.37849713356482817	-1.6744689179643772
-0.13938138802900416	-0.44856844523193096	-0.6293600169966039	-0.35689146196116334	-1.5533182875074867
-0.1891784519344384	-0.29609624417095187	-0.5799275093962695	-0.36846008211121417	-1.5830250422795324
-0.16818855296758906	-0.2844773981977098	-0.609399522739613	-0.36477545574104553	-1.6417071090323319
-0.2154971647630614	-0.26810644779061943	-0.49194767640081355	-0.32624164580649195	-1.446044773520787
-0.21776095745422835	-0.2423113016669599	-0.3934225007722224	-0.4361136702267665	-1.3157923427801848
-0.17547525873064027	-0.19467684503453675	-0.4211313774820876	-0.4039317075670681	-1.320287772891972
-0.24956207781080153	-0.1443109836511244	-0.521267631339497	-0.43785676423910047	-1.0950620687146126
-0.2564383856220197	-0.23381948820369308	-0.4728318637914722	-0.42868039847079964	-1.0596060352205336
-0.24135489775652252	-0.21870275702699127	-0.4026021699441797	-0.42954728993542524	-0.9122200767644218
-0.3426680123449231	-0.18725588717219918	-0.36905586239649346	-0.49229614908240427	-0.8692027286724073
-0.31077379012093037	-0.21325742032987824	-0.3247931555325893	-0.5446294966293782	-0.8811432090561885
-0.3567579120471807	-0.15057765250302813	-0.34305413367612414	-0.44214648033514437	-0.7965210099244191
-0.4235089679978412	-0.17391174025559644	-0.3323034864634792	-0.5875825472678768	-0.5947028986565139
-0.2998507528175526	-0.14689617759376974	-0.40499536769253186	-0.6734988872435242	-0.6168220362116559
-0.4105733329049444	-0.04160364696476382	-0.3570566808775928	-0.6321702654717088	-0.47431254139246926
-0.43663653967684474	-0.11867326693130581	-0.3487732787845932	-0.6892004984430146	-0.45559437567647393
-0.5593536503220825	-0.19819811497992162	-0.37849713356482817	-0.7422877213839625	-0.4611685263822473
-0.48332130957330904	-0.21070432909693826	-0.35689146196116334	-0.8182258015466181	-0.35296803802356197
-0.5627313267455999	-0.13938138802900416	-0.36846008211121417	-0.8181495391781035	-0.44856844523193096
-0.52344915066262	-0.1891784519344384	-0.36477545574104553	-0.8595503664856297	-0.29609624417095187
-0.6172273694539664	-0.16818855296758906	-0.32624164580649195	-1.0166299249546753	-0.2844773981977098
-0.6498535921433749	-0.2154971647630614	-0.4361136702267665	-1.1127904777931803	-0.26810644779061943
-0.7835621234844234	-0.21776095745422835	-0.4039317075670681	-1.1035493785060353	-0.2423113016669599
-0.8138070843036376	-0.17547525873064027	-0.43785676423910047	-1.1493043489099406	-0.19467684503453675
-0.9263827007987155	-0.24956207781080153	-0.42868039847079964	-1.2890177800837999	-0.1443109836511244
-0.9036999227998008	-0.2564383856220197	-0.42954728993542524	-1.399243399601136	-0.23381948820369308
-1.0831181309347755	-0.24135489775652252	-0.49229614908240427	-1.4312260933804237	-0.21870275702699127
-1.1554892283769405	-0.3426680123449231	-0.5446294966293782	-1.5217212914467468	-0.18725588717219918
-1.17192936184025	-0.31077379012093037	-0.44214648033514437	-1.4760838061355035	-0.21325742032987824
-1.2776638163901224	-0.3567579120471807	-0.5875825472678768	-1.6543627729941193	-0.15057765250302813
-1.3629080051244704	-0.4235089679978412	-0.6734988872435242	-1.71088018929113	-0.17391174025559644
-1.3007388255605705	-0.2998507528175526	-0.6321702654717088	-1.7907305925617665	-0.14689617759376974
-1.6023078687251244	-0.4105733329049444	-0.6892004984430146	-1.7781366153977716	-0.04160364696476382
-1.6149543276087601	-0.43663653967684474	-0.7422877213839625	-1.7151184400197468	-0.11867326693130581
-1.7088126190457655	-0.5593536503220825	-0.8182258015466181	-1.7778965605469426	-0.19819811497992162
-1.8002756530462538	-0.48332130957330904	-0.8181495391781035	-1.8065325408819328	-0.21070432909693826
-1.904874917466164	-0.5627313267455999	-0.8595503664856297	-1.8019949631157428	-0.13938138802900416
-1.8872132213480246	-0.52344915066262	-1.0166299249546753	-1.8101773188711212	-0.1891784519344384
-1.9267025929919186	-0.6172273694539664	-1.1127904777931803	-1.8395536935852004	-0.16818855296758906
-1.987575192413165	-0.6498535921433749	-1.1035493785060353	-1.6744689179643772	-0.2154971647630614
-2.028611247030345	-0.7835621234844234	-1.1493043489099406	-1.5533182875074867	-0.21776095745422835
-1.9534148726442375	-0.8138070843036376	-1.2890177800837999	-1.5830250422795324	-0.17547525873064027
