0.035510908830836886	0.17029049023197756	0.5449259638497428	0.7875251105102455	0.7369211268599962	0.7989796197037021	1.0939776057544364	1.3023310383262974	1.3238772355166433	1.296316832444268	1.3821154095550086	1.4867067737484494	1.4822576714133164	1.4319723417134596	1.407784542097059	1.409542438056252	1.5526632194007761	1.5369045094998135	1.532237250662284	1.4937902894579533	1.4591821671436018	1.4389373962644654	1.4077806862792175	1.3926668318525952	1.4219757846385308	1.4477374348313898	1.4251175405868144	1.3996285856028023	1.3753131382745636	1.3521984405823526	1.3303838791423739
0.3864052956998508	0.42068250786836936	0.4909814008048835	0.8698866504797228	0.7917879036742453	0.8629478189300194	0.7992241719280838	0.7683099663989028	0.7706072004884994	0.9599909984792547	1.008377906090661	1.0622310160707327	1.0780881764486552	1.295874894661881	1.283648401642531	1.2490900623340808	1.2652730058257207	1.2297214874557219	1.2077095272725704	1.1771911184717074	1.1492777894763855	1.1261473192503022	1.1015151376219947	1.0791114879070085	1.0588944916355614	1.0518818334753155	1.0349195279306673	1.0409492604138662	1.1358260390291635	1.126178754127981	1.1078658821819183
0.8685080191986287	0.7975467949816963	1.1628664502544503	1.6705717657893022	1.526141319759215	1.4149239856618214	1.3102410147925347	1.2306239922731765	1.1625072343601053	1.1349310036221376	1.085003735444593	1.0485692012427015	1.0505037448868004	1.0514776562072417	1.0600316632733875	1.2550194976515996	1.2180447997257333	1.1957337027750008	1.2020281330326457	1.1897115600744577	1.258379312909392	1.2309592965710756	1.2176335630468307	1.2755290314964987	1.2986856687647512	1.2794618944693	1.2557219472819197	1.2332483702960204	1.211850378846254	1.1924597563387571	1.183025268123484
0.6353584614673113	0.9811625233060662	0.9338027308234695	1.5043688320626845	1.6513698609661636	1.5185058209600333	1.4135291908940864	1.3512846284277904	1.2744595397729075	1.209627468785871	1.1611832491194118	1.1121282931264806	1.0685885245362194	1.0297740807183295	0.9950981440009903	0.9640278565170299	0.9381466174134808	0.9248214304703609	0.9001810310713864	0.877581675340156	0.8574018761210596	0.8432672101974421	0.8247635609449991	0.8075497865938234	0.7931410644073098	0.780823073299655	0.7662364594858829	0.7552082613792206	0.7429823709145462	0.7391615030432088	0.7817681333647627
0.5979448572626904	1.3626469577929432	1.3643502190406802	1.2255394477228028	1.129442042568571	1.110703554381677	1.3678449925492178	1.368636090054761	1.336212032290507	1.4567286448953485	1.4856854108908135	1.458756621575315	1.5179143882473467	1.6624713909046616	1.6272745861575133	1.5840613101375112	1.541376602467145	1.5107493041202138	1.5239123479475087	1.5519420273627587	1.644107640275374	1.633895783136848	1.6181093956007457	1.586176122141248	1.5651785788669315	1.586930980247057	1.5784706172700549	1.6006403747838231	1.681707798193841	1.6542782045294795	1.6285319611975748
0.3655487067229362	0.5454773034029191	0.844895728429359	1.4285138402976185	1.4450720417364122	1.4483547998223525	1.7877678321873414	1.7237549912598822	1.62822371238253	1.5461489025909756	1.4764602835742568	1.432155054325384	1.3849042223952914	1.3828128199705016	1.5317396667958354	1.4945990355420167	1.452624624425204	1.413093887701923	1.3830165009811326	1.3762842228535834	1.3824931045111235	1.5549792051961742	1.52227453416126	1.5317573891619616	1.50081046640807	1.4747430361941056	1.4687892384514054	1.4425443539362925	1.4174697742753357	1.3937075586882761	1.3721475686636007
0.4525712325503645	0.5137013925698598	0.9899952784811714	1.0211717548830332	1.2172333318742137	1.1153809822551026	1.0818794803889884	1.0706215049783425	1.3588401718572336	1.2923764246302587	1.260502793730554	1.381543263444234	1.504982724109885	1.4514933344018581	1.42380323735132	1.4986243924741893	1.5199094559110589	1.4774645018367105	1.4471782813268603	1.470264959180646	1.498321427713037	1.5064403841400946	1.4762000876030066	1.46406319487194	1.4698611891302682	1.578315614254107	1.5717640862142204	1.5701750464709434	1.5431961591986205	1.518634127797802	1.5002562325113178
0.1528099759388516	0.2721399108460731	0.2379792447352401	0.3785509906522506	0.4555165082950144	0.8775332633763868	0.8365533676033855	0.7880540761132865	0.76342385894625	0.8268676186412032	0.7911170283291585	0.801858680309429	0.7901377454870642	0.875524013119616	1.0928171368327981	1.126802612678505	1.1789387173640387	1.1485926890136366	1.1306315751943752	1.208262850139408	1.2230843560933322	1.2062160946876612	1.203876818242519	1.3234222955259471	1.297649825645744	1.2881593748254898	1.3431460687968115	1.3469983854407195	1.3250974245127907	1.302856259413739	1.2817457727375483
0.41095278493592374	0.30288466167621425	0.36077790486304684	0.3595742663624494	0.7136700422931874	0.9571930184584986	1.3821698727171916	1.3987781823177647	1.45698862649591	1.4914521186344236	1.4525717956234276	1.5300860863593602	1.5954790565394226	1.6223717657544459	1.6216069989936508	1.6552035191363552	1.786852798647775	1.7504362892506857	1.7107603571416716	1.668406658769661	1.6352623273910742	1.6219089773948403	1.660535095892479	1.716312067170072	1.6935131337274967	1.661459932351287	1.6408813680710033	1.6121296530769251	1.5952137970060107	1.5913294629819144	1.6449081241770873
0.33007867180260836	0.47037863110527245	0.8078751453185121	0.845517186655887	1.461425736143337	1.5545728920372572	1.477468636105528	1.3852944628479906	1.3246833571629808	1.2830553635309225	1.4074926651180006	1.4362277995177717	1.4117610201625903	1.4121212666901048	1.6239589522762243	1.5943360193317884	1.679199429481521	1.700113994721746	1.6976413819937273	1.6571088021298346	1.6305435544041	1.661330196797287	1.6323749628803024	1.635201848888696	1.715182249057215	1.7569082349156158	1.7305616907208379	1.705308399658054	1.6944558662237053	1.6666386003158797	1.6523205077683905
0.3007880061006377	0.28592258138755977	0.3583064253581193	0.6125510119427576	0.6201699398259131	1.020814776738903	1.3954252793823898	1.448667238376639	1.3910394304188327	1.3308329486553856	1.311426540089419	1.4487533918576403	1.4244257897413029	1.4361730478403778	1.6799460896231146	1.6316881032815373	1.661728336144412	1.6249313237029277	1.5912528868990448	1.6265006371149164	1.6526818853115608	1.641021778757108	1.6163572731115903	1.6553544386594605	1.622057730095934	1.597229189912624	1.6005500554972545	1.5756835027778486	1.5879092523899216	1.5613908866414001	1.5372234602943462
0.11349630416629013	0.18137848220098565	0.34764636909287466	0.37330027726824844	0.4895137961154191	0.764377968635327	1.1011987769423561	1.4217818489002694	1.352444684174006	1.38804392031643	1.4139495607445391	1.3624721576491792	1.3528086283141034	1.4383836500809652	1.510933213990799	1.4629629879280412	1.4294887879948233	1.454522710809373	1.4838337195513993	1.466888531318986	1.4331191613697976	1.418258255202044	1.3886224864990477	1.3781588996184735	1.3715387089099245	1.4208327564973842	1.4292278578408188	1.4139196073324543	1.3896080887218727	1.3708841469065538	1.3549916380605296
0.2913940951063714	0.2757291901875727	0.5126184046755837	1.0658119834886588	0.9741681981867322	0.9301623621988836	1.0794301211924506	1.0996742639535384	1.1396184165980032	1.1210943925198111	1.2762189162847877	1.279438468563873	1.2445789011760187	1.2735664409823768	1.2834270452287837	1.3968197411723473	1.4520320921435599	1.4641096492056642	1.4833884977007734	1.4478769045992743	1.4216688073404466	1.4621766253821513	1.5025858017931768	1.4733177854391795	1.454641227385182	1.4904994581610091	1.519670089760586	1.4967885435199277	1.4843144704288633	1.5201950554611992	1.5298539243379625
0.062303695453330865	0.054715788690167494	0.04838652136849816	0.07813179172901678	0.10583434692991969	0.1925161213576817	0.34132389499792976	0.3250339830686331	0.3070089482964126	0.2963898142373018	0.28473182819454473	0.2802219100926758	0.31458552226334807	0.3088279036637115	0.38976150912476787	0.7064639548796708	0.6969473239330886	0.7271343258920239	0.9121024833856657	0.9564788588159698	0.9364670555586831	0.9149420274630333	0.894928361824349	0.8775468498165463	0.8672150555881609	0.8641904868202671	0.9253724171658301	0.9259378680639732	0.9837893272688844	1.108593495677196	1.1350353554494026
0.864059239551877	0.816145776133205	1.0773500630983979	1.6222181403965883	1.8356434963990236	1.6871591009479459	1.586057343176255	1.6036414709070028	1.5560929406680044	1.5398322703185985	1.4966340089755814	1.623692069765419	1.5633956350723022	1.5198850377768764	1.548522747663218	1.551367692972956	1.5616361225474698	1.5329459004177157	1.5664610686362859	1.6125200739064958	1.660744428728934	1.6420583216360292	1.6165468973021917	1.6588231671986207	1.6261917497885723	1.6032763554752993	1.6413890534448408	1.6321999865187267	1.6038859310492852	1.5774397999844703	1.5527829103266
1.1304054944922775	0.9020808079986468	1.37084426300318	1.5249476666438717	1.586918186777035	1.4691123162520279	1.4756845104200134	1.6110998158393113	1.8616962036187963	1.7819236580828375	1.7011626881127633	1.6288525276321961	1.5659121602984143	1.510488247637521	1.46765264107487	1.4345389478990347	1.483536749517737	1.4699486286959897	1.4432662727814716	1.4420970075885462	1.56046175595871	1.5297356313764046	1.4982068692883217	1.4785433377602213	1.4490991887501103	1.4271482485870064	1.4128974670556207	1.431035095459076	1.4070506330303412	1.396595812468331	1.3900718884222483
0.16807009632225775	0.3180336869037514	0.26063405966794606	0.23080484342332191	0.2080458056974289	0.21474143634271595	0.2159999447413657	0.282857659747965	0.5884885705640552	0.558307180970711	0.5485702604648274	0.6059292523125085	0.5823366975862325	0.578195689993183	0.6023197764608904	0.7308904154960909	0.7194678124311642	0.7039715248112952	0.694610498132738	0.7598713783296649	0.8463451012299722	1.0239026818401065	1.0549272486404573	1.0996045724053178	1.1345148967109568	1.1274448259752954	1.1731862166416882	1.255162447135966	1.2869410618736323	1.2654018186719622	1.2514420349938493
0.4227059114411186	0.9182401977691868	0.7763233741876314	0.6725720263648644	0.602072905641229	0.5496593812320828	0.5094013668932774	0.47983420325225457	0.45682684361657816	0.46302564307853117	0.4550605091395061	0.4916769932184171	0.6392452090187968	0.8311168893642674	1.138836683993994	1.1039609430430768	1.0734810976336375	1.0434674769705796	1.0156388868894526	0.9900462899806006	0.9662976649288318	0.9440999141392199	0.9238961893444496	0.9049732803045613	0.8887255964628946	0.8843706470752104	0.8868503897606639	0.8989466105102673	1.0148813760797581	0.9981360290617892	0.9903880756118704
0.004717885501715714	0.09929252508785942	0.09277557499232533	0.10812220374819996	0.11316853718253926	0.21122717315904396	0.2310128866893603	0.4017421164423753	0.8087361661745235	0.7894974971465752	0.7581091722616393	0.7805292406814994	0.7801983237427368	0.8563127744170601	0.9613560881546137	1.0681176719511496	1.0401213727281093	1.013808475273572	1.0018827511307304	0.9778492645296804	0.9802177270818392	1.08371043108845	1.076044993429355	1.054680656028852	1.0343295251792992	1.0149634862322603	1.0040426931034343	1.0152382546571799	1.0088623217380588	1.0120570878010817	1.1084270812074635
0.5420694622324163	0.8904709187854593	1.1296073376758673	1.0670692701705	1.3497175734295825	1.4437337578870781	1.4697562409928517	1.5454274356399922	1.691764342349319	1.6326470076129946	1.5571211162743122	1.4980797424053518	1.4424187092990517	1.4212783366349253	1.476239243239043	1.5127899315401259	1.4918885364599608	1.4498611275831086	1.413515508376312	1.3815040217467485	1.3715895883672489	1.370353816007701	1.4882055771240823	1.4576317909323349	1.459872873772672	1.4315387418915546	1.407809549911237	1.4038439787233317	1.3809799923358617	1.3603507125197623	1.3387189986785717
0.7216497446524033	1.1308300559351903	1.3493265682749935	2.1293770010383106	1.9185840730062138	1.7547023963048989	1.6296381713851604	1.5344609773394233	1.4715295010809644	1.5292526682510115	1.4920159087731333	1.5618630411099081	1.7363062143104058	1.7139188839473962	1.6734983312986043	1.6272769537766547	1.6008486045028056	1.6494032706454262	1.666413577584346	1.6878314742264395	1.7431715397931893	1.7655154435321754	1.7277871327316714	1.7012961948526182	1.7230945450486899	1.6952541794619265	1.6655087594108264	1.6444184775187018	1.6609637558999617	1.6697229081646534	1.7163511055984833
0.21686351276181445	0.1614318766662033	0.21360404482520257	0.4754396454352501	0.42772091825018227	0.42629404731142045	0.4684903457632144	0.6948320139674928	0.7864514397502124	1.2226903999143262	1.1950778653897838	1.1555862833342871	1.1134972398495957	1.0886136406303852	1.1014986535324387	1.1746214473377465	1.388472641085331	1.3557121643743324	1.324391256250791	1.2995707872813154	1.2779854690332082	1.2782212224024447	1.3554417480143803	1.3945321588300346	1.366654315145789	1.3444762227485099	1.3453642419511944	1.3258321850495183	1.3133544660128125	1.2914338468887332	1.2752373376824284
0.14172437734511265	0.10109224716886181	0.09662761394109542	0.09657469874964474	0.09749071245332507	0.09397096791960427	0.11919227264404011	0.2727276940035384	0.26155784970659757	0.30848759953060073	0.3826501266024071	0.6637068870233491	0.7408659387561994	0.9864639887437687	1.2327915113601713	1.2057948810967685	1.2611460255308466	1.340375717274002	1.3058935189562917	1.2808066004277359	1.2958733373490383	1.2767534917461523	1.2734107806674666	1.246609191796188	1.2246496164171186	1.2043017632362008	1.204569188099883	1.2821547977655396	1.2640512829590727	1.2430137653406947	1.2244098919729416
0.6509406859498694	1.430267572522543	1.5018834712523785	1.428328868633912	1.3581588367731043	1.610608694303879	1.4923433941900108	1.4138915528403844	1.4804076281707252	1.5661817618668312	1.5146713545034214	1.4507641344415865	1.403535707012679	1.3531772757606748	1.3084809346454862	1.2784056053011748	1.2410217540479664	1.210042524243656	1.188948976003418	1.2215448515551062	1.2204106260916616	1.3108161400361942	1.356462713848445	1.3340633210635653	1.3105173011133509	1.2961110357734336	1.272679139468631	1.2588715094136727	1.272647307976427	1.2935831519171108	1.2734293089060615
0.36376011502259487	0.8082880297147832	0.8738694419678493	1.6094394326409038	1.551477611960283	1.669632146402413	1.7475126335524878	1.6881089966228133	1.6024045535853293	1.5329852149598722	1.4884307084351966	1.5729348087026513	1.5126654692997517	1.4735116353692677	1.5361566411529084	1.5558434182117502	1.5095208920471146	1.4724377571440292	1.4693958617177798	1.4723570857166928	1.5165924256034413	1.4844828321741916	1.456072860734857	1.440714222344975	1.4116163519014104	1.384369781306853	1.3584972554668622	1.334666371254434	1.3116265265566076	1.2917156042486246	1.2812817705416746
0.24438495405973099	0.4977107565709296	0.642399421368048	1.1607484948685274	1.2061641518751671	1.210419799017493	1.2402712369991749	1.6625978063055749	1.5738811865461502	1.6006346305213335	1.5972605784303526	1.55560499188727	1.6480447091031878	1.6350302549423756	1.6271825459022837	1.77526341252329	1.7329424885890952	1.6847525984305176	1.639825035964616	1.5987350895345884	1.5616240831178891	1.5257360639179185	1.493153561106061	1.4699199478180096	1.4696402469639436	1.4418449679286087	1.414897063261962	1.3894635265565434	1.3659875890085786	1.3450245675909522	1.3295075159019192
0.744566791632747	0.5764269955772989	0.6048575342579684	0.8588731467874351	1.3230442004101255	1.6913520449768016	1.600112286006344	1.498878627018773	1.4248952589881354	1.3544913949880302	1.317951637612081	1.3810020400293865	1.3552104109846832	1.3175107878347756	1.3613594849147823	1.337846224167297	1.3280662509177075	1.3108262371696582	1.434188098621759	1.4558295004794704	1.4919411158643614	1.4670884336903045	1.447397992588099	1.497430380044136	1.522213829731524	1.4926548666564075	1.4676641860884567	1.4854961656681485	1.520624764198666	1.5382909743872646	1.5166018261414047
0.5196263278335848	0.42622124704619124	0.7332949508033714	1.4368201665050644	1.28618144280566	1.1987589500924576	1.1532362401733869	1.1459121238927112	1.4211342701777558	1.3508940429780414	1.3004249875167262	1.339163538374649	1.3392165038116026	1.361645814236092	1.3357813936665253	1.4016633215925387	1.4400912173939595	1.4648735746595363	1.5091935321041714	1.552441633198673	1.5345287356520851	1.5193812587728575	1.5927868496885693	1.5635487446614418	1.5345827840474469	1.5244977291747066	1.4962761096243775	1.4713585368425834	1.4472964258277035	1.4295250081751085	1.434100255221102
0.12676675611769933	0.13790138903070887	0.31158893397688747	0.5891690369577828	0.5667279984005376	0.6442052932489224	0.9647447232624831	1.1006324777040555	1.2646579400428373	1.4365865138385334	1.388055252191904	1.337306898403359	1.3453724052336364	1.3040392413516895	1.2728813814548854	1.2333924098125981	1.2094734491906989	1.239127060834727	1.2541064358910912	1.2290562420643443	1.2411361860299908	1.2574847108709972	1.3918461145904375	1.3901888836997656	1.4161710884215741	1.4094764928981316	1.3858368185283692	1.3685920546231694	1.3507807595093462	1.386406182414208	1.438096635599614
0.4636523537107678	0.8144769645431554	0.8510156346715892	0.7625665562728522	0.8464014338709049	1.0623061859289706	1.490152631583316	1.461370114063883	1.4839961534255843	1.4163522952955045	1.3522427450579908	1.2994238581421618	1.248464134717489	1.2041226690295563	1.173760294940045	1.1525586120602405	1.1262785619041258	1.1233730321502509	1.1723220626320403	1.3170269598424644	1.311076815807984	1.3127899954860673	1.2839840758346517	1.259982507604964	1.2515972870143404	1.2333124802136952	1.267625547819337	1.2903635765654216	1.2703604137722342	1.2552121624530237	1.2922802204567696
2.0455446686142875	2.0284402770733494	2.1030872431765935	1.8239560192832167	1.6612621415480524	1.6704922952002788	1.5810203149148494	1.712748774403437	1.6473581874623888	1.67028494662469	1.9399042372307258	1.86618304657025	1.7953842165458327	1.7303849818855301	1.6723198446327294	1.6195395915255109	1.5771444177651195	1.55171101229065	1.5495458940244595	1.522454736048625	1.5876871806519415	1.5522956170150948	1.5295716766479865	1.5756624857060118	1.5541846959810792	1.524416930225212	1.4990924321130406	1.477792751971723	1.4848464443691527	1.460994099238813	1.4552517605327964
0.22085280273980673	0.44817399899088345	0.7541214726218501	1.0563519653245057	1.0225001606225421	1.2566354028125357	1.376376125239677	1.4998949476685184	1.6186938594088147	1.606648044010281	1.5646696206138055	1.6304881576341277	1.649287154333229	1.641011694861354	1.6761944127647066	1.79264767984793	1.7514426378367103	1.7046599244530787	1.659485841972086	1.6186472222117878	1.5850806405799596	1.5746719988107316	1.572308860471733	1.6952971583042509	1.6610563018212359	1.6351797717607408	1.6097891562143691	1.58425981205923	1.5680144082050687	1.5938161750564634	1.599948320580774
0.6448180532456986	1.1914989083895764	0.9784216388700759	0.8561855259412484	0.7658096537064194	0.7036596722890909	0.6680492411672478	0.6314345211046768	0.6286134251550661	0.7111244456517803	0.8609799234640851	1.2652460868962447	1.2253043116887077	1.191511631490127	1.1971121464265686	1.165290064144401	1.131771618362373	1.10398337270823	1.0856769565203541	1.1260819406836726	1.140203802507816	1.246182675044227	1.300581280664331	1.2999341795223076	1.2831817283127054	1.27058052084742	1.2752792008915028	1.3707432136963533	1.3475794747213123	1.3296742057169622	1.3230627982996654
0.6226724012479509	1.1439913940387059	0.957413754020322	1.0464499872037696	0.9672279710604694	1.1615305778904965	1.1107213820673618	1.0627831636502993	1.0494660343819742	1.2765182281518015	1.2485902009308638	1.2181688878936818	1.2546912714507277	1.2103095561888468	1.1976177257112266	1.1666847132413438	1.2018413433574295	1.248642951358871	1.2951196037618278	1.262336334476961	1.2374310055834847	1.2297812458513935	1.223665156861699	1.3363967767102014	1.3323763112901417	1.3797059947605745	1.4282207643429714	1.4241123073977515	1.4067372128441311	1.3930852101939863	1.3874311878355257
0.11616675535276491	0.46911725380079294	0.8356682055426862	1.0045946754226653	1.02507695969035	1.434818618672196	1.3942571167715918	1.3109480682120842	1.3137445794717475	1.2539877066767393	1.2843684239139839	1.241008399536069	1.2159483267252769	1.172199016650399	1.1469333485101454	1.1518736608473188	1.210415391434274	1.1803521610698169	1.179364312346038	1.231921505301192	1.3531295242521157	1.3849992414718097	1.375458747326519	1.3465124651684872	1.3229477385872257	1.3046537938227394	1.3194577060152917	1.33029864544126	1.4468549080630182	1.4315202774723386	1.417504790945918
0.44719864413121735	0.5824698571039209	1.155778117445378	1.1536806808147204	1.505289702413473	1.7117480238788112	1.617483496907814	1.5521265989813229	1.6625481318094706	1.611710964212302	1.536728026540269	1.4732703446329256	1.4205606711530796	1.4017018386785527	1.3556776503416916	1.3462372495954167	1.3694769321003943	1.4873368560664553	1.5123999938022834	1.5702302180858803	1.5454944132182857	1.5129008283491658	1.5173635077421883	1.5041500651251454	1.5141520671005866	1.4848444519177204	1.463656910888366	1.4441253975768944	1.4756950916446143	1.4840254972103895	1.4686292994441954
0.2824107700307106	0.3451347768720071	0.6574107728736972	0.6740220278406817	1.245336491408326	1.5073686006639637	1.429492634390435	1.3922509409009216	1.4980901544789798	1.4637642056254425	1.396471626893821	1.3517637034117607	1.3455229911468647	1.4274638512926263	1.5780279477329675	1.5431752667174734	1.5007446908330233	1.4595529894461243	1.4227614316625163	1.409989625627016	1.378869321980774	1.3816225916969995	1.4085411655277336	1.48363277878405	1.4810189322505647	1.4823195417133022	1.4877125583644109	1.4812242827728581	1.529133192271957	1.569503144749527	1.5441621618609602
0.010934580226147126	0.0773923018441163	0.08363210627517556	0.11887350202876526	0.34380082705502546	0.31598533405380363	0.3016175688323967	0.2935708973112077	0.31158071702856177	0.2985131111668744	0.3241492400463377	0.5187233753623153	0.6587405928963285	0.6355052684158536	0.6230192469605706	0.6378320625927344	0.6288378400158888	0.7070372674783314	0.8993665321068746	0.9744403008710089	1.0755667079532385	1.0746216116352711	1.087012549978116	1.1530568984518454	1.1302946757430827	1.11355202956579	1.119807266119374	1.0997489573623067	1.081507152923209	1.0642507816146034	1.0518947646052939
0.03818347920587412	0.08613541128211111	0.07260156090342647	0.1940570213014095	0.32741417391277633	0.5460555903819141	0.5067683761995684	0.47943753127870087	0.459000938720285	0.49456792515040554	0.6413892563906809	0.7421663292755953	0.7650518268501264	0.9700727330499486	0.9814039351425363	0.9852916157812978	1.1318068915686084	1.1031690825304619	1.0878178797045106	1.1718857172362795	1.2734423469612342	1.2446501978652185	1.2326882106265966	1.2735502682480526	1.254365762995278	1.2307288108375498	1.211865492943415	1.2127461928515277	1.2383327662943857	1.3616364949503474	1.3458978134485442
0.05356317057867125	0.11102118105982396	0.09283170567380306	0.13690464521334086	0.15596817517866907	0.3174148815759529	0.2952560162222497	0.27653715364024184	0.2677730447334659	0.254230540955154	0.24294743081165537	0.23303457491478588	0.22672708536945588	0.22129785798221702	0.24143126350730043	0.26199149042390724	0.3584171155677983	0.40875124513109956	0.6081363207416368	0.7267880594964158	0.7577187248567133	0.7644701731269713	0.8842337910146931	0.8657680213237406	0.8548546107039984	0.8758348131896002	0.8612520770415807	0.88476721166993	0.8789836302693398	0.8952385358900149	0.8879434214643326
0.5649421944050136	0.9884129760848722	0.9694129228893723	1.5849293205746031	1.4207578359332733	1.3507027365242559	1.50540776507688	1.6312724047195144	1.5481667424357937	1.5120894833705176	1.629826215703951	1.65016559598331	1.6611898181593274	1.6007661118917906	1.5527558607203735	1.5368084168361715	1.4939819408851511	1.4572166874037185	1.418983349282346	1.3849078239529509	1.3673879410999956	1.3360193563435236	1.3107508397556833	1.2957392621313084	1.302865254623153	1.4018407355514488	1.4085560631240934	1.4089700257434108	1.385188968306517	1.3673833097225445	1.374048438871112
0.05661281987070541	0.3208731763357284	0.3823565190184493	0.6807086048308767	1.1816990305649728	1.2282895627333326	1.214480993751532	1.1617768270209479	1.1635454680017654	1.3950970783033376	1.33720116474899	1.2843313842898048	1.2631046074176104	1.2172614153705117	1.1778274721665654	1.1424137950825786	1.1273316243228109	1.1091212237815986	1.1534267655595738	1.2206103676200362	1.2341225629776895	1.207090697820578	1.180702134329857	1.1558794255987437	1.1325402223957408	1.1105879513528174	1.0898433524978604	1.0702505390078747	1.0518010805383695	1.0342831835625081	1.0176357720135498
0.45036956363393255	0.6537482979805994	0.7830551707180758	0.8867270600623367	1.5236803758818291	1.4666732291103755	1.430022806816567	1.526239731404782	1.4470322765125556	1.45019894792414	1.510186720383605	1.7930089386478412	1.7600218890368016	1.785009684547354	1.790936588906136	1.7405530424058202	1.6889335548305442	1.6450892236387349	1.6077875177506749	1.6101020159425536	1.5713423335064376	1.5442514323308154	1.5104665246499223	1.4831906159957877	1.4829032640607336	1.4556284898416403	1.4383779230307907	1.457179733506104	1.437722954876697	1.4596365575520052	1.4810779541426355
0.30132004792931427	0.22277630905786464	0.24627278090624224	0.4984237650499341	0.8131220782979705	0.7442000973584655	0.7272155683192554	0.831922339541059	0.843932732521294	1.1874555060431091	1.1824490302458692	1.1572541923139008	1.1781400079148845	1.1533710006755282	1.261470793819601	1.2255008310412685	1.1902574783891382	1.1577653281810962	1.129068257090289	1.1209783742533974	1.0940357282165052	1.0715736539301497	1.060460662407586	1.0528849946534589	1.0602110327122274	1.1745981748801657	1.159856533248767	1.1433765899195243	1.1597723008233891	1.1501796227002372	1.1564596119609802
0.38077931535178466	0.7163258757108444	1.0342195210794969	1.7626153245398428	1.6609001917456836	1.5783606839214008	1.4691263852103447	1.4092169343582281	1.4442069023209552	1.5320884036763254	1.7398279649977673	1.6737510462835792	1.6091818678052299	1.5509087096912115	1.4986713325263425	1.451553443602551	1.4130053796365603	1.3739545725991125	1.341823636152788	1.3512875588226603	1.364898823972203	1.3335270044780467	1.307220352113574	1.2972979055708573	1.2743278472336195	1.2955905950755273	1.3451844831050517	1.371380743943173	1.3665915694519482	1.3438123095261665	1.3258720703512525
0.0253381733186696	0.036141311266403034	0.05602582376671681	0.1120814140529092	0.1840440644829993	0.16883193347469086	0.15658658331330652	0.14696984827289092	0.14485237025010048	0.14508055838251385	0.1768777235855043	0.28284662357677764	0.3377585139239137	0.43963679712879394	0.7630002703076972	0.8173445268250217	0.8105350390061205	0.9134629968658518	0.9588672759383642	1.060793096359842	1.2212831504253745	1.194684766605576	1.205239892852984	1.2267387420028708	1.2232610338132317	1.2827122148216414	1.340116079752483	1.3186602576829958	1.3009325126161404	1.3249280577674059	1.3402897873927293
0.6179912015919723	1.2329071588511469	1.3726609781185373	1.6716206928830635	1.4978167347498588	1.3876020101556998	1.3869251680207408	1.297410934133885	1.2247646001929828	1.1626764183867366	1.1165177870750898	1.1293705167381134	1.1032235846095926	1.065314721180777	1.0465248211251408	1.0435023423955643	1.1866310424749114	1.1545699792545459	1.1375410851024614	1.1793064804238786	1.2185616013544314	1.2415937371104802	1.2245798822376748	1.2605627255433525	1.3039755141677272	1.4009437460781875	1.4325332322943034	1.4271344367046495	1.4024130187540431	1.380240656400078	1.360856375787093
0.3243164364934848	0.48316944933469963	0.9129444062781655	1.049100584137092	1.720241952932676	1.585281829122306	1.477662233506864	1.3857354003137743	1.31455230214628	1.2536141581765678	1.2779391653592178	1.3389244257081279	1.4360441060800764	1.4147345623091494	1.3825155109288696	1.3713197252266849	1.3553238317180156	1.4676600262403843	1.4353940073135827	1.4338113562836177	1.518341392401967	1.5242264281839353	1.5624396152019233	1.547921321232788	1.5166556896528491	1.4887283360133543	1.4612024434218271	1.439007795308515	1.432457055186752	1.4243020077946473	1.4162002860836567
0.7342738314492431	0.7794829442593939	0.8694237296078987	1.4888929396701622	1.375533676532333	1.2593967640703498	1.1684057504063357	1.0945480947511739	1.0628036205828137	1.121243446790655	1.176143740104326	1.1889791790069777	1.4084482838670094	1.4035666986642574	1.3628637596513886	1.3609052297358082	1.3274230073176407	1.3573498650344442	1.350313058864002	1.3831827502765304	1.350611337008952	1.3211752950075382	1.2925230100095033	1.2716167148645385	1.2522673607614867	1.2757764958932216	1.3380832927633903	1.3967906929232736	1.4079275700863412	1.3860265599583534	1.3635490516027664
0.27451377622878126	0.25610134904983206	0.3645832514482878	0.8165933974654402	0.9542084511083381	0.8722701683489842	0.8434873588738924	0.8861426365166005	1.0019658061254486	1.4008063988033834	1.3898987981338746	1.4349366552093117	1.4093966753092284	1.3598880476825403	1.3150684943917887	1.27500409591325	1.2544889360942262	1.2945855028241287	1.3168542775144447	1.285090799657251	1.2724972584486023	1.2744344565337256	1.3845820006608012	1.4021922167205796	1.3785878359683836	1.3518308777495147	1.3285864117053396	1.3118931233097486	1.3246499565649945	1.323236388253026	1.399329905528213
0.013980985273347271	0.018700723114113516	0.02893049899916776	0.06976902419267773	0.09340916138495545	0.11004044015071471	0.2462143028177123	0.28300733624677604	0.5426656445443038	1.020720333244099	1.030388688798387	1.03423562899302	1.006964821877538	1.0107738551889893	1.150056866694738	1.204765012538591	1.2201084557947204	1.308841325098132	1.4531689976346014	1.4177742673106086	1.3871275203426174	1.3673676291224997	1.3516181840283095	1.4260312105287296	1.3981666903369594	1.3776626526213058	1.4017116671667034	1.4345192791776915	1.4298029156116785	1.4073381359945554	1.4013406646053133
0.9934117573295433	0.7789613862663519	0.9047511799719958	1.1301660536168365	1.4615447353063584	1.3851543386815615	1.31229926741139	1.3193574031076953	1.2475712753595656	1.2284104819485493	1.171606810138506	1.133290537278522	1.1025527543516949	1.1461680174537858	1.2980123856289967	1.2945997842426642	1.3104105443914813	1.2741772965239146	1.2481453416033768	1.2747680612932795	1.245267695864112	1.2166836269492014	1.19003883134264	1.1661598496045804	1.1499023052568378	1.1413108054068817	1.1354637269195884	1.208398024849276	1.1996453507347216	1.187374031294417	1.1954020387866244
0.48239106412227634	1.002626429782137	0.9082784504706259	1.2678139914092625	1.1415604227610812	1.1033110188418256	1.3077774928519827	1.2462365165446687	1.220076442872249	1.4184745819419131	1.4018643072723098	1.472518537791831	1.4851653711348225	1.4573240389427435	1.4092850546957585	1.3757024874650627	1.3675628879608195	1.4093039919422559	1.5280543787864072	1.4895018529704538	1.4671339445079814	1.4360760018960332	1.405644579822816	1.380152543805248	1.36707302860229	1.3824910942573423	1.468620922933656	1.4562578391296281	1.4611273046259987	1.4474244138229768	1.423925867970407
0.9313642523578276	1.4762575732852332	1.4602835469685431	1.7245768503400054	2.049447961000485	1.8848827031942283	1.8956868453586873	1.8235465360088428	1.7259058030986867	1.688290951478704	1.6219474430498595	1.6573646789273209	1.5952790858953567	1.5379554583494963	1.4863712123582535	1.4404031833585895	1.4045484584792838	1.369745667305443	1.3944414108857397	1.4818877518587954	1.4894586388411748	1.5114149259258987	1.478195777450683	1.4516976254026213	1.458169721702237	1.4808194423088914	1.5160245256667861	1.4915631461349492	1.4672336274438413	1.4481952255115478	1.4251956826893966
0.5573115466881982	0.6645498836748294	1.0372724320885207	0.9432129400984229	0.9089380875624025	0.8715855764681957	1.1229804346110375	1.406572416902887	1.3269953540647437	1.2698709835921294	1.2397169528318577	1.2240903110557098	1.3814994680514208	1.3314130491304783	1.3049740642258632	1.372644680678404	1.4489374398324955	1.4106546734605963	1.3936953343025125	1.4549916222139003	1.4738736812503221	1.453610230668479	1.4216606288040696	1.3940853783611933	1.367094842228813	1.3511185414400522	1.3618473831499274	1.41119800614915	1.3946371712064798	1.3771396538589875	1.378396544253587
0.7398772550721574	1.0296085238495816	0.842225634797295	0.7505376143879708	0.712700508672362	0.7647000154163852	1.0541911998500169	1.304058920727563	1.4381307982058458	1.3685218600541662	1.325427640153884	1.4033905312045998	1.4593780263902651	1.4230847619870934	1.3882074576472476	1.4617385048555016	1.4994096130753516	1.4571651343469576	1.4243398060505925	1.4426810560745118	1.4578328542391412	1.498816962180186	1.4666869953145252	1.4401622092876836	1.42964949781935	1.4021030671228416	1.3794313174564907	1.360247867356573	1.3745340036871916	1.4371528120792916	1.4303252359731262
1.0027124590150465	0.7230239038833389	0.5926799793051668	0.5202492475486756	0.5006432162056124	0.4597667218294803	0.46420822249422994	0.6421173425678675	0.6062874597178022	0.5891994627557623	0.6126775342928976	0.6025962303117882	0.7154236229974553	0.9935849124569773	1.0238325190023878	1.1226678891362132	1.114733073260423	1.1135229922178438	1.16881015119753	1.1413653366164538	1.1315934333760287	1.162226109274447	1.2177136228761691	1.3164777233330964	1.3026877514296127	1.2774572749072242	1.2536860454803564	1.2311553908173822	1.209743789926449	1.1894635112163559	1.1707306191832554
0.2882913249843685	0.8641835170857044	1.5659624139806139	1.435625498410215	1.3782095356363224	1.2664985400357416	1.2091999386806669	1.2965049985680197	1.247737263822592	1.2872061353293995	1.477413303693208	1.4512503692283047	1.4450675820396737	1.3926857384571933	1.3482469354708477	1.3182087339914292	1.2812525949944067	1.2870523990775475	1.3672566584488905	1.3713343986391981	1.4107271675232134	1.3897899687660438	1.3807290565756134	1.417205610528404	1.3907006800328572	1.3662333108967726	1.354886471071793	1.3316694633428157	1.3114519508239162	1.2912516943475376	1.2810889009812185
0.24486435828692224	0.2543981737932977	0.40375224462108206	0.5004626833863924	0.9052287616303538	0.9273723317004059	0.9953259886250978	0.9894064269092765	1.2680743199932056	1.226879938250539	1.1864778124371915	1.1941866217555013	1.147368770660683	1.1123556413714875	1.0792448183590133	1.0877914628081586	1.1951067724691635	1.2478324057660788	1.2269588965351859	1.1962671110422143	1.1764092102490682	1.170783676101285	1.223535093651252	1.2968729094161076	1.3709429847937638	1.350015079167573	1.3300965728545242	1.3560368409352395	1.358719330320627	1.357599596399874	1.3570386210479712
0.9929074743596807	1.8856712743502795	2.2428316928820977	1.9909595655023384	1.7853513362328668	1.6826142150954035	1.570046580447194	1.5290377398420305	1.615611860199212	1.744954235282421	1.6676306748271104	1.6030956626669395	1.5697772161200387	1.513953955646079	1.4842224506768105	1.4950004290135737	1.5680796283786973	1.523911564025686	1.4943230731439043	1.5114555133091323	1.4813900222430572	1.5102042650125413	1.483122341062176	1.5046282297952267	1.4994318994499367	1.587935062146353	1.6106554117449816	1.581647818590433	1.558828126799182	1.5523918767104392	1.5433242795976747
0.5746255660288911	0.41262184040938654	0.39842021762909274	0.3769808413047852	0.6256462343590334	0.5763125810729683	0.5409076900190056	0.5180952840852674	0.5245638299841424	0.516644907228441	0.6003611790058566	0.8665074642726128	0.9620791503086585	0.9340835800072244	0.9032775643228991	0.8783703120729425	0.8737126063834874	0.8674877147165182	0.9985114402697821	1.0831788635916897	1.0655869096123227	1.0527848240825992	1.1293742277482883	1.2358109222640261	1.2150805906953748	1.1924240598819762	1.1777905088658769	1.157263885839308	1.1487889536211748	1.1866198348892125	1.183171099957902
0.06267559057761175	0.04450098773439887	0.03835062180841586	0.036404480126371236	0.03720301442486509	0.041941056097420576	0.040398388556829846	0.04220062282923068	0.07581666015842466	0.14927379126615017	0.2306773185871605	0.4568311270537182	0.6017767322553543	0.8936205523470412	0.9178992225341457	0.888760654616945	0.8651729436563166	0.8442309824777509	0.8475634340814273	0.8261283236833793	0.8062529963486036	0.7877934478103431	0.7705879937253953	0.7543891535722851	0.7396285752633396	0.7284994691050893	0.714956721059348	0.7020989254951219	0.6924742928068929	0.691929501141214	0.6915110256289647
1.0980576181962403	1.8958214132103586	1.6210481988734287	1.422962954744054	1.3045667445808735	1.2000567679138465	1.2005680037566826	1.4662651548432526	1.3934251251352965	1.3219547041250723	1.2614225607796619	1.2082611686032998	1.1678489223119342	1.1264896483719662	1.100568995904021	1.1490870479215032	1.1862382241614233	1.1566487635382392	1.1258292174440043	1.0980343987994803	1.0732614409659986	1.0584486165767197	1.035193605575104	1.0150598109680775	1.005042457719418	0.9861037108607833	0.9678483289786312	0.9529506476986075	0.9528758938114464	0.9381588023753226	0.9498780359979146
1.599149964773318	1.1367099498014495	0.9408405097231862	0.8150212191670425	0.7311508027007	0.6780474400937742	0.6278689376499713	0.5878090464537647	0.5542084882743752	0.525928743854426	0.5015864042855421	0.4802768838648374	0.46146790172046126	0.4461641737231722	0.4311415793039049	0.4181351481072982	0.4083012038890405	0.40007934529340783	0.3919327278625366	0.3988826386852284	0.45366654639662324	0.517274317642097	0.8472763070626849	0.8348827681000215	0.88635642158244	0.8932223631168197	0.8979711056087798	1.009917372333593	0.9983885029248466	0.9928266401327441	1.039540460489217
1.0208971803078384	0.8372223659005386	1.380887712826896	1.6640160400802364	1.541789683873726	1.4081596194499721	1.321509424792958	1.2379405508855617	1.168453481204081	1.1175594002203226	1.0655569523947261	1.021824152255117	0.9838935555494323	0.9669899560939086	0.9408918923081173	0.9422820199069092	1.0768817622482365	1.0465438394237543	1.031590967255254	1.0812902840750276	1.1065771723782922	1.1289664447378167	1.1283178332369408	1.208664258768703	1.237061314325601	1.2355582380215493	1.2842774764838187	1.3782733217311924	1.3699649763026702	1.34968788724596	1.328801223445317
0.642379659072214	0.9354656570852896	0.8103504946281638	0.9029066846116562	1.161139129168027	1.6559718308346354	1.8000830200474225	1.8274284874576237	1.8295210101991184	1.735749383989425	1.6626931692785205	1.6300108556165458	1.5721050502013294	1.5834442135737525	1.604283603184648	1.6814550280493838	1.638636886727198	1.600194510843188	1.5856880669162348	1.546907011474609	1.5104211143981867	1.4764991645014733	1.4476250242683235	1.426680074301724	1.433320980357543	1.405747272181396	1.3896710673166985	1.3647260786603013	1.3437217757776434	1.3371735971629797	1.3177771306388701
0.6568172993153406	1.3807342606477393	1.26578608094272	1.1955681448653732	1.1647192944544236	1.572221985842331	1.5882431844422966	1.6357062586709528	1.6123555261850493	1.5568365531597739	1.6645243699914813	1.6063659060585713	1.5700323433741923	1.6882803298819105	1.7090177016930586	1.7212212823171946	1.6736105427379404	1.641883669196521	1.7160924523679402	1.7228950222325405	1.703128199502081	1.6672970180540587	1.6466985356466526	1.6596075629614273	1.7386918225875487	1.746413512658064	1.7588843734238322	1.7319578218586724	1.7026226630553984	1.6770690558758063	1.6498295298167183
0.5204072110279382	0.7703730862166679	0.7465294257757722	1.2423180383391572	1.6704776259078782	1.5736778668745328	1.4659777152165256	1.379801262182835	1.3156308427028711	1.3504025088361578	1.3187402841690061	1.329389466176862	1.2787383093195455	1.2732096996667182	1.2305547500310796	1.1923459388211595	1.159024583828597	1.1325480873940361	1.108140033983153	1.1111015927200563	1.1792354793641764	1.2533540317984346	1.2382602736628603	1.2149492559913422	1.1953188713665173	1.1753329761128473	1.182727341384082	1.285381050663858	1.27615064031326	1.2670475018777043	1.2508241025326317
0.05375184619418705	0.04016394260384885	0.03865677360523092	0.08373200403873375	0.12742514234570054	0.16756519259978386	0.3381370127809875	0.6216046067280997	0.901436240307161	0.8686778682496573	0.9005353518954375	1.096915145065367	1.2342088836941847	1.280588771842576	1.282985065369419	1.3733203740151059	1.5219997067467443	1.4954879027802146	1.4556010734721012	1.4210691665436355	1.3873742694318705	1.3618624752458282	1.3545952427262453	1.3616824836309558	1.3528995708442095	1.4331446908254482	1.4207486722062055	1.3979769855288737	1.3990503304233406	1.3761464845867932	1.3640684406739814
0.34835575253999	0.24839155761947387	0.22081096030279942	0.2579604337786847	0.272646339733563	0.28054644568562526	0.31836638339838486	0.5643702306481632	0.5353252426621378	0.5083622773434073	0.48545075170826757	0.46669097871057713	0.46196010395964004	0.45700436898498203	0.4654620100636764	0.5692246850307336	0.5880193503630082	0.8340521790206162	0.8226524394774245	0.8095674582669616	0.8355360925601889	0.817164187587882	0.7995825168959865	0.7829799406908411	0.767624496704817	0.754551357773067	0.7491995510667945	0.743262837881565	0.7716353934693567	0.8220560691113432	0.9458765494207708
0.13937156846542517	0.12779267453834667	0.11663354102334823	0.20072465581862475	0.2000952172404352	0.23683641003025716	0.43540302143943876	0.4150974847069351	0.3963323255081637	0.3872546546407967	0.41596195002517217	0.5499424705178896	0.7565182972448717	1.1809971413733802	1.146688535000041	1.1174079847927563	1.109416459615909	1.0790638543756113	1.0503052544667557	1.0237295243076459	0.9990697795032735	0.9762112867544767	0.9548834908612902	0.935908302342077	0.9170134155633299	0.8992568175868274	0.8825384147582523	0.8666775629239908	0.8517526563643268	0.8384153876704906	0.8278168949822732
0.11699530665563314	0.21634848798013404	0.31578494029651083	0.39321064031468994	0.7565205171147648	0.8412370793127981	1.2679846011927265	1.2846961871823188	1.2271093575767575	1.1698240958688173	1.1342769936534782	1.1588650492778516	1.2125559404720523	1.4611020166594124	1.4201789685486415	1.3865537888240946	1.3858690119034611	1.3468598589733274	1.313210857442648	1.2911731406929106	1.267881557716212	1.3109581209045351	1.3750357567797862	1.3472559118095082	1.322273459812861	1.310278948820908	1.2865315174738927	1.263628474859343	1.2417601656719732	1.2221890296828317	1.2059567767901058
0.2744878728218584	0.23080294670471493	0.28170743152771394	0.43997592409696157	0.399321477608737	0.39065927137560225	0.507674324177857	0.489504419325778	0.4768127580773968	0.5022126771268022	0.6447966240076605	0.6826007134932516	1.1031441668969852	1.2322662706888468	1.2178505418491452	1.179315614430632	1.153626169100907	1.1255390746983371	1.1414135107671042	1.2233227317926234	1.3664522429084074	1.3621380004501367	1.3454437855818364	1.3479957522915194	1.3343373274997665	1.4310125841560175	1.4563071707610387	1.4301509644180816	1.4071900943028948	1.3918090894198147	1.3823956390731047
0.26431978021206703	0.19959489406157022	0.1718279636755475	0.17401809577908037	0.2436337218029129	0.2511429503297486	0.424181406726551	0.9247462839186323	0.8720228436462586	0.8613343347489512	0.9848014920798411	1.0466358604928945	1.1068883318345042	1.0858300693099923	1.1574048478616474	1.2521087203545456	1.3768844175664632	1.35726346578469	1.321476799637914	1.2913620570101474	1.261093962593492	1.2482530168059967	1.288958012239498	1.2866690351626506	1.263177446588931	1.2637894291087879	1.2429551334084659	1.2428407535937933	1.2363408701736058	1.2750237211114395	1.2750305527264345
0.804784468283569	1.0682778047715575	1.0014228955685862	1.4506894896260627	1.30786110763913	1.2105056471380715	1.1736840093270295	1.0997350384934539	1.095683214474335	1.2031684944796308	1.3480518058276296	1.2966096638089593	1.2517528134382703	1.2384057954212946	1.1965408808297961	1.164291362328238	1.1493161834781884	1.1674257380719695	1.1479870675604835	1.2030779231026043	1.1752077520457418	1.1676049218194553	1.1940768556959804	1.2891357563933528	1.4064736071606307	1.3919294396474213	1.4427854456643698	1.458500175470554	1.4486662459378865	1.428078437671972	1.420823443710455
0.04233605517150315	0.03134292087174799	0.02559876011184533	0.04819268725736984	0.05457766279701407	0.06339994108345766	0.06393165134934566	0.08630590920969562	0.1577408630253086	0.1739148860893533	0.24105718403335152	0.3893420486333069	0.6048467147331964	1.0657600568378263	1.0675736433735592	1.1164012408989379	1.1245605827352825	1.09457449796079	1.079171193072798	1.0892080476441848	1.1814483021933957	1.3227915518731652	1.2944354965897586	1.2715539033554666	1.2543256436868395	1.246099531990933	1.3171201867253453	1.3023869038091167	1.287715648663421	1.3298620701060861	1.3251892084284018
0.5941677423381039	0.4547554921505756	0.5136037640951884	0.9911463222019479	1.0946919132466517	1.001162777401578	0.9686211005804574	1.019443375827634	1.2542941115026853	1.6136139132941545	1.6772672135196471	1.6444931389534636	1.5800978839332431	1.5303970506903624	1.493367048466391	1.5197704037611959	1.5144387635518142	1.6756345509149317	1.6591562008738048	1.617225795348445	1.5797848593419273	1.5446743179326141	1.5193913703225594	1.509327371456162	1.548478625407194	1.5187616095574756	1.4931652296659264	1.4711614140601839	1.4640067919281992	1.4790313313458143	1.6103441626004629
1.1063187157367442	0.8299538085690211	0.6868389211406485	0.6593747417910966	0.7216765240765428	1.009729363484916	1.384478200039029	1.5762469625323374	1.5256890104576513	1.5008698751026324	1.5641776371944902	1.501903386874084	1.469014138205628	1.54509340134842	1.5085891996843186	1.4931585393236246	1.639537584542069	1.6119011134534702	1.665042889441993	1.6920053063239815	1.6946131063976808	1.6572168582244835	1.6211103965104567	1.5895443097902422	1.5575430992453254	1.5299437347703193	1.5275489517264191	1.5327791904450676	1.5061203191643748	1.4838944704734345	1.473760483169416
0.909035607486173	1.2602880043084368	1.0304696363804204	0.9488278167566843	1.0315818929366718	0.9556151729744137	1.0078227534932453	0.960577582067769	0.9669395695201141	0.9464803157587592	1.022875980447091	1.099899244565856	1.2210509111348173	1.1795512647921866	1.1453937358769453	1.1420791564361674	1.1079839332197194	1.0809668459243793	1.0583907311909333	1.0699428208988802	1.0754600450067215	1.1623642556830915	1.1605188603818444	1.136625272533959	1.1136714722840193	1.092046162244734	1.0716333749063687	1.0523514574615973	1.0340489322147652	1.0166701505808706	1.0001587917383363
0.11078362775455204	0.1526010751475625	0.32634581705419047	0.4940542114096248	0.4514428089980316	0.47198732021235623	0.5172828923730242	0.827332578208963	0.7819963367019621	0.7834378263749756	0.8561539788360099	1.0870651022747322	1.3229604208803318	1.2794374939038453	1.2850250516065784	1.374183902312589	1.3332513595136937	1.3081483936909322	1.3428002651394086	1.3420389910226291	1.3370051170350636	1.3318221000143495	1.454979490224662	1.4245675419768475	1.4154291518582078	1.4277091526096182	1.420843778802024	1.4732991124865744	1.5100180268261718	1.4847638972446608	1.4670819793414527
0.1082267228528243	0.07667978218150463	0.10150204725789737	0.09074112929037276	0.12760542910164135	0.13127659371052702	0.1665986785653064	0.355557618330163	0.6234990561352681	0.5928753221579535	0.5721477330693979	0.5792099403376413	0.5669183896025041	0.6710812250580023	0.997552538381571	0.9865409785839201	0.9907643246708435	0.9720701941755444	0.9534302782578051	0.947801973238661	1.013554890967648	1.0757670227647271	1.1908138989921397	1.2378576749825374	1.2229360527711002	1.1996396326854215	1.177369481850911	1.156469392118105	1.1430269327439986	1.1466896176463173	1.1707892441285555
0.19678028412060175	0.25237181586374774	0.26922840301678175	0.4693536203091856	0.7374496383133349	1.0317147241687108	0.96711611833623	0.9911772281320118	1.1933950783070801	1.381343941270947	1.4201476883815638	1.3653992621810944	1.3481127247331295	1.4109694882980932	1.5063235285775562	1.5736163313652083	1.5287297995588096	1.4992227557690945	1.5476562436721433	1.5698622770750337	1.5377131637236312	1.5132270811315651	1.5754771158937566	1.622454663930463	1.6036965609177198	1.5900471296839593	1.623540945302753	1.5991072589756423	1.5730767757417794	1.551825394812755	1.5268209528907846
0.24981596135035988	0.20262829562814194	0.29633572062066227	0.6261985978040875	0.5704440000804352	0.5231042989628153	0.484825351532351	0.4565919968140278	0.43471575345237873	0.41598935438621704	0.4276736056311271	0.5539539916683163	0.5323153939690308	0.5268432854577219	0.5654151055945028	0.5716773868117777	0.7477507326666063	0.9276172969802681	0.9035936511822148	0.8928420831045283	0.9229479285134544	0.9074550342624813	0.895722611027979	0.8768688860563183	0.8600829362572435	0.8482480249282149	0.8325995811411365	0.8180270410947083	0.8039845957561507	0.794656970360217	0.7830741275741814
0.2029883765668997	0.5463578938082029	0.50434001785881	0.6351800416331825	1.1491295974527056	1.0721606069564025	1.0026301441490195	1.0222797315915662	0.9916247114768078	1.061438500250901	1.1623089527423205	1.2825879389803798	1.2354432297838305	1.196433758009788	1.1852505764680492	1.1483498650803656	1.1394331865193446	1.1745649546649786	1.2655362415379219	1.236805883277944	1.2117382457635646	1.210644133236728	1.1849058188372352	1.161552549081275	1.1395228105014985	1.1264487336299502	1.1322843950747978	1.183008009403021	1.1638725748421426	1.1459605689222065	1.1323884291123132
0.4828277182714307	1.378043453217147	1.9542974896834695	1.7912595087212648	1.715811452518439	1.5782143168423235	1.5002855952562546	1.6159819198432526	1.5236334853438176	1.4637580316403085	1.4829486228855955	1.4202405494891897	1.3739068187685168	1.3292520162401626	1.3474084982605166	1.4048741697953178	1.48368951884168	1.4957988915480593	1.500451386138469	1.4703290845720818	1.4602683418680071	1.562137630078287	1.5278813584923565	1.5095507115078795	1.5314071528616469	1.5035820628988508	1.4757294287037883	1.4499863311254968	1.4274783132237496	1.417784691343865	1.4103918895385588
0.10250754111668266	0.1969444951748236	0.25888644317587206	0.4055963026081746	0.5055424312924344	0.8696896067012135	1.0561428623889424	1.074468662686673	1.037918515685499	1.1133389827929292	1.0742656503912646	1.113600261565368	1.1699169365823634	1.3928636916033295	1.392303756691936	1.4386837064139808	1.423324763600459	1.3999489886642082	1.3982886523422957	1.3866518121038258	1.4737698204027534	1.44547866556959	1.417398386486634	1.4054141579521713	1.3783671481867865	1.3554285353264341	1.333174648255924	1.3253057639087433	1.358423119425468	1.3679652360986683	1.3519944843337528
0.8181588776503373	0.805869159736753	1.2894730672352888	1.7431424290016122	1.583651011077586	1.4474147936941857	1.3402633434822058	1.2547035134746418	1.187026430286731	1.1265998810431987	1.0804375064484444	1.097700310299927	1.146810355180344	1.1058924631355749	1.0794875676042204	1.101312838959573	1.0693425341601828	1.0501957786238987	1.0239387167650482	1.0046518376924825	1.022419004955548	1.0068214114791572	1.0070304996960218	1.099055560229389	1.0771222117056511	1.0710416251383859	1.1350626274002436	1.17790339977244	1.1637670538497022	1.1513729669107104	1.1989678893820095
0.2730364249288706	0.5319385437735743	0.6859209594658725	0.6350147856544854	0.7736627112204505	1.0492729417861621	1.4623112087644239	1.451648053860363	1.458471703636206	1.3845378202454206	1.3307884012146096	1.3291764674598716	1.2771558558504426	1.2431366492344569	1.2028044396953335	1.1747355858831618	1.2001497605020173	1.1668526886427013	1.1432417373728563	1.1630614417833083	1.1411406076178783	1.127140431662269	1.103037663532086	1.0913162625726942	1.1199283544443328	1.1458671610180546	1.1282204465448662	1.1265395854247224	1.1517860239648408	1.253354116876317	1.2669122988375596
0.26839735482836496	0.5496950325713089	0.473273222991902	0.4682415653279956	0.6864227802094492	0.7219881755462362	0.803561442833476	1.293284345322736	1.2196538142433	1.1856017738253224	1.263299814229601	1.223890745619043	1.1810131467889198	1.1538775203824594	1.2007821189034067	1.1635777373193448	1.1303075471617616	1.0999822271380846	1.087254140660165	1.0745426095082866	1.1287401071874255	1.2694223794801733	1.2478636051295557	1.226258414653044	1.201483002213349	1.178305843907913	1.1566043988696049	1.1360290512519307	1.1169003880180903	1.1009492989275185	1.098402675248549
0.18722416046645218	0.3945754669387946	0.7552845153920764	0.6907560780000688	0.749264741878959	1.0836397589350966	1.1735969386776008	1.3565325463483575	1.638065275715019	1.5540076277777284	1.509034680819823	1.4839591628585262	1.4808795929467042	1.6696950965061959	1.621109872964209	1.570940016751901	1.524186301114253	1.4812430608589033	1.4417923660377143	1.4058662838471705	1.3720654725343033	1.3412424532546157	1.3198936537681507	1.3197772575800322	1.2939491558300196	1.2688227874868732	1.2451047562052258	1.2227464529245613	1.201921639504247	1.1832592791545067	1.1644927019327254
0.01192787092530795	0.014540579140372954	0.012405114072222181	0.06882875149679621	0.0645013326649079	0.05961828337965795	0.055415524160723026	0.05462517616107502	0.05829689187814241	0.06999946637623469	0.06748182937087689	0.0799893617752571	0.07897949227098107	0.12134241249268048	0.12746329667034942	0.20966408307989706	0.5105374033773965	0.6022465167501408	0.5862114702793564	0.5802267196655867	0.5867513534521145	0.681324654149542	0.6995988247517307	0.9015474944702675	0.8835851038819829	0.877750526835224	0.9531438332995865	0.9777497855502368	1.005636712668407	1.0236716124470429	1.1919384404560553
0.05261784347890887	0.1149016478362021	0.2759790447209321	0.3020306794412244	0.34839203220621096	0.44805299097064516	0.7681001474783798	0.8355638786044192	1.1771394724445072	1.3454960258224162	1.3092670552522165	1.2950337120717683	1.3745866503273818	1.3246302039596274	1.2885469551848339	1.284266834697428	1.2689650331562998	1.4091324989105583	1.382652099497483	1.3907560424280958	1.4877970129963953	1.4785178084803252	1.5163140068573335	1.5447825566493874	1.5260907069447245	1.4966851599055413	1.4691259783501205	1.4427021211569326	1.4176098447835945	1.3937954342556766	1.3714285214088677
0.08910635419145425	0.10448874045565783	0.1689651876145588	0.29709526434914446	0.49733341802293507	0.5089609643757032	0.8465571247581215	0.9918746889014332	1.0262608996294211	1.0251688732182695	1.2322055332377047	1.1855863232486057	1.1550551967594755	1.2533322648057248	1.3603665907410536	1.3183050853912057	1.284555946598287	1.2949627744088037	1.2826626320396546	1.31854791746432	1.2868384130883723	1.2620305691102214	1.2425989009299603	1.258101745376867	1.2435168275624258	1.2801969440045977	1.29752983359153	1.3360528540775967	1.4027087835803838	1.384639518612226	1.3624649718425907
0.218970291929422	0.35065490487526096	0.530150808953724	0.9191103851900609	1.010352615256419	1.494543273814108	1.501454580937206	1.4238035620397207	1.3444479277879084	1.2949804594611585	1.295099930072081	1.3457343577228742	1.628171536344609	1.5750358064978358	1.5266126890812535	1.4986145605386354	1.4540012762842935	1.413304344689972	1.3756903281268906	1.3430263670509006	1.311012861988518	1.2846501599718374	1.2872152418689975	1.3047951181986794	1.278837966824623	1.259979933254564	1.2688463934723115	1.2487033028866603	1.261733658398827	1.2445883992626754	1.231004471443475
0.14981382469533058	0.1644801708423891	0.2490101958422741	0.46866332511658576	0.5243836458505575	0.6720388551917738	1.1206123184107364	1.264508952730855	1.2933378621783598	1.4015965448883392	1.662383871269999	1.603132025615117	1.5432176120743895	1.4870880415898682	1.4379983391160303	1.394310316359073	1.369847500450636	1.3314750908411994	1.3014112855675062	1.2926076869369074	1.267862704927866	1.2624058624148486	1.3309823917521988	1.3326380187778213	1.3400387780355634	1.4674057231865103	1.444870914120815	1.4203142704506484	1.3956512949076716	1.3729914842014264	1.353667497057125
0.1508022376552475	0.11487931108114195	0.11741276899807843	0.17157674233892709	0.2227339474179806	0.4238589033362378	0.8387930951159888	0.8635354994026109	0.8173194926693548	0.8069490908743279	0.7696735222040707	0.7493997779453022	0.7766391482762097	0.7943329409726657	0.833074231742887	1.0849240686416712	1.0527125035715297	1.0364949788089353	1.0552002713142226	1.0497535013619541	1.1413080718808122	1.1186997870506805	1.1064413396912405	1.178953128496755	1.2459279104509038	1.231498032213536	1.232472613072849	1.3053760812179755	1.3132995519042185	1.3411069476804423	1.3406948675082873
0.06692263885366383	0.04748703252938045	0.07593668434949882	0.0923827100447118	0.20339391955983227	0.3781400202425681	0.5820150227451302	1.172949060155889	1.1511566221417158	1.1248895329144846	1.2959414241765974	1.3194865737050783	1.277895556304052	1.2762884865560502	1.4386856895251958	1.427350329960916	1.4171642758879015	1.556296880191213	1.514788402267251	1.4916093120783978	1.5522156005212215	1.667123478675757	1.630521141163085	1.6087011305606613	1.6078455740552597	1.5900505967672562	1.648244381287479	1.6257181544824628	1.609084274320931	1.6732097248799462	1.692270545487272
0.8048184773303937	1.5345894683308732	1.4545332528033201	1.7246690139008547	2.1066901788020065	1.924371941493323	1.849823220620443	1.7427931186824086	1.6784103902859637	1.7530620716912024	1.719077935533244	1.7003174655941558	1.8484410569900946	1.799164621371575	1.7461876043618392	1.6922640313958766	1.648655048956873	1.6346082776863275	1.690871386696903	1.7692889460093362	1.7266563596463922	1.6989646651640293	1.6968922180355093	1.6643113687397362	1.656033199118663	1.6471374980119518	1.7228459034853285	1.7013469085660708	1.6790433874927537	1.6512982537325855	1.628453767404478
1.0404501401769068	1.090211362533175	1.877643113274081	1.62620204202231	1.4918490828897046	1.4895515924145568	1.385334630584721	1.3660262373333907	1.3204584971133082	1.4452199176986984	1.3782341444340418	1.3384681530354996	1.405952043540498	1.4638301292779121	1.4279336823017579	1.388357983318385	1.398097359213704	1.389653191495971	1.4224261839218835	1.3865629892624503	1.3622065219597022	1.367115102244632	1.3735881164244441	1.494446537515872	1.4712210439539137	1.458041734327797	1.4443004616013737	1.425708349127876	1.4257708487739695	1.4979406765027699	1.4937074975685627
0.028082879610003945	0.09536700939634556	0.20326483278846177	0.28925846403914773	0.33683879574004105	0.47552333735968355	0.7729503404080866	1.0698729585763178	1.3577846467600143	1.289065484935448	1.2621736988477754	1.3228616331009175	1.27258239336789	1.2464178427172627	1.2848093064270352	1.3345441655031915	1.4616886694142892	1.4448442909312649	1.4165151933141715	1.384933057964412	1.3665201713139308	1.3941387722465866	1.4298524306777383	1.4772349252956578	1.4693260152818632	1.4465487681233644	1.4559526722485632	1.4458868868097363	1.4916901216122018	1.52265590884183	1.4978962255037285
