-2.3783833338037	-2.2624908537911987
-2.3315699046216167	-2.3783833338037
-2.327908246247888	-2.3315699046216167
-2.3194286576211702	-2.327908246247888
-2.3053116775995206	-2.3194286576211702
-2.2817273527376387	-2.3053116775995206
-2.096886048341806	-2.2817273527376387
-1.8433410100109922	-2.096886048341806
-1.8303520923306673	-1.8433410100109922
-1.6346342612425457	-1.8303520923306673
-1.4725051694246842	-1.6346342612425457
-1.1576709803879965	-1.4725051694246842
-1.1511099580117534	-1.1576709803879965
-0.8597151206479553	-1.1511099580117534
-0.774780729599742	-0.8597151206479553
-0.45029428769708	-0.774780729599742
-0.46318116226424744	-0.45029428769708
-0.3002043685426389	-0.46318116226424744
-0.24801209318045905	-0.3002043685426389
-0.06825440020818302	-0.24801209318045905
0.041408285904757015	-0.06825440020818302
0.09539916386452274	0.041408285904757015
0.28183233196152646	0.09539916386452274
0.14679384751248595	0.28183233196152646
0.412920309259406	0.14679384751248595
0.25083931411855276	0.412920309259406
0.3423337897912528	0.25083931411855276
0.5585805188568183	0.3423337897912528
0.4808932127926192	0.5585805188568183
0.4790318236654008	0.4808932127926192
0.5279625581027695	0.4790318236654008
0.5554012078262192	0.5279625581027695
0.7051282449436282	0.5554012078262192
0.6319732467757229	0.7051282449436282
0.6983476085982201	0.6319732467757229
0.7689246101483068	0.6983476085982201
0.7686334541991032	0.7689246101483068
0.727771958882546	0.7686334541991032
0.8688227871840905	0.727771958882546
0.7562694639097579	0.8688227871840905
0.8699087035543189	0.7562694639097579
0.8685115996615685	0.8699087035543189
0.9259851494023335	0.8685115996615685
0.8769842321465392	0.9259851494023335
0.9098675091054786	0.8769842321465392
1.019274364818393	0.9098675091054786
0.9409515226493148	1.019274364818393
1.0848543364247347	0.9409515226493148
0.9800435490748128	1.0848543364247347
1.1882061033905202	0.9800435490748128
1.18339884512733	1.1882061033905202
1.174237311427744	1.18339884512733
1.2071896763379835	1.174237311427744
1.1623522056871889	1.2071896763379835
1.2516251199970334	1.1623522056871889
1.303024305807694	1.2516251199970334
1.290898310383361	1.303024305807694
1.32046180469617	1.290898310383361
1.269189610100139	1.32046180469617
1.3282790921411516	1.269189610100139
1.3974076872749157	1.3282790921411516
1.3344546791117853	1.3974076872749157
1.3329523770943748	1.3344546791117853
1.3868761240513314	1.3329523770943748
1.3391927966125923	1.3868761240513314
1.300110338154687	1.3391927966125923
1.3489241951225597	1.300110338154687
1.2611395342885854	1.3489241951225597
1.2394289115155213	1.2611395342885854
1.202647852440643	1.2394289115155213
1.215599907196497	1.202647852440643
1.235972295884596	1.215599907196497
1.1367708807879002	1.235972295884596
0.9803799969114358	1.1367708807879002
1.0797941489528051	0.9803799969114358
1.1311441850325703	1.0797941489528051
0.9907358905045243	1.1311441850325703
0.9739039032158563	0.9907358905045243
0.9702163687240579	0.9739039032158563
0.9346972092331493	0.9702163687240579
0.8263874577064859	0.9346972092331493
0.8796942691866099	0.8263874577064859
0.8684069252894867	0.8796942691866099
0.8418476889520057	0.8684069252894867
0.8453747965308278	0.8418476889520057
0.8049127982017674	0.8453747965308278
0.7959324383270047	0.8049127982017674
0.7035154500353976	0.7959324383270047
0.6810787593122593	0.7035154500353976
0.77434346484318	0.6810787593122593
0.6946160462473498	0.77434346484318
0.7216077890091644	0.6946160462473498
0.6839595098427893	0.7216077890091644
0.7005910332692139	0.6839595098427893
0.7125384088516178	0.7005910332692139
0.6335796277167235	0.7125384088516178
0.7633209008192955	0.6335796277167235
0.707891237747674	0.7633209008192955
0.7475019313727965	0.707891237747674
0.7897075161120825	0.7475019313727965
0.8166383020048609	0.7897075161120825
0.7620410911760679	0.8166383020048609
0.8206373686103814	0.7620410911760679
0.9123638479270308	0.8206373686103814
0.8810867165415511	0.9123638479270308
0.8929861293392014	0.8810867165415511
0.9380982910760737	0.8929861293392014
0.924444784038452	0.9380982910760737
0.9269454356787505	0.924444784038452
1.0548590930189907	0.9269454356787505
1.0033313341402676	1.0548590930189907
1.029916985870583	1.0033313341402676
1.1266445632431	1.029916985870583
1.2155250866883451	1.1266445632431
1.248824139376427	1.2155250866883451
1.2240963575928214	1.248824139376427
1.1661334274062163	1.2240963575928214
1.3449762827408034	1.1661334274062163
1.322043898137259	1.3449762827408034
1.28842370288879	1.322043898137259
1.342826068902837	1.28842370288879
1.3243911688189525	1.342826068902837
1.272917295916578	1.3243911688189525
1.3472348266770822	1.272917295916578
1.341058905723122	1.3472348266770822
1.3631778634084983	1.341058905723122
1.3845675209732053	1.3631778634084983
1.347045553179975	1.3845675209732053
1.4262487399791355	1.347045553179975
1.2841533495317388	1.4262487399791355
1.3447099208548547	1.2841533495317388
1.1754268869733784	1.3447099208548547
1.3231309491508676	1.1754268869733784
1.1821043913405271	1.3231309491508676
1.2043142089160543	1.1821043913405271
1.112633688818494	1.2043142089160543
1.0664890525002426	1.112633688818494
1.0819968920214782	1.0664890525002426
1.1243450254171399	1.0819968920214782
0.9594603305788801	1.1243450254171399
1.0640150472301675	0.9594603305788801
0.8736492484394329	1.0640150472301675
0.8958162889188165	0.8736492484394329
0.9165366534703192	0.8958162889188165
0.8293907847311833	0.9165366534703192
0.7873619419501403	0.8293907847311833
0.7505859498516845	0.7873619419501403
0.7516606712493232	0.7505859498516845
0.7533999540826035	0.7516606712493232
0.731800247769177	0.7533999540826035
0.6541336782845664	0.731800247769177
0.7546966903046778	0.6541336782845664
0.7556824428759737	0.7546966903046778
0.7356602165243441	0.7556824428759737
0.7649325589573077	0.7356602165243441
0.7201529429925333	0.7649325589573077
0.6269547119833837	0.7201529429925333
0.7467620518757355	0.6269547119833837
0.7807985731989399	0.7467620518757355
0.7303215564662705	0.7807985731989399
0.6898266970684408	0.7303215564662705
0.6714332662316935	0.6898266970684408
0.7073039956697843	0.6714332662316935
0.7400909774456581	0.7073039956697843
0.7514646318053915	0.7400909774456581
0.7852626173625109	0.7514646318053915
0.8117325420669136	0.7852626173625109
0.8375578909555368	0.8117325420669136
0.7830330689740438	0.8375578909555368
0.8990457564696969	0.7830330689740438
0.9360412730188964	0.8990457564696969
0.9540913907981277	0.9360412730188964
0.9802237700907592	0.9540913907981277
0.9968990729951533	0.9802237700907592
1.0369560601070613	0.9968990729951533
1.0325622016166427	1.0369560601070613
1.063495638594223	1.0325622016166427
1.1076272159165939	1.063495638594223
1.1079318180562758	1.1076272159165939
1.1934006696834385	1.1079318180562758
1.2615259018357987	1.1934006696834385
1.3057580342420645	1.2615259018357987
1.2540715437155774	1.3057580342420645
1.3733689207690087	1.2540715437155774
1.3452956898242916	1.3733689207690087
1.3864781776184927	1.3452956898242916
1.4047516368395294	1.3864781776184927
1.3470029926122145	1.4047516368395294
1.4501709609868072	1.3470029926122145
1.3714190063748333	1.4501709609868072
1.421633751547551	1.3714190063748333
1.3334043950751595	1.421633751547551
1.2275165813821978	1.3334043950751595
1.3653254060469906	1.2275165813821978
1.2533678719975523	1.3653254060469906
1.3387607728774478	1.2533678719975523
1.2504694911175411	1.3387607728774478
1.2411676798432534	1.2504694911175411
1.2140956942422032	1.2411676798432534
1.13933708856808	1.2140956942422032
1.077413072126535	1.13933708856808
1.0825732000999033	1.077413072126535
1.0120161588407857	1.0825732000999033
0.9679126598866435	1.0120161588407857
0.9372936319673252	0.9679126598866435
0.7862417331140417	0.9372936319673252
0.8537387349988252	0.7862417331140417
0.9220620937122304	0.8537387349988252
0.9529773401266153	0.9220620937122304
0.7682006522129743	0.9529773401266153
0.7466406111316145	0.7682006522129743
0.7646413949649802	0.7466406111316145
0.7229912403438965	0.7646413949649802
0.7113056916368399	0.7229912403438965
0.687855096060131	0.7113056916368399
0.7535910035135943	0.687855096060131
0.6576950370463602	0.7535910035135943
0.6827023281531561	0.6576950370463602
0.735423461563384	0.6827023281531561
0.7445138959944426	0.735423461563384
0.793810632841455	0.7445138959944426
0.7356141481473708	0.793810632841455
0.679394590599221	0.7356141481473708
0.6593443915792305	0.679394590599221
0.7520236866776181	0.6593443915792305
0.718128285693919	0.7520236866776181
0.6064274794098143	0.718128285693919
0.702906809019454	0.6064274794098143
0.7267611622776183	0.702906809019454
0.7168244088629935	0.7267611622776183
0.8585979221366099	0.7168244088629935
0.8514561256675708	0.8585979221366099
0.8195228676332966	0.8514561256675708
0.8776316541674726	0.8195228676332966
0.8944483744598669	0.8776316541674726
0.9466395286296334	0.8944483744598669
1.043638635999583	0.9466395286296334
1.0536654710232993	1.043638635999583
1.092882280430838	1.0536654710232993
1.1152346929326542	1.092882280430838
1.15018288595258	1.1152346929326542
1.1409517314441395	1.15018288595258
1.296635430669154	1.1409517314441395
1.2410955466240907	1.296635430669154
1.1856021642366679	1.2410955466240907
1.2215490412116763	1.1856021642366679
1.3162574629985495	1.2215490412116763
1.3630753441910148	1.3162574629985495
1.3699482025651313	1.3630753441910148
1.40177359872172	1.3699482025651313
1.4076457623358594	1.40177359872172
1.394520865061922	1.4076457623358594
1.398742337566713	1.394520865061922
1.37661677931007	1.398742337566713
1.4196865686221773	1.37661677931007
1.3901396181029184	1.4196865686221773
1.3553452278794103	1.3901396181029184
1.3038837443928006	1.3553452278794103
1.2662843075969505	1.3038837443928006
1.2566441637053996	1.2662843075969505
1.331995658764364	1.2566441637053996
1.2475562655217067	1.331995658764364
1.1197140483119052	1.2475562655217067
1.0825684431801907	1.1197140483119052
1.0824407984292912	1.0825684431801907
1.0736647124056107	1.0824407984292912
0.9810130897251772	1.0736647124056107
1.0010753528358434	0.9810130897251772
0.9189256175682025	1.0010753528358434
0.9415706846142685	0.9189256175682025
0.848983815283184	0.9415706846142685
0.8252962122758999	0.848983815283184
0.8391401887077665	0.8252962122758999
0.7320781024257199	0.8391401887077665
0.7758107532192985	0.7320781024257199
0.7694114972857103	0.7758107532192985
0.7349191896481391	0.7694114972857103
0.6344262598842999	0.7349191896481391
0.5734570573094966	0.6344262598842999
0.665435113740444	0.5734570573094966
0.7142747845248886	0.665435113740444
0.7065721814773157	0.7142747845248886
0.597512248582124	0.7065721814773157
0.6499011341650331	0.597512248582124
0.6278433221126173	0.6499011341650331
0.722143347377325	0.6278433221126173
0.6425805871630861	0.722143347377325
0.6782328603348688	0.6425805871630861
0.718070281009517	0.6782328603348688
0.6884611499258155	0.718070281009517
0.7314555033105059	0.6884611499258155
0.7282989934655738	0.7314555033105059
0.6921342171816068	0.7282989934655738
0.6914211569916584	0.6921342171816068
0.7747757818733358	0.6914211569916584
0.8120393756107286	0.7747757818733358
0.8257983834204129	0.8120393756107286
0.8655120058371278	0.8257983834204129
0.9372123455644681	0.8655120058371278
0.8532184527500128	0.9372123455644681
0.8635928691922964	0.8532184527500128
1.0443102294671764	0.8635928691922964
1.0123111516406282	1.0443102294671764
1.142380722774779	1.0123111516406282
1.1963376744022338	1.142380722774779
1.219403201666081	1.1963376744022338
1.34349619710193	1.219403201666081
1.2828020723681575	1.34349619710193
1.1158643756016835	1.2828020723681575
1.349940254562629	1.1158643756016835
1.3058302659089736	1.349940254562629
1.4178101969109906	1.3058302659089736
1.3428617712062445	1.4178101969109906
1.399558692596998	1.3428617712062445
1.3890539586139294	1.399558692596998
1.4973918310571204	1.3890539586139294
1.5082233726586805	1.4973918310571204
1.420288865831202	1.5082233726586805
1.4681931893065736	1.420288865831202
1.3698064574941367	1.4681931893065736
1.3596647999831397	1.3698064574941367
1.4540386844092938	1.3596647999831397
1.304806159603111	1.4540386844092938
1.3831942562632216	1.304806159603111
1.2766152101721178	1.3831942562632216
1.2517463300485852	1.2766152101721178
1.1818503118709869	1.2517463300485852
1.1674891640349454	1.1818503118709869
1.0318175118020925	1.1674891640349454
1.0975078682189396	1.0318175118020925
1.0156804731065332	1.0975078682189396
0.9407113806500166	1.0156804731065332
0.9319573122834206	0.9407113806500166
0.9392204930810866	0.9319573122834206
0.8914709973653234	0.9392204930810866
0.7460268848768462	0.8914709973653234
0.6974816488466605	0.7460268848768462
0.7676849616939369	0.6974816488466605
0.7614467914427904	0.7676849616939369
0.6713171635556068	0.7614467914427904
0.6306747337204869	0.6713171635556068
0.6657220539493018	0.6306747337204869
0.6973939813620066	0.6657220539493018
0.48399012923716733	0.6973939813620066
0.6721923744514534	0.48399012923716733
0.6615525611750073	0.6721923744514534
0.5704282037299695	0.6615525611750073
0.6534997913007125	0.5704282037299695
0.6588946234115749	0.6534997913007125
0.5947521567556873	0.6588946234115749
0.6748017583633472	0.5947521567556873
0.6071725548456387	0.6748017583633472
0.7057477489051929	0.6071725548456387
0.5569362256417875	0.7057477489051929
0.6425520153424217	0.5569362256417875
0.6844471759571604	0.6425520153424217
0.7765296671936346	0.6844471759571604
0.6777708179696337	0.7765296671936346
0.7557747066896618	0.6777708179696337
0.7209309002817391	0.7557747066896618
0.822474714610757	0.7209309002817391
0.8043584486872849	0.822474714610757
0.8106161454360448	0.8043584486872849
0.8375997439825076	0.8106161454360448
0.894561328095704	0.8375997439825076
1.0304092942658345	0.894561328095704
0.9657817898519204	1.0304092942658345
1.1212403365687988	0.9657817898519204
1.024492202947668	1.1212403365687988
1.2320034887244926	1.024492202947668
1.1371914984949654	1.2320034887244926
1.2288262672887098	1.1371914984949654
1.3251682468826782	1.2288262672887098
1.2755304672048526	1.3251682468826782
1.3850946661053498	1.2755304672048526
1.3708691798268982	1.3850946661053498
1.3773787782903686	1.3708691798268982
1.4572085142982132	1.3773787782903686
1.4369012038218458	1.4572085142982132
1.3904327753138617	1.4369012038218458
1.3841896088020142	1.3904327753138617
1.4258128517370496	1.3841896088020142
1.485239291726271	1.4258128517370496
1.4899984362204035	1.485239291726271
1.4673961581506398	1.4899984362204035
1.4648008437478952	1.4673961581506398
1.421000101936633	1.4648008437478952
1.3243044036119227	1.421000101936633
1.3522984059295895	1.3243044036119227
1.35762957122887	1.3522984059295895
1.2648352703876695	1.35762957122887
1.139683545241654	1.2648352703876695
1.2174870687856147	1.139683545241654
1.0663887038994557	1.2174870687856147
1.0901439042430487	1.0663887038994557
1.0797002184434645	1.0901439042430487
0.9551024648062787	1.0797002184434645
0.9283337950709027	0.9551024648062787
0.743031749557165	0.9283337950709027
0.7818026108919575	0.743031749557165
0.8656285297249395	0.7818026108919575
0.8742448809980445	0.8656285297249395
0.7533588034038001	0.8742448809980445
0.6764366284864151	0.7533588034038001
0.5694303344429952	0.6764366284864151
0.6242834709018817	0.5694303344429952
0.6254855833141831	0.6242834709018817
0.6038844616957626	0.6254855833141831
0.6995348277897595	0.6038844616957626
0.6082867740445232	0.6995348277897595
0.554769560935889	0.6082867740445232
0.5871319071161301	0.554769560935889
0.5538571732567544	0.5871319071161301
0.5505263022843483	0.5538571732567544
0.4728392629862564	0.5505263022843483
0.6051981630201143	0.4728392629862564
0.5354198334093176	0.6051981630201143
0.47941945257683083	0.5354198334093176
0.5385302488728714	0.47941945257683083
0.583836954120465	0.5385302488728714
0.6040716603970759	0.583836954120465
0.6567732566222273	0.6040716603970759
0.5906266722208104	0.6567732566222273
0.6533559054948154	0.5906266722208104
0.6797743764548946	0.6533559054948154
0.7707361839284832	0.6797743764548946
0.7374708204458057	0.7707361839284832
0.7954166629975149	0.7374708204458057
0.7835251113101114	0.7954166629975149
0.859068527826345	0.7835251113101114
0.9025031950762529	0.859068527826345
0.993791557430709	0.9025031950762529
1.0115563908086687	0.993791557430709
1.1004183072374831	1.0115563908086687
1.0132587355956755	1.1004183072374831
1.1433264289896385	1.0132587355956755
1.166347760057287	1.1433264289896385
1.1945789732452898	1.166347760057287
1.330245995583844	1.1945789732452898
1.4267300221157166	1.330245995583844
1.3413416095962596	1.4267300221157166
1.4966858077717167	1.3413416095962596
1.4035633873040656	1.4966858077717167
1.5240286953093605	1.4035633873040656
1.5624257682853129	1.5240286953093605
1.531798281849503	1.5624257682853129
1.599638014462564	1.531798281849503
1.4830657120633592	1.599638014462564
1.519681998993124	1.4830657120633592
1.4158246489498683	1.519681998993124
1.4413718584081312	1.4158246489498683
1.4812428409076706	1.4413718584081312
1.3895286481304117	1.4812428409076706
1.403610947357784	1.3895286481304117
1.462139649538959	1.403610947357784
1.3031409797032618	1.462139649538959
1.2776313073194825	1.3031409797032618
1.211863174421883	1.2776313073194825
1.0406273612023944	1.211863174421883
1.1039427474417423	1.0406273612023944
0.9734241741141489	1.1039427474417423
0.8567206987571249	0.9734241741141489
0.8331051961207507	0.8567206987571249
0.8357199427700971	0.8331051961207507
0.8087736465726125	0.8357199427700971
0.7141760361142544	0.8087736465726125
0.6364590825074506	0.7141760361142544
0.6099762464178492	0.6364590825074506
0.5933237375135243	0.6099762464178492
0.5894473931749153	0.5933237375135243
0.548415490322658	0.5894473931749153
0.4686181168570082	0.548415490322658
0.5194838282470075	0.4686181168570082
0.4727306835113737	0.5194838282470075
0.5299251331006202	0.4727306835113737
0.5005707288644793	0.5299251331006202
0.5497610986367691	0.5005707288644793
0.5994202791785697	0.5497610986367691
0.552952910151267	0.5994202791785697
0.4819933045200734	0.552952910151267
0.5429312629049174	0.4819933045200734
0.4838862056743248	0.5429312629049174
0.46165287141297917	0.4838862056743248
0.46312320163269827	0.46165287141297917
0.5475873371536784	0.46312320163269827
0.6395683644473688	0.5475873371536784
0.5608183304604083	0.6395683644473688
0.5796061034117225	0.5608183304604083
0.6846124259517723	0.5796061034117225
0.7564292344678502	0.6846124259517723
0.5891009075959204	0.7564292344678502
0.7627533808378042	0.5891009075959204
0.7197786553662378	0.7627533808378042
0.805354794244106	0.7197786553662378
0.747480198496999	0.805354794244106
0.8537152683275597	0.747480198496999
0.8942157373654849	0.8537152683275597
0.8765461274630616	0.8942157373654849
0.925025144326334	0.8765461274630616
1.0543207400267	0.925025144326334
1.059862818272822	1.0543207400267
1.1661127998115983	1.059862818272822
1.1939033795775182	1.1661127998115983
1.2468857672905311	1.1939033795775182
1.3130568585275648	1.2468857672905311
1.4018220870483524	1.3130568585275648
1.360658768006549	1.4018220870483524
1.5653868669614954	1.360658768006549
1.4479981825596475	1.5653868669614954
1.4874231878850717	1.4479981825596475
1.507570833526288	1.4874231878850717
1.6857162762390214	1.507570833526288
1.5537508410510918	1.6857162762390214
1.6539000930315098	1.5537508410510918
1.6051858024227914	1.6539000930315098
1.514892479337948	1.6051858024227914
1.666030770184509	1.514892479337948
1.5210669426981867	1.666030770184509
1.4428846480041906	1.5210669426981867
1.3618263182060681	1.4428846480041906
1.404492665521714	1.3618263182060681
1.3122029162380258	1.404492665521714
1.3553571049182807	1.3122029162380258
1.2806326445551817	1.3553571049182807
1.2509685896837874	1.2806326445551817
1.0860535351704526	1.2509685896837874
1.034494043253723	1.0860535351704526
0.9967427318540801	1.034494043253723
0.7687440911049486	0.9967427318540801
0.8460541777025274	0.7687440911049486
0.7607807420724839	0.8460541777025274
0.8260568209282018	0.7607807420724839
0.6673159542143193	0.8260568209282018
0.6388700491694671	0.6673159542143193
0.5900282934105658	0.6388700491694671
0.618333566926144	0.5900282934105658
0.5790214522000651	0.618333566926144
0.542869921256035	0.5790214522000651
0.5880902144390544	0.542869921256035
0.43053583127730766	0.5880902144390544
0.4002660012701361	0.43053583127730766
0.46127799438238315	0.4002660012701361
0.5173526297413719	0.46127799438238315
0.37268657137185596	0.5173526297413719
0.3437524979619153	0.37268657137185596
0.3993884196053696	0.3437524979619153
0.407670030941282	0.3993884196053696
0.5208544427794383	0.407670030941282
0.45989365437113655	0.5208544427794383
0.4107398448424415	0.45989365437113655
0.4127050922713554	0.4107398448424415
0.46765404612483497	0.4127050922713554
0.45783386454180763	0.46765404612483497
0.39422226848535047	0.45783386454180763
0.48790859545777443	0.39422226848535047
0.6005279539121505	0.48790859545777443
0.582715228554353	0.6005279539121505
0.6232624067945027	0.582715228554353
0.6267254232798527	0.6232624067945027
0.6265976051425879	0.6267254232798527
0.6836543719026977	0.6265976051425879
0.6402995721473693	0.6836543719026977
0.8104144877190241	0.6402995721473693
0.8697663594557149	0.8104144877190241
0.8589748256237214	0.8697663594557149
0.7943330098424507	0.8589748256237214
0.9809029103126145	0.7943330098424507
0.9389367692519126	0.9809029103126145
1.0468779394057728	0.9389367692519126
1.129236062454703	1.0468779394057728
1.2011761094640867	1.129236062454703
1.2185231706814637	1.2011761094640867
1.2571501708767086	1.2185231706814637
1.416096792547567	1.2571501708767086
1.4301346372634156	1.416096792547567
1.522050431962731	1.4301346372634156
1.4917465863946633	1.522050431962731
1.6332570474467252	1.4917465863946633
1.6838216647211168	1.6332570474467252
1.7018769311664592	1.6838216647211168
1.7180874339128518	1.7018769311664592
1.650531081640529	1.7180874339128518
1.6382615814968615	1.650531081640529
1.6485154080475324	1.6382615814968615
1.5607590307874566	1.6485154080475324
1.5838483328290907	1.5607590307874566
1.5615891559853388	1.5838483328290907
1.5171683026874048	1.5615891559853388
1.4043775070695776	1.5171683026874048
1.4275350276344008	1.4043775070695776
1.3445617716374192	1.4275350276344008
1.1840360765133122	1.3445617716374192
1.063003723474024	1.1840360765133122
1.1495853293377587	1.063003723474024
1.0537637407169966	1.1495853293377587
1.0448628920889313	1.0537637407169966
0.945531611347247	1.0448628920889313
0.8492675994460699	0.945531611347247
0.7480771120388383	0.8492675994460699
0.6742078980587163	0.7480771120388383
0.6263565329116115	0.6742078980587163
0.7220379129258361	0.6263565329116115
0.5139589081040654	0.7220379129258361
0.5837643332521357	0.5139589081040654
0.45343655514758185	0.5837643332521357
0.447735492615878	0.45343655514758185
0.42397375723297204	0.447735492615878
0.3501512571910701	0.42397375723297204
0.38221326094455316	0.3501512571910701
0.37319251737239845	0.38221326094455316
0.24457629453937357	0.37319251737239845
0.3169687576882751	0.24457629453937357
0.3420667218416714	0.3169687576882751
0.2531851809799692	0.3420667218416714
0.41567119840440514	0.2531851809799692
0.3621320384073854	0.41567119840440514
0.3647925336188567	0.3621320384073854
0.21066518062937617	0.3647925336188567
0.27426436634922835	0.21066518062937617
0.33694144107711743	0.27426436634922835
0.28483053106910333	0.33694144107711743
0.30719747510272327	0.28483053106910333
0.37634922519972014	0.30719747510272327
0.4514903547470166	0.37634922519972014
0.4555019279060888	0.4514903547470166
0.38814849234511084	0.4555019279060888
0.4021981522877406	0.38814849234511084
0.45941822245712177	0.4021981522877406
0.4701976421535763	0.45941822245712177
0.5198745010316784	0.4701976421535763
0.5265450659473665	0.5198745010316784
0.5934461943277388	0.5265450659473665
0.6791618769376451	0.5934461943277388
0.7669547769271798	0.6791618769376451
0.7198955523375973	0.7669547769271798
0.7987437221291126	0.7198955523375973
0.9361280976339658	0.7987437221291126
0.9515346389290805	0.9361280976339658
0.9662813437822668	0.9515346389290805
0.9773008219535803	0.9662813437822668
1.1192009105976768	0.9773008219535803
1.167689238308474	1.1192009105976768
1.2984078434682187	1.167689238308474
1.3227371980053482	1.2984078434682187
1.3793485804459262	1.3227371980053482
1.4518775158775732	1.3793485804459262
1.487257546575671	1.4518775158775732
1.5093185364898658	1.487257546575671
1.6466632806632675	1.5093185364898658
1.6358413072276425	1.6466632806632675
1.7540631223054632	1.6358413072276425
1.6824415628919993	1.7540631223054632
1.7533592372213123	1.6824415628919993
1.7242758995455985	1.7533592372213123
1.7978348279210146	1.7242758995455985
1.7587170397755536	1.7978348279210146
1.6918537068441266	1.7587170397755536
1.6923504476301114	1.6918537068441266
1.6453104579503748	1.6923504476301114
1.5108847514051706	1.6453104579503748
1.4281986876950983	1.5108847514051706
1.4264210379614821	1.4281986876950983
1.2801966746147269	1.4264210379614821
1.1519994539269502	1.2801966746147269
1.1210182744975055	1.1519994539269502
0.9306964052991576	1.1210182744975055
0.9301357142562504	0.9306964052991576
0.8321158375067084	0.9301357142562504
0.7707901099479287	0.8321158375067084
0.7284484211931035	0.7707901099479287
0.5792316134820081	0.7284484211931035
0.4673555891867025	0.5792316134820081
0.420339637602145	0.4673555891867025
0.3929621680536801	0.420339637602145
0.3373310824554808	0.3929621680536801
0.47021303074921345	0.3373310824554808
0.3089052611075481	0.47021303074921345
0.27917174443646303	0.3089052611075481
0.29686792899983777	0.27917174443646303
0.2552565921988679	0.29686792899983777
0.17664578858018412	0.2552565921988679
0.22323705749135453	0.17664578858018412
0.3209926324853734	0.22323705749135453
0.1985954955327434	0.3209926324853734
0.1345042378573865	0.1985954955327434
0.10398157596116249	0.1345042378573865
0.07749389143320298	0.10398157596116249
0.2630637026473221	0.07749389143320298
0.24780213284327887	0.2630637026473221
0.13085073513502357	0.24780213284327887
0.18119234660283529	0.13085073513502357
0.19146548377997513	0.18119234660283529
0.20850496413199487	0.19146548377997513
0.1152727881779953	0.20850496413199487
0.17359676020593717	0.1152727881779953
0.20151294699859199	0.17359676020593717
0.3288446887260163	0.20151294699859199
0.23351240311898333	0.3288446887260163
0.23231618868804302	0.23351240311898333
0.2596097451087543	0.23231618868804302
0.2497753101877959	0.2596097451087543
0.235051752389422	0.2497753101877959
0.3542625911947318	0.235051752389422
0.40157667453768975	0.3542625911947318
0.30275667890839636	0.40157667453768975
0.2823134609885809	0.30275667890839636
0.45097061922658904	0.2823134609885809
0.48651255619459605	0.45097061922658904
0.5371368887201279	0.48651255619459605
0.6779626357949438	0.5371368887201279
0.5449199638789168	0.6779626357949438
0.6905704629606678	0.5449199638789168
0.6731314523593	0.6905704629606678
0.759391722903968	0.6731314523593
0.7922811330355467	0.759391722903968
0.8280595488552694	0.7922811330355467
1.0001300601810303	0.8280595488552694
0.9155167505838367	1.0001300601810303
1.1603408471425722	0.9155167505838367
1.1469132989846633	1.1603408471425722
1.256644975326996	1.1469132989846633
1.2647532275292395	1.256644975326996
1.3688074485415647	1.2647532275292395
1.4631967965187678	1.3688074485415647
1.5125122500784762	1.4631967965187678
1.5884703980072035	1.5125122500784762
1.6554412540457877	1.5884703980072035
1.7690082314226951	1.6554412540457877
1.902786000459983	1.7690082314226951
1.8949722998101106	1.902786000459983
1.8639087880598253	1.8949722998101106
1.9140386913069474	1.8639087880598253
1.9175530772287368	1.9140386913069474
1.9625259138889013	1.9175530772287368
1.9038228697813346	1.9625259138889013
1.795351067698918	1.9038228697813346
1.6523020389431131	1.795351067698918
1.6106768486768792	1.6523020389431131
1.6005692557182665	1.6106768486768792
1.4095283408931432	1.6005692557182665
1.2540513692874276	1.4095283408931432
1.1351253386252589	1.2540513692874276
1.0530549423960567	1.1351253386252589
0.8864292470008636	1.0530549423960567
0.9017509688366361	0.8864292470008636
0.8268786835161204	0.9017509688366361
0.6564381652727643	0.8268786835161204
0.5307612345308692	0.6564381652727643
0.5063040073590496	0.5307612345308692
0.47454204255179044	0.5063040073590496
0.41223523379845295	0.47454204255179044
0.30355798594918465	0.41223523379845295
0.16642413707390785	0.30355798594918465
0.18201672261215476	0.16642413707390785
0.13587423844687366	0.18201672261215476
0.03433687872620965	0.13587423844687366
0.10870523557716905	0.03433687872620965
-0.015541563429863028	0.10870523557716905
0.021604927815555147	-0.015541563429863028
0.03825947260280128	0.021604927815555147
-0.015089593535578186	0.03825947260280128
-0.13625652230181495	-0.015089593535578186
-0.0784412079873163	-0.13625652230181495
-0.035233356498122315	-0.0784412079873163
-0.03845447921629063	-0.035233356498122315
-0.10735309372785465	-0.03845447921629063
-0.07321835799244777	-0.10735309372785465
-0.1076679309696594	-0.07321835799244777
-0.17887805799064557	-0.1076679309696594
-0.08936587327719832	-0.17887805799064557
-0.1639998002736049	-0.08936587327719832
-0.21627686590006948	-0.1639998002736049
-0.1465362501461551	-0.21627686590006948
-0.269931235948827	-0.1465362501461551
-0.23622783732960778	-0.269931235948827
-0.2294320240341605	-0.23622783732960778
-0.24248960080016319	-0.2294320240341605
-0.3516163272350391	-0.24248960080016319
-0.29543343837121655	-0.3516163272350391
-0.2796571721146692	-0.29543343837121655
-0.31148040015113915	-0.2796571721146692
-0.46602414193537667	-0.31148040015113915
-0.4424245531947313	-0.46602414193537667
-0.3950757010926651	-0.4424245531947313
-0.347192456258043	-0.3950757010926651
-0.4563806330076709	-0.347192456258043
-0.5327291720314552	-0.4563806330076709
-0.46204146639755905	-0.5327291720314552
-0.6458303343091504	-0.46204146639755905
-0.6348657340432086	-0.6458303343091504
-0.6256251828470957	-0.6348657340432086
-0.7239395344294863	-0.6256251828470957
-0.7561356559757115	-0.7239395344294863
-0.7880528043698998	-0.7561356559757115
-0.8422386917740325	-0.7880528043698998
-1.0319287320337365	-0.8422386917740325
-1.06550695260752	-1.0319287320337365
-1.1205892695197348	-1.06550695260752
-1.212229718429133	-1.1205892695197348
-1.3002299846447605	-1.212229718429133
-1.3245914802359418	-1.3002299846447605
-1.4892478713425785	-1.3245914802359418
-1.6176434022712212	-1.4892478713425785
-1.6186030953843769	-1.6176434022712212
-1.7531126657437477	-1.6186030953843769
-1.761872917088654	-1.7531126657437477
-1.8549153882156626	-1.761872917088654
-1.8958932662275159	-1.8549153882156626
-1.885959732904619	-1.8958932662275159
-1.9529353426187117	-1.885959732904619
-1.948067895646964	-1.9529353426187117
-2.004833385170972	-1.948067895646964
-1.9606812662074748	-2.004833385170972
-1.8852015773091475	-1.9606812662074748
-1.7993972406508718	-1.8852015773091475
-1.807943770372168	-1.7993972406508718
-1.6367988729171494	-1.807943770372168
-1.5591609829859538	-1.6367988729171494
-1.401806820910143	-1.5591609829859538
-1.198715036320166	-1.401806820910143
-1.238774385491809	-1.198715036320166
-1.0572238779942602	-1.238774385491809
-0.9452292192746976	-1.0572238779942602
-0.8855523006121838	-0.9452292192746976
-0.7488284380896518	-0.8855523006121838
-0.6652135607132951	-0.7488284380896518
-0.5756956558037429	-0.6652135607132951
-0.40534177413880845	-0.5756956558037429
-0.471360168538833	-0.40534177413880845
-0.32267803537723777	-0.471360168538833
-0.3472057926314384	-0.32267803537723777
-0.2739213177271138	-0.3472057926314384
-0.23530283965721202	-0.2739213177271138
-0.17904591252937538	-0.23530283965721202
-0.0817137575047084	-0.17904591252937538
0.0062451473600532575	-0.0817137575047084
-0.03135901231338311	0.0062451473600532575
-0.015300962290744877	-0.03135901231338311
0.012187283782642857	-0.015300962290744877
0.11824964688073272	0.012187283782642857
0.07207664989119889	0.11824964688073272
0.04489412022015236	0.07207664989119889
0.13978982278721444	0.04489412022015236
0.11943943043931178	0.13978982278721444
0.08993746460263363	0.11943943043931178
0.005010481329308494	0.08993746460263363
0.20911994148468194	0.005010481329308494
0.08321193998432835	0.20911994148468194
0.203217024621394	0.08321193998432835
0.13882720548416028	0.203217024621394
0.2240900185368906	0.13882720548416028
0.14825950631737977	0.2240900185368906
0.197065634752159	0.14825950631737977
0.20079137245702228	0.197065634752159
0.30261518512836805	0.20079137245702228
0.1995166712473168	0.30261518512836805
0.36203550735550566	0.1995166712473168
0.3591584707879517	0.36203550735550566
0.2744298545061508	0.3591584707879517
0.3868424848167134	0.2744298545061508
0.35244271984413694	0.3868424848167134
0.42670706518643886	0.35244271984413694
0.45276799804746837	0.42670706518643886
0.48229776077687186	0.45276799804746837
0.5491320435602793	0.48229776077687186
0.603324813929704	0.5491320435602793
0.6920528529735621	0.603324813929704
0.6410314868128304	0.6920528529735621
0.7946937507483084	0.6410314868128304
0.7423987472736513	0.7946937507483084
0.8671278136230397	0.7423987472736513
0.9575830287930269	0.8671278136230397
1.0569558247821593	0.9575830287930269
1.006640407189218	1.0569558247821593
1.2808550925854383	1.006640407189218
1.257172011796814	1.2808550925854383
1.3918887524926893	1.257172011796814
1.398810355564433	1.3918887524926893
1.4525604531566945	1.398810355564433
1.6654490529596702	1.4525604531566945
1.631265207371949	1.6654490529596702
1.668774584881674	1.631265207371949
1.8139870762264168	1.668774584881674
1.8021437250517511	1.8139870762264168
1.84336887570294	1.8021437250517511
1.87483619911492	1.84336887570294
1.904165157863651	1.87483619911492
1.8926151097766244	1.904165157863651
1.8491082217418673	1.8926151097766244
1.7778835919600395	1.8491082217418673
1.6914350992690625	1.7778835919600395
1.7278456131319104	1.6914350992690625
1.5627511270898427	1.7278456131319104
1.5987679747862602	1.5627511270898427
1.370943647028033	1.5987679747862602
1.2626664989397192	1.370943647028033
1.1350615296245805	1.2626664989397192
1.0067066311911177	1.1350615296245805
0.9929784786179565	1.0067066311911177
0.857130425914154	0.9929784786179565
0.7051499291983431	0.857130425914154
0.6835811560004692	0.7051499291983431
0.6652355170643659	0.6835811560004692
0.5237978650006041	0.6652355170643659
0.4376592455765213	0.5237978650006041
0.3567670403057804	0.4376592455765213
0.30643426207034313	0.3567670403057804
0.26545463613324155	0.30643426207034313
0.24711556532124326	0.26545463613324155
0.15646028850444418	0.24711556532124326
0.1355147883822161	0.15646028850444418
0.1417322885877884	0.1355147883822161
0.09427790734747915	0.1417322885877884
0.012646089777422286	0.09427790734747915
0.1090478626135177	0.012646089777422286
-0.03429165324013734	0.1090478626135177
-0.03070471397165856	-0.03429165324013734
0.0354191218057979	-0.03070471397165856
-0.010104820874424589	0.0354191218057979
-0.06483989837421389	-0.010104820874424589
-0.05831858278039031	-0.06483989837421389
-0.11518242936169767	-0.05831858278039031
-0.035694609357365265	-0.11518242936169767
-0.07506753554361963	-0.035694609357365265
-0.11378119932314472	-0.07506753554361963
-0.10542362268144127	-0.11378119932314472
-0.07587788577160501	-0.10542362268144127
-0.17771978761633017	-0.07587788577160501
-0.11538206645915508	-0.17771978761633017
-0.11972848840061444	-0.11538206645915508
-0.1471177418619452	-0.11972848840061444
-0.15682860763417308	-0.1471177418619452
-0.08639868587290286	-0.15682860763417308
-0.24726477300652955	-0.08639868587290286
-0.2327421478932976	-0.24726477300652955
-0.18077277958828	-0.2327421478932976
-0.2899549647465466	-0.18077277958828
-0.31035184614172745	-0.2899549647465466
-0.26867660921067926	-0.31035184614172745
-0.2766772799858402	-0.26867660921067926
-0.33148313244341915	-0.2766772799858402
-0.3535355507690006	-0.33148313244341915
-0.395402174095238	-0.3535355507690006
-0.3884732944295063	-0.395402174095238
-0.4973958315992881	-0.3884732944295063
-0.5131552183779281	-0.4973958315992881
-0.4239981475863218	-0.5131552183779281
-0.577716450722209	-0.4239981475863218
-0.6118651106693453	-0.577716450722209
-0.6376083952244795	-0.6118651106693453
-0.6257572675209072	-0.6376083952244795
-0.7293172947750092	-0.6257572675209072
-0.7610693475702595	-0.7293172947750092
-0.8530097064392073	-0.7610693475702595
-0.9114904585982814	-0.8530097064392073
-1.0732497552669706	-0.9114904585982814
-1.1331847174567007	-1.0732497552669706
-1.1671243475441238	-1.1331847174567007
-1.3445204465806149	-1.1671243475441238
-1.3507742491814039	-1.3445204465806149
-1.465511719888005	-1.3507742491814039
-1.584701024806787	-1.465511719888005
-1.6007980640535968	-1.584701024806787
-1.8077272345463264	-1.6007980640535968
-1.7791167214001442	-1.8077272345463264
-1.9423368516651283	-1.7791167214001442
-1.9599957262166685	-1.9423368516651283
-2.058193933920035	-1.9599957262166685
-2.0710368150199714	-2.058193933920035
-2.092076709377348	-2.0710368150199714
-1.9943437735338199	-2.092076709377348
-1.9918327258688169	-1.9943437735338199
-1.8660269926780102	-1.9918327258688169
-1.8731657633309613	-1.8660269926780102
-1.742513666545307	-1.8731657633309613
-1.6661627375132226	-1.742513666545307
-1.5159476204514257	-1.6661627375132226
-1.436815739332322	-1.5159476204514257
-1.3126811236464415	-1.436815739332322
-1.0469692425046115	-1.3126811236464415
-1.0308558509082486	-1.0469692425046115
-0.8655879294402092	-1.0308558509082486
-0.7731183466102232	-0.8655879294402092
-0.7305868301175792	-0.7731183466102232
-0.641508647909435	-0.7305868301175792
-0.5883020154106283	-0.641508647909435
-0.41984723770384313	-0.5883020154106283
-0.27095142552828555	-0.41984723770384313
-0.3055556312238782	-0.27095142552828555
-0.20874821361172058	-0.3055556312238782
-0.17804491516956855	-0.20874821361172058
-0.12906503168328268	-0.17804491516956855
-0.07954910565749351	-0.12906503168328268
-0.05755859679074607	-0.07954910565749351
-0.0005588471365570763	-0.05755859679074607
-0.046381142435385964	-0.0005588471365570763
-0.019828021153017523	-0.046381142435385964
0.09045119040120261	-0.019828021153017523
0.16107797604954294	0.09045119040120261
0.06062163669116462	0.16107797604954294
0.23044609957482776	0.06062163669116462
0.18224073724634132	0.23044609957482776
0.18834225332443869	0.18224073724634132
0.24136487253290265	0.18834225332443869
0.27174863561697704	0.24136487253290265
0.24507383841509162	0.27174863561697704
0.3343044311636585	0.24507383841509162
0.1666312981738569	0.3343044311636585
0.37315837447318057	0.1666312981738569
0.3967404059480577	0.37315837447318057
0.40319981842391145	0.3967404059480577
0.4289878848183456	0.40319981842391145
0.3867356080176892	0.4289878848183456
0.35825304793725826	0.3867356080176892
0.4729591274668425	0.35825304793725826
0.4513496571274174	0.4729591274668425
0.4605056862067818	0.4513496571274174
0.5506055559261992	0.4605056862067818
0.6680492251810153	0.5506055559261992
0.6383204290916017	0.6680492251810153
0.6066509934709455	0.6383204290916017
0.6792078599676203	0.6066509934709455
0.8348023841718172	0.6792078599676203
0.9242969667643786	0.8348023841718172
0.868849314657505	0.9242969667643786
0.9767533452122548	0.868849314657505
0.9303143094735329	0.9767533452122548
1.058883799210942	0.9303143094735329
1.2354007719435387	1.058883799210942
1.2823905323391396	1.2354007719435387
1.2381049570680747	1.2823905323391396
1.4742915045838614	1.2381049570680747
1.4943916798855503	1.4742915045838614
1.498881356397606	1.4943916798855503
1.6091630230641625	1.498881356397606
1.6654416047294498	1.6091630230641625
1.6226659923901479	1.6654416047294498
1.7816943541898367	1.6226659923901479
1.7718526231717147	1.7816943541898367
1.7775767887194873	1.7718526231717147
1.817581835731803	1.7775767887194873
1.80000445118567	1.817581835731803
1.778336247849468	1.80000445118567
1.668637813228556	1.778336247849468
1.6602313373880946	1.668637813228556
1.5323664482975012	1.6602313373880946
1.4996828784428837	1.5323664482975012
1.486730863490195	1.4996828784428837
1.3068301819302877	1.486730863490195
1.2531742913927577	1.3068301819302877
1.13529204710949	1.2531742913927577
1.0497056551168986	1.13529204710949
0.9194446679067378	1.0497056551168986
0.8463463873470097	0.9194446679067378
0.7879786758528012	0.8463463873470097
0.832922670816372	0.7879786758528012
0.5960043111547773	0.832922670816372
0.49356111137113223	0.5960043111547773
0.4981842443266618	0.49356111137113223
0.4024234008907379	0.4981842443266618
0.4376040441424269	0.4024234008907379
0.42960368226001844	0.4376040441424269
0.29656103233690917	0.42960368226001844
0.312519040333863	0.29656103233690917
0.16171809492482758	0.312519040333863
0.17627823416678035	0.16171809492482758
0.369370920196067	0.17627823416678035
0.2608155575055175	0.369370920196067
0.11930191434486635	0.2608155575055175
0.10614239889474941	0.11930191434486635
0.161558674861912	0.10614239889474941
0.205112176930426	0.161558674861912
0.05220340847307203	0.205112176930426
0.1598308864730924	0.05220340847307203
-0.011386244081260682	0.1598308864730924
0.1670982584609396	-0.011386244081260682
0.13982102663553275	0.1670982584609396
0.12065818564607478	0.13982102663553275
0.0820354600222667	0.12065818564607478
0.12735748611889947	0.0820354600222667
0.12729742873286007	0.12735748611889947
0.09581046790398168	0.12729742873286007
0.08937201943021644	0.09581046790398168
0.07349887548751745	0.08937201943021644
0.19280449059351482	0.07349887548751745
0.21668621102960256	0.19280449059351482
0.16066040788083683	0.21668621102960256
0.2443517545485714	0.16066040788083683
0.284279324545548	0.2443517545485714
0.16737792753749783	0.284279324545548
0.24110095977573714	0.16737792753749783
0.21150633124783763	0.24110095977573714
0.3556013881608916	0.21150633124783763
0.2432042997734994	0.3556013881608916
0.32959483567138514	0.2432042997734994
0.35271317611858377	0.32959483567138514
0.317271906863255	0.35271317611858377
0.47024793686308997	0.317271906863255
0.46765451879951525	0.47024793686308997
0.4709349489495741	0.46765451879951525
0.6138782250280844	0.4709349489495741
0.6137807586232791	0.6138782250280844
0.7136398559099774	0.6137807586232791
0.7671975732637639	0.7136398559099774
0.8006682543518303	0.7671975732637639
0.7990267916492726	0.8006682543518303
0.9217403057599625	0.7990267916492726
0.9091573348392028	0.9217403057599625
0.9359559649407022	0.9091573348392028
1.0639746112128823	0.9359559649407022
1.2870656395351427	1.0639746112128823
1.2461067162337451	1.2870656395351427
1.3297782163987644	1.2461067162337451
1.467006589364135	1.3297782163987644
1.5915837350875353	1.467006589364135
1.677322650366999	1.5915837350875353
1.71287439437906	1.677322650366999
1.7298349869596914	1.71287439437906
1.8158592868918313	1.7298349869596914
1.9507010517179495	1.8158592868918313
2.0135488605259293	1.9507010517179495
1.9737920156635342	2.0135488605259293
2.0126910251039862	1.9737920156635342
1.948212169770566	2.0126910251039862
1.9702093451898282	1.948212169770566
1.8413950263604726	1.9702093451898282
1.6965442880077162	1.8413950263604726
1.6571576951184819	1.6965442880077162
1.5485626490733508	1.6571576951184819
1.4058553771136975	1.5485626490733508
1.3199702998271183	1.4058553771136975
1.2487782040945783	1.3199702998271183
1.1351927324901527	1.2487782040945783
1.005105770686836	1.1351927324901527
0.8273705088001212	1.005105770686836
0.6988988523660111	0.8273705088001212
0.5481822031597146	0.6988988523660111
0.5081274743113104	0.5481822031597146
0.5116979255089449	0.5081274743113104
0.38199521416682153	0.5116979255089449
0.2778641301698164	0.38199521416682153
0.20754982602805724	0.2778641301698164
0.1928624861136107	0.20754982602805724
0.08183901305181723	0.1928624861136107
0.06752070681748695	0.08183901305181723
0.0940610401314185	0.06752070681748695
-0.032353632856359116	0.0940610401314185
0.0069668690481217675	-0.032353632856359116
0.01075431803982186	0.0069668690481217675
-0.047896849876662796	0.01075431803982186
-0.17602789597288038	-0.047896849876662796
-0.07689321156962453	-0.17602789597288038
-0.19008624665468726	-0.07689321156962453
-0.06725851203943424	-0.19008624665468726
-0.25744803314345394	-0.06725851203943424
-0.226787703658561	-0.25744803314345394
-0.24281186290698384	-0.226787703658561
-0.22363658616242615	-0.24281186290698384
-0.23750467904501738	-0.22363658616242615
-0.25532264968284674	-0.23750467904501738
-0.24670802308349646	-0.25532264968284674
-0.27255533767006146	-0.24670802308349646
-0.27598296729249977	-0.27255533767006146
-0.3210737217958914	-0.27598296729249977
-0.3487768569549207	-0.3210737217958914
-0.43674540376202864	-0.3487768569549207
-0.44481638204814006	-0.43674540376202864
-0.39233561989109167	-0.44481638204814006
-0.5009988272426023	-0.39233561989109167
-0.42441903032302564	-0.5009988272426023
-0.5219068018072354	-0.42441903032302564
-0.4856824339496053	-0.5219068018072354
-0.5694660963637307	-0.4856824339496053
-0.660974219591648	-0.5694660963637307
-0.7131039131999247	-0.660974219591648
-0.7854186167275123	-0.7131039131999247
-0.8291954509700928	-0.7854186167275123
-0.7735405121485246	-0.8291954509700928
-0.8801576811847449	-0.7735405121485246
-0.996586143241235	-0.8801576811847449
-0.9415775936327286	-0.996586143241235
-1.1143078572920848	-0.9415775936327286
-1.2475409461106126	-1.1143078572920848
-1.1781553636659565	-1.2475409461106126
-1.2958267348897046	-1.1781553636659565
-1.4214696435945555	-1.2958267348897046
-1.5056677603916313	-1.4214696435945555
-1.5020471073043744	-1.5056677603916313
-1.6895138158150775	-1.5020471073043744
-1.6874167030080374	-1.6895138158150775
-1.7014895995026067	-1.6874167030080374
-1.747510549911551	-1.7014895995026067
-1.7881486148068688	-1.747510549911551
-1.8707959180687146	-1.7881486148068688
-2.008687645109236	-1.8707959180687146
-1.8690188432967356	-2.008687645109236
-1.7806949214402525	-1.8690188432967356
-1.7250911956824746	-1.7806949214402525
-1.7279084707997807	-1.7250911956824746
-1.5986093663280392	-1.7279084707997807
-1.7098486158227375	-1.5986093663280392
-1.5277260066267941	-1.7098486158227375
-1.404213060749427	-1.5277260066267941
-1.3051241513721679	-1.404213060749427
-1.2163885659414553	-1.3051241513721679
-1.199949071634094	-1.2163885659414553
-1.0356986286245036	-1.199949071634094
-1.0395093944003069	-1.0356986286245036
-0.8936758422489489	-1.0395093944003069
-0.847137142268204	-0.8936758422489489
-0.6823024023218567	-0.847137142268204
-0.5199277004070271	-0.6823024023218567
-0.4780538686014382	-0.5199277004070271
-0.5722229019400997	-0.4780538686014382
-0.4466590980698093	-0.5722229019400997
-0.42967774732394454	-0.4466590980698093
-0.3549904142600805	-0.42967774732394454
-0.3037890823151804	-0.3549904142600805
-0.2477070970703388	-0.3037890823151804
-0.2575333054301339	-0.2477070970703388
-0.19116322617455747	-0.2575333054301339
-0.2440726811024474	-0.19116322617455747
-0.14188709733158744	-0.2440726811024474
-0.12596918563549764	-0.14188709733158744
-0.07953609330875269	-0.12596918563549764
-0.09889088093151646	-0.07953609330875269
-0.12008430246400191	-0.09889088093151646
-0.028004249931046887	-0.12008430246400191
-0.07591080553846166	-0.028004249931046887
-0.0534898826364277	-0.07591080553846166
0.02016076154792472	-0.0534898826364277
-0.1390731311991386	0.02016076154792472
-0.06840591023883023	-0.1390731311991386
-0.05760985722362966	-0.06840591023883023
0.03876069129982966	-0.05760985722362966
-0.06263374536483625	0.03876069129982966
-0.11291111071859755	-0.06263374536483625
-0.0908682536305031	-0.11291111071859755
-0.03155846308549634	-0.0908682536305031
0.027809331278928276	-0.03155846308549634
-0.09462066526926693	0.027809331278928276
-0.10918857982239528	-0.09462066526926693
-0.03302722775674209	-0.10918857982239528
-0.2105814071012148	-0.03302722775674209
-0.12730274880903036	-0.2105814071012148
-0.09580645422205429	-0.12730274880903036
-0.12771926048051202	-0.09580645422205429
-0.15318006683025276	-0.12771926048051202
-0.08106483428376614	-0.15318006683025276
-0.19012805203864394	-0.08106483428376614
-0.10668589044880204	-0.19012805203864394
-0.0891277774780809	-0.10668589044880204
-0.14997185785707454	-0.0891277774780809
-0.15822192287653045	-0.14997185785707454
-0.1468438587693361	-0.15822192287653045
-0.15721636148213408	-0.1468438587693361
-0.23551509784786612	-0.15721636148213408
-0.3037279071313842	-0.23551509784786612
-0.14875985403669456	-0.3037279071313842
-0.32461290132096515	-0.14875985403669456
-0.29382666025861987	-0.32461290132096515
-0.2929227978867394	-0.29382666025861987
-0.24776935215156767	-0.2929227978867394
-0.35397874347928765	-0.24776935215156767
-0.45650676357793524	-0.35397874347928765
-0.35388851008476885	-0.45650676357793524
-0.27816294332474034	-0.35388851008476885
-0.5150700526064377	-0.27816294332474034
-0.5105441027728954	-0.5150700526064377
-0.5917313593683828	-0.5105441027728954
-0.6347844847432461	-0.5917313593683828
-0.672133253725754	-0.6347844847432461
-0.7066528470645292	-0.672133253725754
-0.8223082904835327	-0.7066528470645292
-0.8668972279888568	-0.8223082904835327
-0.9429227906769868	-0.8668972279888568
-1.0568338490951628	-0.9429227906769868
-1.1076313774153665	-1.0568338490951628
-1.2347127064812493	-1.1076313774153665
-1.3730612794470676	-1.2347127064812493
-1.3352772507770392	-1.3730612794470676
-1.5306941369880858	-1.3352772507770392
-1.7361673498611834	-1.5306941369880858
-1.8018816064418952	-1.7361673498611834
-1.8015546206115507	-1.8018816064418952
-1.9462580839670138	-1.8015546206115507
-2.1003005738356206	-1.9462580839670138
-2.1184811177933858	-2.1003005738356206
-2.1631920785470196	-2.1184811177933858
-2.168748047620922	-2.1631920785470196
-2.2084818439713776	-2.168748047620922
-2.151007809507293	-2.2084818439713776
-2.1153035096636272	-2.151007809507293
-2.067027940361495	-2.1153035096636272
-1.9481407899856464	-2.067027940361495
-1.7077068248980687	-1.9481407899856464
-1.635760215620296	-1.7077068248980687
-1.415219518826804	-1.635760215620296
-1.3558536984249665	-1.415219518826804
-1.0879603078006141	-1.3558536984249665
-1.032623999988319	-1.0879603078006141
-0.7785802567074345	-1.032623999988319
-0.7207446141971433	-0.7785802567074345
-0.7363912106470731	-0.7207446141971433
-0.503546296505085	-0.7363912106470731
-0.3840796380459358	-0.503546296505085
-0.29211453023153006	-0.3840796380459358
-0.2870563681481503	-0.29211453023153006
-0.11189816363784635	-0.2870563681481503
-0.09289197462882862	-0.11189816363784635
0.07850309392763966	-0.09289197462882862
0.05314339353488659	0.07850309392763966
0.03399875246013381	0.05314339353488659
0.22228169580752716	0.03399875246013381
0.11658454318984796	0.22228169580752716
0.2750568460154743	0.11658454318984796
0.2720119721749416	0.2750568460154743
0.22110517010908598	0.2720119721749416
0.2901173279160702	0.22110517010908598
0.33797547242148857	0.2901173279160702
0.3032962377994671	0.33797547242148857
0.3978294634570965	0.3032962377994671
0.4746321443307098	0.3978294634570965
0.41876964703922454	0.4746321443307098
0.51771852117311	0.41876964703922454
0.5300420136569984	0.51771852117311
0.5489130449611452	0.5300420136569984
0.5750330926724504	0.5489130449611452
0.5256092786564887	0.5750330926724504
0.6283633630052303	0.5256092786564887
0.6593809982847806	0.6283633630052303
0.7180997094957657	0.6593809982847806
0.6446764418612677	0.7180997094957657
0.806727952389422	0.6446764418612677
0.823547029278792	0.806727952389422
0.725237332116048	0.823547029278792
0.9001899706508472	0.725237332116048
0.9340453811205404	0.9001899706508472
0.9122958728330023	0.9340453811205404
1.0158644885060542	0.9122958728330023
1.0699188526866021	1.0158644885060542
1.130163892441716	1.0699188526866021
1.1686979647916345	1.130163892441716
1.3008628584079587	1.1686979647916345
1.228143323237029	1.3008628584079587
1.2921455418682568	1.228143323237029
1.4542905202373753	1.2921455418682568
1.412548700304573	1.4542905202373753
1.4772053345979868	1.412548700304573
1.4153783041351278	1.4772053345979868
1.5188983884415685	1.4153783041351278
1.4991898675332505	1.5188983884415685
1.609512263848219	1.4991898675332505
1.5321362565092578	1.609512263848219
1.6063663915964685	1.5321362565092578
1.5599972265851527	1.6063663915964685
1.5509855870392681	1.5599972265851527
1.608284490039471	1.5509855870392681
1.5088070992942686	1.608284490039471
1.4639497940739101	1.5088070992942686
1.305478787514129	1.4639497940739101
1.3898060708143927	1.305478787514129
1.2657875007504913	1.3898060708143927
1.2677579754097004	1.2657875007504913
1.1759709519986017	1.2677579754097004
1.0360684885963627	1.1759709519986017
0.9770486717325644	1.0360684885963627
1.102419248136691	0.9770486717325644
0.9019745784944836	1.102419248136691
0.7689659709822502	0.9019745784944836
0.7218311049342772	0.7689659709822502
0.7030704874260529	0.7218311049342772
0.7209164820476134	0.7030704874260529
0.7554509147481748	0.7209164820476134
0.5624820191139386	0.7554509147481748
0.5616960196027765	0.5624820191139386
0.5671150230702552	0.5616960196027765
0.5210329265116915	0.5671150230702552
0.431972652548879	0.5210329265116915
0.5289074555706145	0.431972652548879
0.4096741118806209	0.5289074555706145
0.5306661950846709	0.4096741118806209
0.44697281023954194	0.5306661950846709
0.3601858382710856	0.44697281023954194
0.44588183659560027	0.3601858382710856
0.42087784466139955	0.44588183659560027
0.38026978295577574	0.42087784466139955
0.4193853639768686	0.38026978295577574
0.3999385414982059	0.4193853639768686
0.48182087551585345	0.3999385414982059
0.4414038539655746	0.48182087551585345
0.4516852865872213	0.4414038539655746
0.46315250729891827	0.4516852865872213
0.49893018761355656	0.46315250729891827
0.566842039945688	0.49893018761355656
0.5402995102970573	0.566842039945688
0.5547778062659019	0.5402995102970573
0.5716235404866636	0.5547778062659019
0.597112591222378	0.5716235404866636
0.6041134564324885	0.597112591222378
0.6742127128857563	0.6041134564324885
0.7512796804199603	0.6742127128857563
0.758233960497137	0.7512796804199603
0.8815587117763845	0.758233960497137
0.9105613879638552	0.8815587117763845
0.9421878752371712	0.9105613879638552
0.9768887582266921	0.9421878752371712
1.0955335476253938	0.9768887582266921
1.0514707727815342	1.0955335476253938
1.122910579817077	1.0514707727815342
1.1993620873114608	1.122910579817077
1.2617408367781784	1.1993620873114608
1.239043903565645	1.2617408367781784
1.3665958295847371	1.239043903565645
1.359519918822686	1.3665958295847371
1.5012321147154415	1.359519918822686
1.4567501657189388	1.5012321147154415
1.4796396261734777	1.4567501657189388
1.5476452733765167	1.4796396261734777
1.6712629172204019	1.5476452733765167
1.6615246677220843	1.6712629172204019
1.6588940737549158	1.6615246677220843
1.670138605144614	1.6588940737549158
1.6385124079270994	1.670138605144614
1.6052942081214983	1.6385124079270994
1.64362282026693	1.6052942081214983
1.451021312244245	1.64362282026693
1.5224255113996719	1.451021312244245
1.3821488134598634	1.5224255113996719
1.4230616851900475	1.3821488134598634
1.3045008327578818	1.4230616851900475
1.290056050576502	1.3045008327578818
1.2089044075480313	1.290056050576502
1.1002572277768927	1.2089044075480313
1.044732127428453	1.1002572277768927
0.9923714643388527	1.044732127428453
0.9306937191651315	0.9923714643388527
0.7412426686548289	0.9306937191651315
0.7753876257440725	0.7412426686548289
0.6824597293454931	0.7753876257440725
0.6251081395327545	0.6824597293454931
0.5735667823643701	0.6251081395327545
0.5854548368925808	0.5735667823643701
0.4667229966945933	0.5854548368925808
0.48908980988502476	0.4667229966945933
0.421433803655026	0.48908980988502476
0.3962556569896621	0.421433803655026
0.35976757354942684	0.3962556569896621
0.41157027844176086	0.35976757354942684
0.3762874857856651	0.41157027844176086
0.4719995681471142	0.3762874857856651
0.3290715390211246	0.4719995681471142
0.33584646404272417	0.3290715390211246
0.4798077258450733	0.33584646404272417
0.325689100156805	0.4798077258450733
0.4051305460988714	0.325689100156805
0.34147973915664864	0.4051305460988714
0.4086580993954956	0.34147973915664864
0.3637016652118081	0.4086580993954956
0.3554431876763534	0.3637016652118081
0.3407358695563006	0.3554431876763534
0.25975612387041086	0.3407358695563006
0.33982939123350575	0.25975612387041086
0.4669783625718969	0.33982939123350575
0.3841680969958571	0.4669783625718969
0.5078920231827033	0.3841680969958571
0.5641111399434704	0.5078920231827033
0.49776319441351236	0.5641111399434704
0.5536693915462442	0.49776319441351236
0.647552220410932	0.5536693915462442
0.5952656832199558	0.647552220410932
0.6860401209323299	0.5952656832199558
0.6084427337412742	0.6860401209323299
0.7796979318503142	0.6084427337412742
0.7781558993742186	0.7796979318503142
0.8649125158785004	0.7781558993742186
0.9547655145208316	0.8649125158785004
0.9658397486012499	0.9547655145208316
1.0143202107678204	0.9658397486012499
1.0319282636495126	1.0143202107678204
1.1230389941495287	1.0319282636495126
1.270037625025591	1.1230389941495287
1.2456233253458986	1.270037625025591
1.3218376047292044	1.2456233253458986
1.3968402813963507	1.3218376047292044
1.4339204146772413	1.3968402813963507
1.4987057539147588	1.4339204146772413
1.5101289333242902	1.4987057539147588
1.6424988848736883	1.5101289333242902
1.6500742055965336	1.6424988848736883
1.6358714541795867	1.6500742055965336
1.7577272883028268	1.6358714541795867
1.764012925135458	1.7577272883028268
1.7231924666784897	1.764012925135458
1.7384662149277488	1.7231924666784897
1.6361537042161187	1.7384662149277488
1.601412070775444	1.6361537042161187
1.5776074665754587	1.601412070775444
1.501712944696094	1.5776074665754587
1.5231730497735778	1.501712944696094
1.4068102059447518	1.5231730497735778
1.2421011232191965	1.4068102059447518
1.2126160632881122	1.2421011232191965
1.0818087856253666	1.2126160632881122
0.9691044136288262	1.0818087856253666
0.9744739600779473	0.9691044136288262
0.858927474627622	0.9744739600779473
0.7934090149978106	0.858927474627622
0.7157773401803571	0.7934090149978106
0.6820199428274858	0.7157773401803571
0.5487753068388637	0.6820199428274858
0.5591208091646128	0.5487753068388637
0.41237710741807926	0.5591208091646128
0.42614222238079663	0.41237710741807926
0.32744176924801016	0.42614222238079663
0.3914340575313529	0.32744176924801016
0.3476819285416042	0.3914340575313529
0.3351476029401703	0.3476819285416042
0.19052800097705402	0.3351476029401703
0.1801438368345184	0.19052800097705402
0.22977588826618678	0.1801438368345184
0.21538683925882782	0.22977588826618678
0.31182148141572247	0.21538683925882782
0.2010763622954558	0.31182148141572247
0.18311142357634586	0.2010763622954558
0.1522740547356009	0.18311142357634586
0.21576556354653303	0.1522740547356009
0.21663009853555243	0.21576556354653303
0.1725165372362584	0.21663009853555243
0.22338506433849692	0.1725165372362584
0.16355589352404648	0.22338506433849692
0.25235003177116877	0.16355589352404648
0.17587735184199033	0.25235003177116877
0.3282223855110819	0.17587735184199033
0.23841964459663953	0.3282223855110819
0.30476597929985694	0.23841964459663953
0.2066816651444063	0.30476597929985694
0.2501611817242758	0.2066816651444063
0.3187393882278091	0.2501611817242758
0.28345200907498797	0.3187393882278091
0.4114257084099082	0.28345200907498797
0.43629330695569624	0.4114257084099082
0.33792462037086635	0.43629330695569624
0.4240085243192714	0.33792462037086635
0.48706501368565147	0.4240085243192714
0.45427117819464347	0.48706501368565147
0.5232934511573812	0.45427117819464347
0.5610650848780513	0.5232934511573812
0.5135052665957927	0.5610650848780513
0.6369454597913783	0.5135052665957927
0.6456463456788751	0.6369454597913783
0.7181852355135743	0.6456463456788751
0.7776558830987802	0.7181852355135743
0.9433705617642149	0.7776558830987802
0.9696248361742499	0.9433705617642149
1.0426039488682763	0.9696248361742499
1.042941467758949	1.0426039488682763
1.1185774588293502	1.042941467758949
1.2949205175218814	1.1185774588293502
1.2749579664185962	1.2949205175218814
1.3404565076065682	1.2749579664185962
1.4936932451135516	1.3404565076065682
1.6059365237345486	1.4936932451135516
1.6469548882247074	1.6059365237345486
1.799333337936435	1.6469548882247074
1.7690244951048362	1.799333337936435
1.7872195104359212	1.7690244951048362
1.8567864845950022	1.7872195104359212
1.9182101892938852	1.8567864845950022
1.822685363472127	1.9182101892938852
1.9539313326142096	1.822685363472127
1.839012888896228	1.9539313326142096
1.8064842471312403	1.839012888896228
1.7325282024812276	1.8064842471312403
1.6788694095766317	1.7325282024812276
1.591109775639291	1.6788694095766317
1.4432633831013275	1.591109775639291
1.3918719264552357	1.4432633831013275
1.3410770443314237	1.3918719264552357
1.260139410623049	1.3410770443314237
1.0127112268294993	1.260139410623049
0.9347395106190721	1.0127112268294993
0.8845522614291492	0.9347395106190721
0.7915124466939497	0.8845522614291492
0.6599413122493947	0.7915124466939497
0.6537006942518641	0.6599413122493947
0.5125411329197885	0.6537006942518641
0.4795638556745038	0.5125411329197885
0.3781456738778841	0.4795638556745038
0.37996865102068206	0.3781456738778841
0.28190346963272706	0.37996865102068206
0.193007719626056	0.28190346963272706
0.15726126934328588	0.193007719626056
0.12368814220817431	0.15726126934328588
0.07360681504672725	0.12368814220817431
0.0357676292820876	0.07360681504672725
0.0163811723956616	0.0357676292820876
0.030268565809277028	0.0163811723956616
-0.048823899120681365	0.030268565809277028
-0.03547334008494342	-0.048823899120681365
-0.10760267339518899	-0.03547334008494342
0.027427710834945364	-0.10760267339518899
0.02476449103660318	0.027427710834945364
-0.11396354617868044	0.02476449103660318
-0.027518240108678378	-0.11396354617868044
-0.03973421650738855	-0.027518240108678378
-0.0973023790540256	-0.03973421650738855
-0.05978847052343511	-0.0973023790540256
-0.1831563762358271	-0.05978847052343511
-0.10854454327400678	-0.1831563762358271
-0.1507446151652809	-0.10854454327400678
-0.0381720875780633	-0.1507446151652809
-0.12644039384970418	-0.0381720875780633
-0.12304453687606162	-0.12644039384970418
-0.1481617976110403	-0.12304453687606162
-0.06384158110719965	-0.1481617976110403
-0.13392676719635674	-0.06384158110719965
-0.15691501792074206	-0.13392676719635674
-0.22071675380583422	-0.15691501792074206
-0.19005640239909666	-0.22071675380583422
-0.17223897713970135	-0.19005640239909666
-0.3119684618551725	-0.17223897713970135
-0.3180336935063077	-0.3119684618551725
-0.31479288238829006	-0.3180336935063077
-0.2657520738295131	-0.31479288238829006
-0.41255890451018806	-0.2657520738295131
-0.4151020345580118	-0.41255890451018806
-0.3995098289570722	-0.4151020345580118
-0.49443320569638927	-0.3995098289570722
-0.446113686046566	-0.49443320569638927
-0.5857825609986123	-0.446113686046566
-0.6013043160853324	-0.5857825609986123
-0.6064879921661809	-0.6013043160853324
-0.6568502174807156	-0.6064879921661809
-0.746507036141915	-0.6568502174807156
-0.7802968386672395	-0.746507036141915
-0.8802525703482613	-0.7802968386672395
-0.9472020153102418	-0.8802525703482613
-1.0431851488579407	-0.9472020153102418
-1.0062103107896363	-1.0431851488579407
-1.1069858485830852	-1.0062103107896363
-1.17831009674878	-1.1069858485830852
-1.3246390344255758	-1.17831009674878
-1.4384117307203477	-1.3246390344255758
-1.526785496214087	-1.4384117307203477
-1.6513070176630085	-1.526785496214087
-1.7388935870124915	-1.6513070176630085
-1.8040670495084263	-1.7388935870124915
-1.9726681730342963	-1.8040670495084263
-1.9866182305933286	-1.9726681730342963
-1.9792095807948156	-1.9866182305933286
-1.9822213937400845	-1.9792095807948156
-2.072224943522015	-1.9822213937400845
-2.0979920721238354	-2.072224943522015
-1.9972859043967561	-2.0979920721238354
-1.973336485037576	-1.9972859043967561
-1.8493148436860314	-1.973336485037576
-1.8424199819792844	-1.8493148436860314
-1.73779212674416	-1.8424199819792844
-1.6362190452032508	-1.73779212674416
-1.4475670145566988	-1.6362190452032508
-1.30022660234754	-1.4475670145566988
-1.2146249277009558	-1.30022660234754
-1.0684956939788064	-1.2146249277009558
-0.9516153007429042	-1.0684956939788064
-0.8199883005245472	-0.9516153007429042
-0.7174487981138995	-0.8199883005245472
-0.6224550256481741	-0.7174487981138995
-0.6344078042853353	-0.6224550256481741
-0.5341899815025685	-0.6344078042853353
-0.3704174714052721	-0.5341899815025685
-0.28890294215904233	-0.3704174714052721
-0.2758526937642851	-0.28890294215904233
-0.13305314639551136	-0.2758526937642851
-0.20412220946926352	-0.13305314639551136
-0.03009308741046219	-0.20412220946926352
-0.03486634885832043	-0.03009308741046219
-0.01785596848636272	-0.03486634885832043
0.012442671685486274	-0.01785596848636272
0.03460986364904173	0.012442671685486274
0.061394929364243594	0.03460986364904173
0.06579030922866859	0.061394929364243594
0.15512622673854878	0.06579030922866859
0.3037763082831816	0.15512622673854878
0.1465579246017897	0.3037763082831816
0.23645427450405798	0.1465579246017897
0.14552718057715314	0.23645427450405798
0.21447712067164526	0.14552718057715314
0.2970297421187492	0.21447712067164526
0.2709949800000549	0.2970297421187492
0.32032512699456533	0.2709949800000549
0.3087748170200986	0.32032512699456533
0.394396275262883	0.3087748170200986
0.39067665751212133	0.394396275262883
0.32471118741440724	0.39067665751212133
0.37381801720651847	0.32471118741440724
0.4568377148902402	0.37381801720651847
0.4983243363521902	0.4568377148902402
0.47307131018046655	0.4983243363521902
0.5978710108145849	0.47307131018046655
