-2.1605333890898106	-0.8991852080382304
-2.093276411495535	-1.035530495847996
-1.8935092715120416	-1.0834916633526956
-1.9204035697802457	-1.255858349574925
-1.7267286921538294	-1.252235020066884
-1.6288051318192716	-1.2793500822384198
-1.462454057433718	-1.4371336404085937
-1.2161705444332331	-1.6588686925108465
-0.9923725364996214	-1.760128552838356
-0.9553362376620611	-1.848374255966564
-0.7935576051308048	-2.002595207924974
-0.7283905272743865	-2.086339211760441
-0.5340476012780673	-2.181226665904471
-0.3939020530739446	-2.217542044124907
-0.3094706085198227	-2.2972039941651627
-0.28619954696336625	-2.167587386508004
-0.13625243233114231	-2.25584459950044
-0.09917163373023145	-2.1605333890898106
-0.03405933464560041	-2.093276411495535
0.20026595892938204	-1.8935092715120416
0.11994526491678686	-1.9204035697802457
0.15621776086543093	-1.7267286921538294
0.19507703261557216	-1.6288051318192716
0.27717478327988254	-1.462454057433718
0.3049299145315291	-1.2161705444332331
0.3267451350602186	-0.9923725364996214
0.3225008595319238	-0.9553362376620611
0.41358487175332376	-0.7935576051308048
0.49925738755887733	-0.7283905272743865
0.5259588642819713	-0.5340476012780673
0.46397827765326377	-0.3939020530739446
0.45282215445829277	-0.3094706085198227
0.45163591284879157	-0.28619954696336625
0.6137967085425383	-0.13625243233114231
0.5184813928983517	-0.09917163373023145
0.662911079348966	-0.03405933464560041
0.6430678580769762	0.20026595892938204
0.6856770468054332	0.11994526491678686
0.6706356873501805	0.15621776086543093
0.6902735165558584	0.19507703261557216
0.7736979717575614	0.27717478327988254
0.7968521801046315	0.3049299145315291
0.8470303963200346	0.3267451350602186
0.9268452832273663	0.3225008595319238
0.7938291661389846	0.41358487175332376
1.0187243348668789	0.49925738755887733
1.0702843416210932	0.5259588642819713
1.0174498502842362	0.46397827765326377
1.16052034655237	0.45282215445829277
1.0773619015264897	0.45163591284879157
1.1578419719315316	0.6137967085425383
1.3136717967561187	0.5184813928983517
1.3517852778381743	0.662911079348966
1.3657662675073183	0.6430678580769762
1.3548209419537542	0.6856770468054332
1.3909307984226398	0.6706356873501805
1.4693418676558223	0.6902735165558584
1.4295376403667517	0.7736979717575614
1.525741730258712	0.7968521801046315
1.5490328334904815	0.8470303963200346
1.5241058430991081	0.9268452832273663
1.4762407893613303	0.7938291661389846
1.4505088666324153	1.0187243348668789
1.497221504799	1.0702843416210932
1.4759640396421552	1.0174498502842362
1.4548691636756035	1.16052034655237
1.293667120788403	1.0773619015264897
1.418793893203276	1.1578419719315316
1.3060861447779728	1.3136717967561187
1.3071477566825085	1.3517852778381743
1.1929072771739953	1.3657662675073183
1.1518496278071	1.3548209419537542
1.081606942765688	1.3909307984226398
1.049962974925054	1.4693418676558223
0.9970628674733371	1.4295376403667517
0.9756376384528959	1.525741730258712
0.9542957641169162	1.5490328334904815
0.7882780257165944	1.5241058430991081
0.7888706948513944	1.4762407893613303
0.6437278470600292	1.4505088666324153
0.7062979068302284	1.497221504799
0.6809895043134229	1.4759640396421552
0.698959664010763	1.4548691636756035
0.6451139822195172	1.293667120788403
0.400557655607061	1.418793893203276
0.5437240487727134	1.3060861447779728
0.5418158978564835	1.3071477566825085
0.6192653315622682	1.1929072771739953
0.5235609758102494	1.1518496278071
0.4937488164626171	1.081606942765688
0.4797477007620614	1.049962974925054
0.5078899416541477	0.9970628674733371
0.5415643187053089	0.9756376384528959
0.46206333682496126	0.9542957641169162
0.5316307704232968	0.7882780257165944
0.4965937587788601	0.7888706948513944
0.5981214478506572	0.6437278470600292
0.5451656591002076	0.7062979068302284
0.5761873114618257	0.6809895043134229
0.5299363336119127	0.698959664010763
0.6671831371251612	0.6451139822195172
0.5515832718038006	0.400557655607061
0.689627639580078	0.5437240487727134
0.705179462406614	0.5418158978564835
0.6661885083231894	0.6192653315622682
0.7088082129552122	0.5235609758102494
0.704547342802849	0.4937488164626171
0.7902493176255504	0.4797477007620614
0.8273391868896018	0.5078899416541477
0.8991440960024949	0.5415643187053089
0.8648391072333809	0.46206333682496126
0.9816544145675646	0.5316307704232968
1.0363449492564936	0.4965937587788601
1.0150164460433233	0.5981214478506572
1.0660704184166216	0.5451656591002076
1.0639762007874802	0.5761873114618257
1.2063063480557155	0.5299363336119127
1.2687696061802323	0.6671831371251612
1.3368151577370548	0.5515832718038006
1.3621545654099179	0.689627639580078
1.43191258548191	0.705179462406614
1.4238019291249178	0.6661885083231894
1.4831298699145088	0.7088082129552122
1.446882155262953	0.704547342802849
1.5174461544303988	0.7902493176255504
1.6427657655113155	0.8273391868896018
1.574275115886039	0.8991440960024949
1.6125020439112752	0.8648391072333809
1.5628800882672056	0.9816544145675646
1.5562008141740038	1.0363449492564936
1.4900778779799344	1.0150164460433233
1.4799816079384218	1.0660704184166216
1.4872787597534336	1.0639762007874802
1.4524741901543803	1.2063063480557155
1.3700715153396432	1.2687696061802323
1.3484309600267743	1.3368151577370548
1.2667210873071364	1.3621545654099179
1.1769763323858669	1.43191258548191
1.1433235375612036	1.4238019291249178
1.0525669616848516	1.4831298699145088
0.9472919589262063	1.446882155262953
0.9747649680713377	1.5174461544303988
0.8855666459385306	1.6427657655113155
0.7877800486249193	1.574275115886039
0.7464515179798596	1.6125020439112752
0.71132747119242	1.5628800882672056
0.7480369973630796	1.5562008141740038
0.6745989110272247	1.4900778779799344
0.5696805662594807	1.4799816079384218
0.5740271282782455	1.4872787597534336
0.5126267737253617	1.4524741901543803
0.5031693428183119	1.3700715153396432
0.5003505487646591	1.3484309600267743
0.48529516640216686	1.2667210873071364
0.3973991428134099	1.1769763323858669
0.4553734729508109	1.1433235375612036
0.47373822930289833	1.0525669616848516
0.457567605586393	0.9472919589262063
0.35439117004616416	0.9747649680713377
0.41415340086602337	0.8855666459385306
0.514238436134234	0.7877800486249193
0.466784710574589	0.7464515179798596
0.4804473299918271	0.71132747119242
0.5228441512448188	0.7480369973630796
0.5077486674236847	0.6745989110272247
0.49322771607449306	0.5696805662594807
0.48958642401810787	0.5740271282782455
0.5698829818740516	0.5126267737253617
0.42855783138235876	0.5031693428183119
0.5715480690849427	0.5003505487646591
0.6050568267041541	0.48529516640216686
0.7193223273892074	0.3973991428134099
0.6321312302385195	0.4553734729508109
0.6297809110884061	0.47373822930289833
0.7064191258410829	0.457567605586393
0.7484462643736841	0.35439117004616416
0.7794078587258053	0.41415340086602337
0.905861043762261	0.514238436134234
0.8706127620850904	0.466784710574589
0.8976987710150697	0.4804473299918271
1.0676268435870748	0.5228441512448188
1.0384516598306148	0.5077486674236847
1.0823012353353634	0.49322771607449306
1.1211778323809691	0.48958642401810787
1.118915371997333	0.5698829818740516
1.3022496507887498	0.42855783138235876
1.2466257454944043	0.5715480690849427
1.3236861611835469	0.6050568267041541
1.4304262459258792	0.7193223273892074
1.4730183115333768	0.6321312302385195
1.5278420133531645	0.6297809110884061
1.5890790948772784	0.7064191258410829
1.5062070489064652	0.7484462643736841
1.6780417232917353	0.7794078587258053
1.6897362094082986	0.905861043762261
1.6779138842698758	0.8706127620850904
1.6701873034005288	0.8976987710150697
1.6952454487494704	1.0676268435870748
1.6352580641639343	1.0384516598306148
1.5009846145164225	1.0823012353353634
1.415520414377297	1.1211778323809691
1.495791373245494	1.118915371997333
1.4165777548655438	1.3022496507887498
1.3860445275020135	1.2466257454944043
1.2676595703145292	1.3236861611835469
1.1155571050005482	1.4304262459258792
1.054435127532194	1.4730183115333768
1.057886249982388	1.5278420133531645
0.9785020136974211	1.5890790948772784
0.852996349809752	1.5062070489064652
0.6858733001786514	1.6780417232917353
0.7995286096696204	1.6897362094082986
0.6546910274412053	1.6779138842698758
0.7365432287361344	1.6701873034005288
0.6364900726639986	1.6952454487494704
0.5025547045874896	1.6352580641639343
0.5859276637388015	1.5009846145164225
0.49307444297043185	1.415520414377297
0.5206421924629737	1.495791373245494
0.4187440477063705	1.4165777548655438
0.48622860913359717	1.3860445275020135
0.4673016467292749	1.2676595703145292
0.38987399225909175	1.1155571050005482
0.38581507641237833	1.054435127532194
0.32277421706247367	1.057886249982388
0.24347291869281074	0.9785020136974211
0.3667635599997602	0.852996349809752
0.4181038762094608	0.6858733001786514
0.28381616468127585	0.7995286096696204
0.4214822864040722	0.6546910274412053
0.31237386156379615	0.7365432287361344
0.414864933554139	0.6364900726639986
0.35985329568832736	0.5025547045874896
0.3480978480218647	0.5859276637388015
0.42765892695990215	0.49307444297043185
0.47588577586227687	0.5206421924629737
0.37955821416362434	0.4187440477063705
0.4898395014011172	0.48622860913359717
0.46507313917508836	0.4673016467292749
0.518119787148155	0.38987399225909175
0.48184918811265487	0.38581507641237833
0.4654319506735849	0.32277421706247367
0.5546662720023708	0.24347291869281074
0.7087781121828851	0.3667635599997602
0.6297766157244853	0.4181038762094608
0.6673941243220302	0.28381616468127585
0.7281662151949464	0.4214822864040722
0.7377657930000439	0.31237386156379615
0.8399355815140955	0.414864933554139
0.9304639397730635	0.35985329568832736
0.9139467893640315	0.3480978480218647
0.991449413990798	0.42765892695990215
1.1256540764610863	0.47588577586227687
1.1467188837472002	0.37955821416362434
1.1885676925319313	0.4898395014011172
1.2124925963628952	0.46507313917508836
1.3321347266670542	0.518119787148155
1.4422666922063008	0.48184918811265487
1.5519506960057918	0.4654319506735849
1.4847684355932775	0.5546662720023708
1.6072340064418484	0.7087781121828851
1.663065912382712	0.6297766157244853
1.6797910902435942	0.6673941243220302
1.6670348798362133	0.7281662151949464
1.7609093312286659	0.7377657930000439
1.6798440815063833	0.8399355815140955
1.7645185881922019	0.9304639397730635
1.7897099384563626	0.9139467893640315
1.7559346823935358	0.991449413990798
1.697509334548222	1.1256540764610863
1.5198962516594605	1.1467188837472002
1.4728340602040686	1.1885676925319313
1.432660022278988	1.2124925963628952
1.3004299470784586	1.3321347266670542
1.3221528936276963	1.4422666922063008
1.1786224047647356	1.5519506960057918
1.1277480847646901	1.4847684355932775
1.0877314254105226	1.6072340064418484
0.9633565893508383	1.663065912382712
0.9080219878601807	1.6797910902435942
0.7701088121407242	1.6670348798362133
0.7545547376995902	1.7609093312286659
0.65876424205503	1.6798440815063833
0.5732699193867343	1.7645185881922019
0.6582315327074247	1.7897099384563626
0.4665812256077673	1.7559346823935358
0.41401533908472127	1.697509334548222
0.36982374376552885	1.5198962516594605
0.34193595104780133	1.4728340602040686
0.3461835385305753	1.432660022278988
0.260794924350607	1.3004299470784586
0.2908267461663421	1.3221528936276963
0.1804627644822147	1.1786224047647356
0.2689131775408301	1.1277480847646901
0.24606479565580705	1.0877314254105226
0.2565433625239479	0.9633565893508383
0.24188215597543594	0.9080219878601807
0.2401130271663885	0.7701088121407242
0.14376941266938276	0.7545547376995902
0.3283087330275626	0.65876424205503
0.24030338544599106	0.5732699193867343
0.15434867104012173	0.6582315327074247
0.1837614418074352	0.4665812256077673
0.3103690749988038	0.41401533908472127
0.2646340086921726	0.36982374376552885
0.20635677103594469	0.34193595104780133
0.23673473212496252	0.3461835385305753
0.1996103292742217	0.260794924350607
0.28263900764163424	0.2908267461663421
0.2882588571665003	0.1804627644822147
0.3473671406522738	0.2689131775408301
0.3647614567881871	0.24606479565580705
0.28199368284810544	0.2565433625239479
0.40349293041095535	0.24188215597543594
0.4730894964858978	0.2401130271663885
0.4060099535940319	0.14376941266938276
0.43588446889501353	0.3283087330275626
0.4857006195936948	0.24030338544599106
0.4722745603466671	0.15434867104012173
0.5690214974634679	0.1837614418074352
0.5904841534935423	0.3103690749988038
0.7433426050335172	0.2646340086921726
0.6474417537607348	0.20635677103594469
0.7587672319714381	0.23673473212496252
0.8765036772429906	0.1996103292742217
0.9828495692324245	0.28263900764163424
0.9760209246260583	0.2882588571665003
1.0169446451566533	0.3473671406522738
1.0863058423545418	0.3647614567881871
1.0991723103210593	0.28199368284810544
1.258690421915766	0.40349293041095535
1.403934558787327	0.4730894964858978
1.3875028590641172	0.4060099535940319
1.433150414363431	0.43588446889501353
1.519114854834954	0.4857006195936948
1.6544425610121436	0.4722745603466671
1.6898699425208479	0.5690214974634679
1.7765428926669207	0.5904841534935423
1.7990805824847775	0.7433426050335172
1.8029410576066012	0.6474417537607348
1.7902492200545523	0.7587672319714381
1.8373825899811176	0.8765036772429906
1.8880603683076576	0.9828495692324245
1.837078413294147	0.9760209246260583
1.7977836648925791	1.0169446451566533
1.7553953296381024	1.0863058423545418
1.5522480644930612	1.0991723103210593
1.60581966397791	1.258690421915766
1.446896226338293	1.403934558787327
1.319524358704843	1.3875028590641172
1.231216147698592	1.433150414363431
1.1295000108740125	1.519114854834954
1.055343744513404	1.6544425610121436
0.8754173360601686	1.6898699425208479
0.8171003776415241	1.7765428926669207
0.7851170704086434	1.7990805824847775
0.7223480088452662	1.8029410576066012
0.5501857162275859	1.7902492200545523
0.6283362947491431	1.8373825899811176
0.4945039863929813	1.8880603683076576
0.40147916467699346	1.837078413294147
0.3178893833423786	1.7977836648925791
0.2418914474649505	1.7553953296381024
0.2742672086391279	1.5522480644930612
0.19993961509484778	1.60581966397791
0.16463322059208346	1.446896226338293
0.11082505832079717	1.319524358704843
0.0692941631872572	1.231216147698592
0.12865218622136296	1.1295000108740125
0.06060079556639163	1.055343744513404
0.046152142207865815	0.8754173360601686
0.0009636035939609398	0.8171003776415241
0.04055759379375533	0.7851170704086434
0.04213544913031305	0.7223480088452662
0.039710444866109834	0.5501857162275859
0.0462654230531476	0.6283362947491431
-0.05239094405384728	0.4945039863929813
-0.03122757567977263	0.40147916467699346
-0.03978451088787303	0.3178893833423786
-0.06964757825903287	0.2418914474649505
-0.22748422361469453	0.2742672086391279
-0.10388512364609848	0.19993961509484778
-0.04230595334073173	0.16463322059208346
-0.037574377414883585	0.11082505832079717
-0.1452237130882026	0.0692941631872572
-0.0892464301745644	0.12865218622136296
-0.18820001124849564	0.06060079556639163
-0.18646053775421073	0.046152142207865815
-0.03407704366811082	0.0009636035939609398
-0.1266444666416004	0.04055759379375533
-0.11555460747374527	0.04213544913031305
-0.1678060799407727	0.039710444866109834
-0.13108128164350577	0.0462654230531476
-0.15561374956445076	-0.05239094405384728
-0.08893375714917383	-0.03122757567977263
-0.1542133053924659	-0.03978451088787303
-0.2380026913244902	-0.06964757825903287
-0.15801961119763758	-0.22748422361469453
-0.16917002440849838	-0.10388512364609848
-0.2929037550321428	-0.04230595334073173
-0.25077282256836475	-0.037574377414883585
-0.16882594510673332	-0.1452237130882026
-0.26675990734672855	-0.0892464301745644
-0.2073360460356625	-0.18820001124849564
-0.3509626569700223	-0.18646053775421073
-0.3298626378168752	-0.03407704366811082
-0.4729939839843234	-0.1266444666416004
-0.47529316734480376	-0.11555460747374527
-0.5574800375722454	-0.1678060799407727
-0.533605813459107	-0.13108128164350577
-0.6182824288730507	-0.15561374956445076
-0.6290209744251002	-0.08893375714917383
-0.7661872154761468	-0.1542133053924659
-0.7331419136001313	-0.2380026913244902
-0.7920908855073044	-0.15801961119763758
-0.9369704281042631	-0.16917002440849838
-1.027377725913375	-0.2929037550321428
-1.0746501711023826	-0.25077282256836475
-1.137257707754226	-0.16882594510673332
-1.2864593161667834	-0.26675990734672855
-1.3783642887128642	-0.2073360460356625
-1.5086698838679364	-0.3509626569700223
-1.5888427421166085	-0.3298626378168752
-1.6014617390671364	-0.4729939839843234
-1.779411968177296	-0.47529316734480376
-1.8241007981602253	-0.5574800375722454
-1.9103367322652771	-0.533605813459107
-2.1095979412667236	-0.6182824288730507
-2.053434631885009	-0.6290209744251002
-2.1375441365278496	-0.7661872154761468
-2.0980453317115892	-0.7331419136001313
-2.1214663843277757	-0.7920908855073044
-2.125080142342189	-0.9369704281042631
-1.949163454411984	-1.027377725913375
-1.8928724513144657	-1.0746501711023826
-1.7579059215451558	-1.137257707754226
-1.6937515036239488	-1.2864593161667834
-1.5881721870051668	-1.3783642887128642
-1.4030693719263923	-1.5086698838679364
-1.322104705387795	-1.5888427421166085
-1.1832048214501278	-1.6014617390671364
-1.1152703544582527	-1.779411968177296
-0.8704534042658082	-1.8241007981602253
-0.7307827490199934	-1.9103367322652771
-0.6019513736176452	-2.1095979412667236
-0.5195283829156281	-2.053434631885009
-0.47635692300315724	-2.1375441365278496
-0.3316048092492249	-2.0980453317115892
-0.2809516529897966	-2.1214663843277757
-0.1943211163648637	-2.125080142342189
-0.17264726130328847	-1.949163454411984
-0.10107969421636415	-1.8928724513144657
0.08817616605503872	-1.7579059215451558
0.014301591636573274	-1.6937515036239488
-0.0029681761067360396	-1.5881721870051668
0.01870007295258251	-1.4030693719263923
0.17989736535158396	-1.322104705387795
0.23245190798545307	-1.1832048214501278
0.09056328662890942	-1.1152703544582527
0.2731359428886839	-0.8704534042658082
0.22963102662331558	-0.7307827490199934
0.2370302907435983	-0.6019513736176452
0.1755544158391017	-0.5195283829156281
0.3859653213138602	-0.47635692300315724
0.38351646746227597	-0.3316048092492249
0.328610912907806	-0.2809516529897966
0.39285867163921845	-0.1943211163648637
0.44625553606437895	-0.17264726130328847
0.4814516926960086	-0.10107969421636415
0.47752033401630545	0.08817616605503872
0.5251901503339732	0.014301591636573274
0.5065276105539993	-0.0029681761067360396
0.5480533040614202	0.01870007295258251
0.6306311093888578	0.17989736535158396
0.6337596867982193	0.23245190798545307
0.6779915950965751	0.09056328662890942
0.677429522133202	0.2731359428886839
0.7196364469004702	0.22963102662331558
0.7640157350721354	0.2370302907435983
0.9006364961050467	0.1755544158391017
0.8359674703596303	0.3859653213138602
0.9320917104714433	0.38351646746227597
1.010176046789777	0.328610912907806
1.0438566728135374	0.39285867163921845
1.126963720505563	0.44625553606437895
1.2171476329777127	0.4814516926960086
1.26929796555826	0.47752033401630545
1.3027670908743234	0.5251901503339732
1.4179884074852829	0.5065276105539993
1.3727019475136073	0.5480533040614202
1.468356491589859	0.6306311093888578
1.534214379424459	0.6337596867982193
1.555047935527921	0.6779915950965751
1.6705264786870513	0.677429522133202
1.690056768014404	0.7196364469004702
1.6434807458314207	0.7640157350721354
1.6456323146186447	0.9006364961050467
1.710864834924732	0.8359674703596303
1.6469714717535129	0.9320917104714433
1.5666611928593324	1.010176046789777
1.5900562928552127	1.0438566728135374
1.5194459066457633	1.126963720505563
1.4642845603743841	1.2171476329777127
1.4662216688621235	1.26929796555826
1.3849708652866992	1.3027670908743234
1.2539653889528375	1.4179884074852829
1.3103238170170706	1.3727019475136073
1.151883558652985	1.468356491589859
1.061545677150336	1.534214379424459
0.9298904748424535	1.555047935527921
0.945686796950206	1.6705264786870513
0.837875864530766	1.690056768014404
0.8191917889255802	1.6434807458314207
0.6693824566146278	1.6456323146186447
0.7029858503367962	1.710864834924732
0.5939299629670465	1.6469714717535129
0.6547230119444242	1.5666611928593324
0.5557305561714868	1.5900562928552127
0.4342498133595815	1.5194459066457633
0.5232475052654839	1.4642845603743841
0.39383617760807493	1.4662216688621235
0.405043608057604	1.3849708652866992
0.38932469181904356	1.2539653889528375
0.3609292836116788	1.3103238170170706
0.4012047286476902	1.151883558652985
0.2828931258546169	1.061545677150336
0.3685120161327911	0.9298904748424535
0.29385086860455456	0.945686796950206
0.2137794287214072	0.837875864530766
0.3298214818220291	0.8191917889255802
0.3475872028580136	0.6693824566146278
0.34073500817007174	0.7029858503367962
0.30710169587297176	0.5939299629670465
0.33879639059689726	0.6547230119444242
0.3732688846760976	0.5557305561714868
0.38501703206427523	0.4342498133595815
0.2779094969489849	0.5232475052654839
0.360391054145419	0.39383617760807493
0.33105223200983325	0.405043608057604
0.3752386422949219	0.38932469181904356
0.42584896614887663	0.3609292836116788
0.4677297936964722	0.4012047286476902
0.4754265838968099	0.2828931258546169
0.5781676423143685	0.3685120161327911
0.6422127666569933	0.29385086860455456
0.60958605374646	0.2137794287214072
0.6639496952992556	0.3298214818220291
0.6428913653193908	0.3475872028580136
0.6510222403043583	0.34073500817007174
0.7606255544656342	0.30710169587297176
0.7820285839571272	0.33879639059689726
0.8267681486492292	0.3732688846760976
0.9069775318752813	0.38501703206427523
0.9039876422391155	0.2779094969489849
1.027455017869821	0.360391054145419
1.1036832953911675	0.33105223200983325
1.1214028541547607	0.3752386422949219
1.2769723335075558	0.42584896614887663
1.3299089974015328	0.4677297936964722
1.2766632033845478	0.4754265838968099
1.4868989828632369	0.5781676423143685
1.5320035997989225	0.6422127666569933
1.5062029799724979	0.60958605374646
1.6346757086609573	0.6639496952992556
1.6812760732495908	0.6428913653193908
1.6768296777487588	0.6510222403043583
1.7565124580545042	0.7606255544656342
1.767561549269662	0.7820285839571272
1.8025606642285628	0.8267681486492292
1.8555913469501806	0.9069775318752813
1.6885935342697083	0.9039876422391155
1.7146919295524563	1.027455017869821
1.5396830296630455	1.1036832953911675
1.615394075490602	1.1214028541547607
1.4734935875154427	1.2769723335075558
1.5180069215778689	1.3299089974015328
1.3281876765625076	1.2766632033845478
1.2783690196417565	1.4868989828632369
1.1771871103171454	1.5320035997989225
1.1056316284900005	1.5062029799724979
0.9900840776873338	1.6346757086609573
0.9100696717927028	1.6812760732495908
0.8992721103867308	1.6768296777487588
0.7383435448517679	1.7565124580545042
0.6514700111188514	1.767561549269662
0.6419634069140404	1.8025606642285628
0.542546566341717	1.8555913469501806
0.5449808372497028	1.6885935342697083
0.47889394752026093	1.7146919295524563
0.38653441511600267	1.5396830296630455
0.3274818647400608	1.615394075490602
0.42756808983676364	1.4734935875154427
0.3541783563006765	1.5180069215778689
0.33792641936515144	1.3281876765625076
0.22607454123024165	1.2783690196417565
0.1651231812756866	1.1771871103171454
0.14767204221451724	1.1056316284900005
0.25505680335677733	0.9900840776873338
0.14230859237345447	0.9100696717927028
0.13596791315639672	0.8992721103867308
0.18797989155012057	0.7383435448517679
0.1695911066818755	0.6514700111188514
0.24629153938062226	0.6419634069140404
0.20471156684805866	0.542546566341717
0.22187358156710313	0.5449808372497028
0.12683440289306308	0.47889394752026093
0.15291698213614158	0.38653441511600267
0.20237973058380312	0.3274818647400608
0.16389945440535308	0.42756808983676364
0.13153321140164514	0.3541783563006765
0.20333940438670434	0.33792641936515144
0.14764346360663333	0.22607454123024165
0.28598554029878487	0.1651231812756866
0.1916389331989568	0.14767204221451724
0.2631251178433334	0.25505680335677733
0.33909337746833956	0.14230859237345447
0.2544228313695633	0.13596791315639672
0.2879636447971816	0.18797989155012057
0.34725194623224026	0.1695911066818755
0.4845551881749476	0.24629153938062226
0.310306759738694	0.20471156684805866
0.31708211177148604	0.22187358156710313
0.3500884511972481	0.12683440289306308
0.5204798820662732	0.15291698213614158
0.4490341278181582	0.20237973058380312
0.5943355678782652	0.16389945440535308
0.5381211445547189	0.13153321140164514
0.6668881904697836	0.20333940438670434
0.7291982329742401	0.14764346360663333
0.7989354373257878	0.28598554029878487
0.8064325444172387	0.1916389331989568
0.7183022742704397	0.2631251178433334
0.8244614285530687	0.33909337746833956
0.9346223316100095	0.2544228313695633
1.0559298883760195	0.2879636447971816
1.203778380072333	0.34725194623224026
1.2747763059840478	0.4845551881749476
1.2817723880134693	0.310306759738694
1.272068054905677	0.31708211177148604
1.479479497167645	0.3500884511972481
1.5879019093712754	0.5204798820662732
1.6357547769069853	0.4490341278181582
1.6850250508534241	0.5943355678782652
1.7214263173627549	0.5381211445547189
1.8557347808458564	0.6668881904697836
1.8933251556439854	0.7291982329742401
1.9190562364538772	0.7989354373257878
1.8791367229612883	0.8064325444172387
1.9970306052766185	0.7183022742704397
1.894842538252891	0.8244614285530687
1.796236525865048	0.9346223316100095
1.8474623449311673	1.0559298883760195
1.7556933410449247	1.203778380072333
1.6360519279091696	1.2747763059840478
1.4270019786180834	1.2817723880134693
1.4365038661281664	1.272068054905677
1.330824326761187	1.479479497167645
1.1747231572079249	1.5879019093712754
1.0201898854608233	1.6357547769069853
0.9990648752831277	1.6850250508534241
0.8147900063926999	1.7214263173627549
0.6375515542596114	1.8557347808458564
0.7145911508277665	1.8933251556439854
0.5816528517340893	1.9190562364538772
0.41485750386927384	1.8791367229612883
0.3864748978900328	1.9970306052766185
0.35820363024218116	1.894842538252891
0.30086862388462654	1.796236525865048
0.215645162801142	1.8474623449311673
0.1952639438092097	1.7556933410449247
0.10279370632278204	1.6360519279091696
0.026514634103792387	1.4270019786180834
0.04911909630199919	1.4365038661281664
0.02268788113160022	1.330824326761187
-0.007340981802815416	1.1747231572079249
-0.039962475935848396	1.0201898854608233
-0.09525037450742148	0.9990648752831277
-0.007647770259625888	0.8147900063926999
-0.131109952000934	0.6375515542596114
-0.04953598778620461	0.7145911508277665
-0.2230504573757749	0.5816528517340893
-0.16749467425740622	0.41485750386927384
-0.24372103786888438	0.3864748978900328
-0.1894448161804532	0.35820363024218116
-0.20606440660941944	0.30086862388462654
-0.22356982667416914	0.215645162801142
-0.2018442048744811	0.1952639438092097
-0.24694018224961584	0.10279370632278204
-0.19231703375658604	0.026514634103792387
-0.2640292258056087	0.04911909630199919
-0.2953949263243493	0.02268788113160022
-0.27449926342961833	-0.007340981802815416
-0.28265201468198825	-0.039962475935848396
-0.28333941417882	-0.09525037450742148
-0.38251298298104464	-0.007647770259625888
-0.31863218528315684	-0.131109952000934
-0.37310644562665457	-0.04953598778620461
-0.47395264638650114	-0.2230504573757749
-0.4544987675245084	-0.16749467425740622
-0.44005724586908085	-0.24372103786888438
-0.5887925112277886	-0.1894448161804532
-0.5471389309301908	-0.20606440660941944
-0.5385598510575765	-0.22356982667416914
-0.6827979020172512	-0.2018442048744811
-0.7669611456148443	-0.24694018224961584
-0.7411368650795295	-0.19231703375658604
-0.6740733257101423	-0.2640292258056087
-0.8310829235319321	-0.2953949263243493
-0.851319130758055	-0.27449926342961833
-1.1188370020165652	-0.28265201468198825
-1.098302326849844	-0.28333941417882
-1.111732548280975	-0.38251298298104464
-1.2533267280908489	-0.31863218528315684
-1.2055625296304486	-0.37310644562665457
-1.3536281189532684	-0.47395264638650114
-1.4248420660760603	-0.4544987675245084
-1.539178132981877	-0.44005724586908085
-1.665290037349733	-0.5887925112277886
-1.6759022329575899	-0.5471389309301908
-1.769970971863254	-0.5385598510575765
-1.8988850895660478	-0.6827979020172512
-1.9553302875684906	-0.7669611456148443
-1.9184874130232146	-0.7411368650795295
-1.9390786202235248	-0.6740733257101423
-1.999571502612886	-0.8310829235319321
-1.9021623245213346	-0.851319130758055
-2.002308248408157	-1.1188370020165652
-1.7938035628770932	-1.098302326849844
-1.7026093254754264	-1.111732548280975
-1.7332550695801352	-1.2533267280908489
-1.7184059947098198	-1.2055625296304486
-1.5114373963737944	-1.3536281189532684
-1.3436069009150842	-1.4248420660760603
-1.343092625176655	-1.539178132981877
-1.200320048959611	-1.665290037349733
-1.0286794722716541	-1.6759022329575899
-1.013489722133007	-1.769970971863254
-0.8879782355494196	-1.8988850895660478
-0.8482779340029709	-1.9553302875684906
-0.6986517989703702	-1.9184874130232146
-0.613783667178621	-1.9390786202235248
-0.48070665439181737	-1.999571502612886
-0.5014168643970819	-1.9021623245213346
-0.510735814683241	-2.002308248408157
-0.3023838618978929	-1.7938035628770932
-0.26654238338097186	-1.7026093254754264
-0.2232679579753538	-1.7332550695801352
-0.19052885580028678	-1.7184059947098198
-0.0620986496426949	-1.5114373963737944
-0.19453451607199584	-1.3436069009150842
-0.10487386523491363	-1.343092625176655
-0.08900970263728133	-1.200320048959611
-0.01230215611461296	-1.0286794722716541
-0.10885486663834137	-1.013489722133007
-0.10705087413431744	-0.8879782355494196
-0.003674829967487668	-0.8482779340029709
0.06036451609849367	-0.6986517989703702
0.07295462402475536	-0.613783667178621
0.06059542899469108	-0.48070665439181737
0.05522533665836396	-0.5014168643970819
0.06643555843560126	-0.510735814683241
0.09517334509112774	-0.3023838618978929
0.15439894743788707	-0.26654238338097186
0.1432474976851937	-0.2232679579753538
0.0025174380382160383	-0.19052885580028678
0.14116787283614932	-0.0620986496426949
0.08160675632029317	-0.19453451607199584
0.15625358796765604	-0.10487386523491363
0.20314039168209547	-0.08900970263728133
0.18885444306378402	-0.01230215611461296
0.13111756067367894	-0.10885486663834137
0.14838377584220208	-0.10705087413431744
0.23478181111539728	-0.003674829967487668
0.19850205245502345	0.06036451609849367
0.18310335278556508	0.07295462402475536
0.32985336940505994	0.06059542899469108
0.2777726966239087	0.05522533665836396
0.3944294591282967	0.06643555843560126
0.36489154020366676	0.09517334509112774
0.4285564600758438	0.15439894743788707
0.45270575512267114	0.1432474976851937
0.458208164122461	0.0025174380382160383
0.46580393068855835	0.14116787283614932
0.4876722023370888	0.08160675632029317
0.41440946461323713	0.15625358796765604
0.5780662000700155	0.20314039168209547
0.7918010090607144	0.18885444306378402
0.7765545394764738	0.13111756067367894
0.8182541739094479	0.14838377584220208
0.7970956779656847	0.23478181111539728
0.9453995570521636	0.19850205245502345
1.1438372074209067	0.18310335278556508
1.1065614816599825	0.32985336940505994
1.0921127881173514	0.2777726966239087
1.2211124285745738	0.3944294591282967
1.416138169004927	0.36489154020366676
1.460914198635961	0.4285564600758438
1.5077385795193272	0.45270575512267114
1.6187605012146287	0.458208164122461
1.748534983337055	0.46580393068855835
1.7636097367890606	0.4876722023370888
1.8137079772210785	0.41440946461323713
1.995871259338616	0.5780662000700155
1.9885133350863795	0.7918010090607144
2.149283115456291	0.7765545394764738
2.028668720036807	0.8182541739094479
1.9659490907443185	0.7970956779656847
1.904514695724187	0.9453995570521636
1.7669665409657105	1.1438372074209067
1.75777514420273	1.1065614816599825
1.6271100942906318	1.0921127881173514
1.5193786310889013	1.2211124285745738
1.4856085369453218	1.416138169004927
1.356359675634738	1.460914198635961
1.2883758832094632	1.5077385795193272
1.008948285658312	1.6187605012146287
0.9732605695984454	1.748534983337055
0.8893405572327469	1.7636097367890606
0.8781615734727213	1.8137079772210785
0.658777324074352	1.995871259338616
0.5888504402834254	1.9885133350863795
0.5921345021794873	2.149283115456291
0.42562617482040255	2.028668720036807
0.3555404629973777	1.9659490907443185
0.30512272191140444	1.904514695724187
0.12450585889799455	1.7669665409657105
0.17214477064016204	1.75777514420273
0.07578632864664421	1.6271100942906318
0.15776199788029066	1.5193786310889013
0.01831573551528466	1.4856085369453218
-0.08905771197276738	1.356359675634738
-0.011508907873059103	1.2883758832094632
-0.059579929460444894	1.008948285658312
-0.1316538113500664	0.9732605695984454
-0.18667629563471638	0.8893405572327469
-0.184910894642636	0.8781615734727213
-0.12154392943722458	0.658777324074352
-0.20422477556646662	0.5888504402834254
-0.1629889699913943	0.5921345021794873
-0.24914614993529563	0.42562617482040255
-0.24236552303779468	0.3555404629973777
-0.2954459634419025	0.30512272191140444
-0.2662071667070752	0.12450585889799455
-0.2791383329919477	0.17214477064016204
-0.27136349277724053	0.07578632864664421
-0.285298203050332	0.15776199788029066
-0.3519681666657025	0.01831573551528466
-0.3230870615164662	-0.08905771197276738
-0.32882311714036555	-0.011508907873059103
-0.281184675507202	-0.059579929460444894
-0.38369720882009595	-0.1316538113500664
-0.4457117011107318	-0.18667629563471638
-0.434278172226341	-0.184910894642636
-0.5364125471394526	-0.12154392943722458
-0.593666990741919	-0.20422477556646662
-0.5274470311606393	-0.1629889699913943
-0.6727918668670377	-0.24914614993529563
-0.6516411901706995	-0.24236552303779468
-0.646787981396564	-0.2954459634419025
-0.7593151829622834	-0.2662071667070752
-0.8542594997783053	-0.2791383329919477
-0.860689455164164	-0.27136349277724053
-0.8993296660359494	-0.285298203050332
-0.9725835315964485	-0.3519681666657025
-1.026835932223908	-0.3230870615164662
-1.1661503060955605	-0.32882311714036555
-1.2171052698677798	-0.281184675507202
-1.3059216791226966	-0.38369720882009595
-1.2996410145171957	-0.4457117011107318
-1.4361551820152314	-0.434278172226341
-1.5516760694652587	-0.5364125471394526
-1.5736538437682788	-0.593666990741919
-1.7358813985148882	-0.5274470311606393
-1.6854444027814668	-0.6727918668670377
-1.7859878148750195	-0.6516411901706995
-1.7619906234236098	-0.646787981396564
-1.8979062198121106	-0.7593151829622834
-1.8651124281217022	-0.8542594997783053
-1.8856391383903357	-0.860689455164164
-1.772417538593018	-0.8993296660359494
-1.8474432582677347	-0.9725835315964485
-1.7671511652514147	-1.026835932223908
-1.6877437933291164	-1.1661503060955605
-1.709382455938209	-1.2171052698677798
-1.5720348295113327	-1.3059216791226966
-1.5201162936253168	-1.2996410145171957
-1.3094637469023973	-1.4361551820152314
-1.3239081933819943	-1.5516760694652587
-1.169955704676291	-1.5736538437682788
-1.0816451041383528	-1.7358813985148882
-1.113398477865696	-1.6854444027814668
-0.8882234216793917	-1.7859878148750195
-0.7962602351415078	-1.7619906234236098
-0.7355715737381072	-1.8979062198121106
-0.6450780130609909	-1.8651124281217022
-0.5172471992656986	-1.8856391383903357
-0.4910046711944057	-1.772417538593018
-0.3994928190303037	-1.8474432582677347
-0.4782478664771316	-1.7671511652514147
-0.4231060067544577	-1.6877437933291164
-0.34754134217009164	-1.709382455938209
-0.38985404858112455	-1.5720348295113327
-0.23923696058471317	-1.5201162936253168
-0.28034213172656336	-1.3094637469023973
-0.2650628158178363	-1.3239081933819943
-0.1530661313842757	-1.169955704676291
-0.09800418143897424	-1.0816451041383528
-0.20396911324323722	-1.113398477865696
-0.17689821705704217	-0.8882234216793917
-0.053867870999102146	-0.7962602351415078
-0.16417341459502116	-0.7355715737381072
-0.16888430292602225	-0.6450780130609909
-0.08386278093221786	-0.5172471992656986
-0.12202062325732618	-0.4910046711944057
-0.10030287368391572	-0.3994928190303037
-0.021291500753392242	-0.4782478664771316
-0.017055966928996212	-0.4231060067544577
0.0051039999626990296	-0.34754134217009164
-0.031060160613426584	-0.38985404858112455
-0.08018766045853762	-0.23923696058471317
-0.03126953354580436	-0.28034213172656336
-0.00559335188007825	-0.2650628158178363
-0.038204535765321394	-0.1530661313842757
-0.024337413579980562	-0.09800418143897424
-0.0006623974697659088	-0.20396911324323722
-0.079559051231995	-0.17689821705704217
0.03864509518062917	-0.053867870999102146
-0.02799423032804877	-0.16417341459502116
-0.09476043689233897	-0.16888430292602225
-0.014426715102110542	-0.08386278093221786
-0.03247704660126939	-0.12202062325732618
-0.003589413938858761	-0.10030287368391572
-0.09751603081052065	-0.021291500753392242
-0.1127998425639254	-0.017055966928996212
-0.12051871829180649	0.0051039999626990296
-0.05700245778827515	-0.031060160613426584
-0.05860866333452398	-0.08018766045853762
-0.050697537600881346	-0.03126953354580436
-0.14658572878038004	-0.00559335188007825
-0.09537906321942724	-0.038204535765321394
-0.011465478208929507	-0.024337413579980562
0.031051553572806742	-0.0006623974697659088
-0.1544303615944046	-0.079559051231995
-0.1854554369866442	0.03864509518062917
-0.050803660514958555	-0.02799423032804877
-0.09253804247968808	-0.09476043689233897
-0.20324887812605613	-0.014426715102110542
-0.09255400459373106	-0.03247704660126939
-0.10733281656417824	-0.003589413938858761
-0.10515982197491566	-0.09751603081052065
-0.1911063282810044	-0.1127998425639254
-0.2211548904234811	-0.12051871829180649
-0.16877324778719982	-0.05700245778827515
-0.27000848129977734	-0.05860866333452398
-0.2436928482745716	-0.050697537600881346
-0.164826203335061	-0.14658572878038004
-0.25025850419665774	-0.09537906321942724
-0.36514279953688555	-0.011465478208929507
-0.28555076791738404	0.031051553572806742
-0.23264107707268322	-0.1544303615944046
-0.2823430650844838	-0.1854554369866442
-0.4317993067982038	-0.050803660514958555
-0.3897409235684999	-0.09253804247968808
-0.4961668203893252	-0.20324887812605613
-0.5722745426029049	-0.09255400459373106
-0.4503652174149394	-0.10733281656417824
-0.6751443196256784	-0.10515982197491566
-0.6803829322658937	-0.1911063282810044
-0.7498351274066275	-0.2211548904234811
-0.8085341326486659	-0.16877324778719982
-0.8132264001922863	-0.27000848129977734
-0.986021937651941	-0.2436928482745716
-0.9691475153971858	-0.164826203335061
-1.1650403271511087	-0.25025850419665774
-1.3036018616925165	-0.36514279953688555
-1.412398972469376	-0.28555076791738404
-1.4847066365452255	-0.23264107707268322
-1.5216569180009485	-0.2823430650844838
-1.706019645756674	-0.4317993067982038
-1.7921604666502746	-0.3897409235684999
-1.845914434404945	-0.4961668203893252
-2.0749971390016357	-0.5722745426029049
-2.1036894811694267	-0.4503652174149394
-2.203432922877127	-0.6751443196256784
-2.151149702189655	-0.6803829322658937
-2.3252918267236686	-0.7498351274066275
-2.1967945186504396	-0.8085341326486659
-2.202215765713255	-0.8132264001922863
-2.218073486079154	-0.986021937651941
-2.0346197844627527	-0.9691475153971858
-1.9603521729403335	-1.1650403271511087
-1.7898476550711968	-1.3036018616925165
-1.6667044699880962	-1.412398972469376
-1.5017345521169956	-1.4847066365452255
-1.36176820396076	-1.5216569180009485
-1.1489280916537201	-1.706019645756674
-0.9633904246697608	-1.7921604666502746
-0.9201442865578114	-1.845914434404945
-0.6387322344946752	-2.0749971390016357
-0.5820102331049609	-2.1036894811694267
-0.38482824039564567	-2.203432922877127
-0.26879043694467714	-2.151149702189655
-0.16837176834683834	-2.3252918267236686
-0.11813948546310434	-2.1967945186504396
-0.007908812128358603	-2.202215765713255
0.02485309157373895	-2.218073486079154
0.09437190839553833	-2.0346197844627527
0.1723769487177446	-1.9603521729403335
0.20043939557018656	-1.7898476550711968
0.26152153807306444	-1.6667044699880962
0.2859746619303273	-1.5017345521169956
0.34940812051721937	-1.36176820396076
0.3645861341478668	-1.1489280916537201
0.3830042811363695	-0.9633904246697608
0.42922046019051596	-0.9201442865578114
0.5229654786444267	-0.6387322344946752
0.48360007486368906	-0.5820102331049609
0.5141708489653355	-0.38482824039564567
0.5491034135066328	-0.26879043694467714
0.5867953053233652	-0.16837176834683834
0.6674346041718355	-0.11813948546310434
0.6926492718629778	-0.007908812128358603
0.7188479158809348	0.02485309157373895
0.5750146855040521	0.09437190839553833
0.6978589594492729	0.1723769487177446
0.7864489836113614	0.20043939557018656
0.7170997728123255	0.26152153807306444
0.7546726233834563	0.2859746619303273
0.801113836721939	0.34940812051721937
0.8178654358557143	0.3645861341478668
1.0651430238040491	0.3830042811363695
1.0308673706048328	0.42922046019051596
0.9983471976632462	0.5229654786444267
1.0623661578886328	0.48360007486368906
1.026880798180179	0.5141708489653355
1.1671220145871468	0.5491034135066328
1.0968884972977486	0.5867953053233652
1.2084717686114697	0.6674346041718355
1.2495690092162473	0.6926492718629778
1.338879220892465	0.7188479158809348
1.3369951201685535	0.5750146855040521
1.4375044121609808	0.6978589594492729
1.4348991633029808	0.7864489836113614
1.4034368860013207	0.7170997728123255
1.4629933816274068	0.7546726233834563
1.3737680973288395	0.801113836721939
1.4321525386963183	0.8178654358557143
1.449501743340855	1.0651430238040491
1.392365027457918	1.0308673706048328
1.4688630773390825	0.9983471976632462
1.3966806046164728	1.0623661578886328
1.3914654663087702	1.026880798180179
1.4241871929909509	1.1671220145871468
1.3542295364438734	1.0968884972977486
1.3416717215372023	1.2084717686114697
1.2606075630727296	1.2495690092162473
1.1917281487151534	1.338879220892465
1.1391677961157418	1.3369951201685535
1.1511487587673528	1.4375044121609808
1.1752066178087819	1.4348991633029808
0.9775706115693257	1.4034368860013207
1.0230680677198798	1.4629933816274068
0.908923971923814	1.3737680973288395
0.9766027615769005	1.4321525386963183
0.895023782537094	1.449501743340855
0.8663566716934586	1.392365027457918
0.7864947832424537	1.4688630773390825
0.802837756295508	1.3966806046164728
0.76108632124281	1.3914654663087702
0.6415562187282903	1.4241871929909509
0.7307525537145277	1.3542295364438734
0.7369642035614321	1.3416717215372023
0.6168982791015973	1.2606075630727296
0.5025114149207485	1.1917281487151534
0.6351760278498341	1.1391677961157418
0.6319452001466537	1.1511487587673528
0.5476114849772027	1.1752066178087819
0.6772719159019855	0.9775706115693257
0.6173306001758944	1.0230680677198798
0.6731323047395921	0.908923971923814
0.6974293615758058	0.9766027615769005
0.5628030438807803	0.895023782537094
0.5979619770185921	0.8663566716934586
0.7091561574165731	0.7864947832424537
0.5796660532637542	0.802837756295508
0.6012482704530203	0.76108632124281
0.6872153615387389	0.6415562187282903
0.6993998210573459	0.7307525537145277
0.7577314950138611	0.7369642035614321
0.8146212279893873	0.6168982791015973
0.7603096592113116	0.5025114149207485
0.8132724408617039	0.6351760278498341
0.8705800196861925	0.6319452001466537
0.9129567703160555	0.5476114849772027
0.94438051697058	0.6772719159019855
1.043974615632387	0.6173306001758944
1.0107506668681014	0.6731323047395921
1.0611709594106264	0.6974293615758058
1.123404648226111	0.5628030438807803
1.202448491853808	0.5979619770185921
1.2599832428283826	0.7091561574165731
1.1298254888429409	0.5796660532637542
1.2196751516225186	0.6012482704530203
1.191145004417261	0.6872153615387389
1.3615501297700912	0.6993998210573459
1.3924696233106169	0.7577314950138611
1.4319180792065733	0.8146212279893873
1.4126254789695587	0.7603096592113116
1.4284273875244722	0.8132724408617039
1.4840737894234308	0.8705800196861925
1.5110650965826893	0.9129567703160555
1.5399416821954852	0.94438051697058
1.439084648579375	1.043974615632387
1.4436107837394925	1.0107506668681014
1.4349002674534124	1.0611709594106264
1.4633838115079159	1.123404648226111
1.3938650630997529	1.202448491853808
1.2990340940094862	1.2599832428283826
1.2954191333636014	1.1298254888429409
1.3411700049924276	1.2196751516225186
1.2115683813679172	1.191145004417261
1.2554437492063555	1.3615501297700912
1.1558381937965538	1.3924696233106169
1.100069810593063	1.4319180792065733
1.041235383249353	1.4126254789695587
1.0167105641705212	1.4284273875244722
0.8339807542795358	1.4840737894234308
0.8818565296522383	1.5110650965826893
0.8328074472144738	1.5399416821954852
0.8432392504873609	1.439084648579375
0.8076120323360347	1.4436107837394925
0.6976847062980814	1.4349002674534124
0.7545450407681353	1.4633838115079159
0.6991943905640464	1.3938650630997529
0.6797226535791949	1.2990340940094862
0.5164939495334532	1.2954191333636014
0.633261787592311	1.3411700049924276
0.5522669291175868	1.2115683813679172
0.5338447480608378	1.2554437492063555
0.5452497497125637	1.1558381937965538
0.5084578487943139	1.100069810593063
0.5572828567769714	1.041235383249353
0.4798204409179291	1.0167105641705212
0.4594907516007848	0.8339807542795358
0.6078909673722953	0.8818565296522383
0.5481416346468929	0.8328074472144738
0.5318006136992587	0.8432392504873609
0.5266394047497943	0.8076120323360347
0.6566825987026244	0.6976847062980814
0.6562576088096433	0.7545450407681353
0.6614254173456848	0.6991943905640464
0.5929480436653082	0.6797226535791949
0.6734115546041141	0.5164939495334532
0.6645216901170521	0.633261787592311
0.7630702869776474	0.5522669291175868
0.7576510123627405	0.5338447480608378
0.7555803251886029	0.5452497497125637
0.7531621926703871	0.5084578487943139
0.8753234744093364	0.5572828567769714
0.8913599548758262	0.4798204409179291
0.9451023890641088	0.4594907516007848
0.9213266170349644	0.6078909673722953
1.1944624959972086	0.5481416346468929
1.0941038978234277	0.5318006136992587
1.0821925134334747	0.5266394047497943
1.1843576652548276	0.6566825987026244
1.1937548930811328	0.6562576088096433
1.220319338560726	0.6614254173456848
1.307744492585372	0.5929480436653082
1.2838797473157957	0.6734115546041141
1.3547539101131414	0.6645216901170521
1.4118242755065011	0.7630702869776474
1.5355684568519679	0.7576510123627405
1.548584127009022	0.7555803251886029
1.4982158084785215	0.7531621926703871
1.5419079927893216	0.8753234744093364
1.559133686286803	0.8913599548758262
1.4768546733872139	0.9451023890641088
1.5467199667934202	0.9213266170349644
1.5330633914089213	1.1944624959972086
1.5632030563326398	1.0941038978234277
1.5381299919580977	1.0821925134334747
1.5151080948404552	1.1843576652548276
1.3792424458148669	1.1937548930811328
1.3701972415255692	1.220319338560726
1.357465272774993	1.307744492585372
1.288456416607935	1.2838797473157957
1.1609608880115085	1.3547539101131414
1.1340298368276651	1.4118242755065011
1.077672739908123	1.5355684568519679
1.1181044696530074	1.548584127009022
0.9400901863062273	1.4982158084785215
0.944547361991417	1.5419079927893216
0.8285323182060655	1.559133686286803
0.7877159141859718	1.4768546733872139
0.7164681423084917	1.5467199667934202
0.7478135837256639	1.5330633914089213
0.60863921712779	1.5632030563326398
0.6319744275722192	1.5381299919580977
0.7021474514745425	1.5151080948404552
0.49607381455856825	1.3792424458148669
0.586908637130295	1.3701972415255692
0.49739648256987884	1.357465272774993
0.5069778284756926	1.288456416607935
0.4987986863860211	1.1609608880115085
0.5562120983181548	1.1340298368276651
0.44557668054869537	1.077672739908123
0.515928296537418	1.1181044696530074
0.49665444687659893	0.9400901863062273
0.4563845475135967	0.944547361991417
0.5346701451433453	0.8285323182060655
0.46075616216239906	0.7877159141859718
0.4947044430633555	0.7164681423084917
0.5174442210326902	0.7478135837256639
0.5700688524448365	0.60863921712779
0.5022218954764177	0.6319744275722192
0.5296500459959718	0.7021474514745425
0.62586768134743	0.49607381455856825
0.541643862509421	0.586908637130295
0.6220476870951023	0.49739648256987884
0.6612292160687625	0.5069778284756926
0.7746645739877289	0.4987986863860211
0.7217727872362705	0.5562120983181548
0.7684406668318114	0.44557668054869537
0.8563323140968071	0.515928296537418
0.8174611412413415	0.49665444687659893
0.8803410817292896	0.4563845475135967
0.8836814570264033	0.5346701451433453
0.9741874042337827	0.46075616216239906
0.9577997446890868	0.4947044430633555
0.9811332481906085	0.5174442210326902
1.1630012786826347	0.5700688524448365
1.2050514159520491	0.5022218954764177
1.2734898444544602	0.5296500459959718
1.40883847936578	0.62586768134743
1.3173834035434433	0.541643862509421
1.3841729548986834	0.6220476870951023
1.413655050350634	0.6612292160687625
1.4426256794444126	0.7746645739877289
1.3884700228027644	0.7217727872362705
1.4993938576662988	0.7684406668318114
1.5344778794506513	0.8563323140968071
1.5779284667762112	0.8174611412413415
1.5601553261275996	0.8803410817292896
1.5490224941158313	0.8836814570264033
1.6195422825343146	0.9741874042337827
1.6420603298366057	0.9577997446890868
1.541949738128077	0.9811332481906085
1.5348993012322207	1.1630012786826347
1.5183417946405853	1.2050514159520491
1.3803139752948215	1.2734898444544602
1.468199373904621	1.40883847936578
1.366699225155602	1.3173834035434433
1.2707790015105065	1.3841729548986834
1.2211401174989542	1.413655050350634
1.1370873832075037	1.4426256794444126
1.0517866675719596	1.3884700228027644
0.9033772212893851	1.4993938576662988
0.9521852846454715	1.5344778794506513
0.8185362901726071	1.5779284667762112
0.8281661512129218	1.5601553261275996
0.8047080314410128	1.5490224941158313
0.7292746797417552	1.6195422825343146
0.7823530146011729	1.6420603298366057
0.5146975171629511	1.541949738128077
0.6148253740683745	1.5348993012322207
0.575037177451685	1.5183417946405853
0.5063101124643025	1.3803139752948215
0.5521211552134687	1.468199373904621
0.4969986982138717	1.366699225155602
0.44059057185135164	1.2707790015105065
0.4273697872732349	1.2211401174989542
0.4251683730432746	1.1370873832075037
0.3916051168143071	1.0517866675719596
0.4432974001223081	0.9033772212893851
0.39380421630385987	0.9521852846454715
0.4696518613507462	0.8185362901726071
0.46754642418973735	0.8281661512129218
0.3423035789683958	0.8047080314410128
0.34580282449900235	0.7292746797417552
0.3895108715752242	0.7823530146011729
0.47159909906274494	0.5146975171629511
0.45979051873488164	0.6148253740683745
0.4808166294241551	0.575037177451685
0.4217544352851495	0.5063101124643025
0.5403566377761039	0.5521211552134687
0.444115651277635	0.4969986982138717
0.539698050541996	0.44059057185135164
0.5276627489393692	0.4273697872732349
0.5963760450214761	0.4251683730432746
0.6035550690172078	0.3916051168143071
0.6949064744029984	0.4432974001223081
0.7451199551123258	0.39380421630385987
0.833028269505609	0.4696518613507462
0.8301516582495015	0.46754642418973735
0.8358266624499463	0.3423035789683958
0.9222270415341879	0.34580282449900235
0.9905689106235289	0.3895108715752242
1.022447707768948	0.47159909906274494
1.094146485303931	0.45979051873488164
1.1957330159601103	0.4808166294241551
1.1514242960380345	0.4217544352851495
1.2905473818425717	0.5403566377761039
1.3009118866591483	0.444115651277635
1.4577307356151545	0.539698050541996
1.470076204119986	0.5276627489393692
1.4553030592186893	0.5963760450214761
1.5363681129752955	0.6035550690172078
1.574691357511158	0.6949064744029984
1.6634144170052363	0.7451199551123258
1.6460186470460734	0.833028269505609
1.72269393057414	0.8301516582495015
1.6296050369817219	0.8358266624499463
1.6711219881168855	0.9222270415341879
1.6010567334763868	0.9905689106235289
1.5938466359344907	1.022447707768948
1.5767986160169818	1.094146485303931
1.5519199320321158	1.1957330159601103
1.4545989866497422	1.1514242960380345
1.399524810220464	1.2905473818425717
1.3883120483678888	1.3009118866591483
1.2371398401431453	1.4577307356151545
1.2713700064262055	1.470076204119986
1.183566379039039	1.4553030592186893
1.0822742224425914	1.5363681129752955
0.9279652341316426	1.574691357511158
0.9755119912137289	1.6634144170052363
0.9448767888771384	1.6460186470460734
0.7997522599111768	1.72269393057414
0.6893582000062551	1.6296050369817219
0.626837662457594	1.6711219881168855
0.6171175718740802	1.6010567334763868
0.6469671540442788	1.5938466359344907
0.5319474712408995	1.5767986160169818
0.49062690785479407	1.5519199320321158
0.49132428758304497	1.4545989866497422
0.411629204224015	1.399524810220464
0.4227244482710836	1.3883120483678888
0.34946637176457884	1.2371398401431453
0.35998064344833997	1.2713700064262055
0.3467910769836436	1.183566379039039
0.2223254363264996	1.0822742224425914
0.2677193959228942	0.9279652341316426
0.3616353941937548	0.9755119912137289
0.23332234333697283	0.9448767888771384
0.35758802522358674	0.7997522599111768
0.2993951213491388	0.6893582000062551
0.31424354476604377	0.626837662457594
0.2970343963626981	0.6171175718740802
0.3506610327455982	0.6469671540442788
0.4150485753743596	0.5319474712408995
0.4250280912847877	0.49062690785479407
0.2621735262319574	0.49132428758304497
0.43313483029374605	0.411629204224015
0.4133972790418186	0.4227244482710836
0.36430037776549096	0.34946637176457884
0.5154472696714619	0.35998064344833997
0.48333203545850545	0.3467910769836436
0.5349294148614209	0.2223254363264996
0.4936864620970607	0.2677193959228942
0.5643277536794215	0.3616353941937548
0.6470002999001535	0.23332234333697283
0.5677672477153518	0.35758802522358674
0.7270702886490678	0.2993951213491388
0.728953685961516	0.31424354476604377
0.7375087995752679	0.2970343963626981
0.7623314825412727	0.3506610327455982
0.8781873837510182	0.4150485753743596
0.9788477349003222	0.4250280912847877
1.003298719834515	0.2621735262319574
1.0587422953106944	0.43313483029374605
1.1528094065633554	0.4133972790418186
1.2349000363773157	0.36430037776549096
1.2615690181989787	0.5154472696714619
1.2576572494265466	0.48333203545850545
1.431239358232474	0.5349294148614209
1.4277554368085188	0.4936864620970607
1.5204516866470401	0.5643277536794215
1.6415128992447783	0.6470002999001535
1.6792242601891527	0.5677672477153518
1.7576089983043535	0.7270702886490678
1.8307765390096364	0.728953685961516
1.7292935977836938	0.7375087995752679
1.7807525576748582	0.7623314825412727
1.738247205131381	0.8781873837510182
1.7380668905947716	0.9788477349003222
1.7326386520533517	1.003298719834515
1.6447552912517616	1.0587422953106944
1.613453212355603	1.1528094065633554
1.519179473961963	1.2349000363773157
1.4306580794930004	1.2615690181989787
1.4181081041301677	1.2576572494265466
1.234853499160441	1.431239358232474
1.1816920256381307	1.4277554368085188
1.1934496861814605	1.5204516866470401
0.9971741663272516	1.6415128992447783
1.0467726979061924	1.6792242601891527
0.9234673061927673	1.7576089983043535
0.734473060162034	1.8307765390096364
0.6847349710990601	1.7292935977836938
0.6529812155366995	1.7807525576748582
0.5482799071981753	1.738247205131381
0.5306355404982821	1.7380668905947716
0.5004084745225165	1.7326386520533517
0.39874593022734434	1.6447552912517616
0.3941291068479373	1.613453212355603
0.4943156077254939	1.519179473961963
0.3735193396000479	1.4306580794930004
0.3941774914090334	1.4181081041301677
0.2749079119397399	1.234853499160441
0.3074422293945607	1.1816920256381307
0.17492710229271277	1.1934496861814605
0.17841456138950296	0.9971741663272516
0.22590328846593888	1.0467726979061924
0.1455971259870774	0.9234673061927673
0.18487454581463192	0.734473060162034
0.10025394481869478	0.6847349710990601
0.17676918083064416	0.6529812155366995
0.0988755148354712	0.5482799071981753
0.17762928292071437	0.5306355404982821
0.2819717332907499	0.5004084745225165
0.18763525750229315	0.39874593022734434
0.14271701439981616	0.3941291068479373
0.17769409100025402	0.4943156077254939
0.27751861344377693	0.3735193396000479
0.1840647943527426	0.3941774914090334
0.25321441943435485	0.2749079119397399
0.2095610720069417	0.3074422293945607
0.2819220509496128	0.17492710229271277
0.2560750999571749	0.17841456138950296
0.2761665101988994	0.22590328846593888
0.27718552293562276	0.1455971259870774
0.332928031190387	0.18487454581463192
0.326637486050292	0.10025394481869478
0.41761597943615997	0.17676918083064416
0.3766210149945208	0.0988755148354712
0.48494224563320976	0.17762928292071437
0.4241095072022673	0.2819717332907499
0.4772969684287947	0.18763525750229315
0.6169557308029662	0.14271701439981616
0.49860198984808596	0.17769409100025402
0.554855819402128	0.27751861344377693
0.655151294734152	0.1840647943527426
0.7740391658692787	0.25321441943435485
0.7777234090372148	0.2095610720069417
0.8915261106479884	0.2819220509496128
0.8321520127590477	0.2560750999571749
1.0294013117238856	0.2761665101988994
0.9996655062682546	0.27718552293562276
1.0722309174726667	0.332928031190387
1.2641491518458534	0.326637486050292
1.189433554806525	0.41761597943615997
1.353343859020657	0.3766210149945208
1.5134308341859386	0.48494224563320976
1.4650326357490475	0.4241095072022673
1.6110048404121955	0.4772969684287947
1.6643932961799865	0.6169557308029662
1.9059342736979812	0.49860198984808596
1.7663165617312333	0.554855819402128
1.8687264163117878	0.655151294734152
1.892343775467726	0.7740391658692787
1.8788114168183907	0.7777234090372148
1.9997963537892554	0.8915261106479884
1.925590359400842	0.8321520127590477
1.814225775457031	1.0294013117238856
1.8267977199955174	0.9996655062682546
1.738448242989294	1.0722309174726667
1.5944227651080862	1.2641491518458534
1.5449476133195434	1.189433554806525
1.5118159663816253	1.353343859020657
1.2549583715762234	1.5134308341859386
1.2136497706710367	1.4650326357490475
1.1222530892174656	1.6110048404121955
1.0461938413359566	1.6643932961799865
1.0535522656958682	1.9059342736979812
0.9433676986953523	1.7663165617312333
0.685640912487075	1.8687264163117878
0.6256981962829568	1.892343775467726
0.5060947787451276	1.8788114168183907
0.47292539697805774	1.9997963537892554
0.32792772684100857	1.925590359400842
0.3602937513040982	1.814225775457031
0.23354530551469166	1.8267977199955174
0.23265538168849553	1.738448242989294
0.18118670220587926	1.5944227651080862
0.13792258451922682	1.5449476133195434
0.18240318606529532	1.5118159663816253
0.16648969035611508	1.2549583715762234
-0.03820691663168679	1.2136497706710367
0.01640072904796444	1.1222530892174656
-0.052752316056866214	1.0461938413359566
-0.06226976679445391	1.0535522656958682
-0.10608577648709573	0.9433676986953523
-0.0995640897069706	0.685640912487075
-0.10055157103067358	0.6256981962829568
-0.15375625514636265	0.5060947787451276
-0.11950577141802335	0.47292539697805774
-0.10333815402870913	0.32792772684100857
-0.19456161723155643	0.3602937513040982
-0.12450770940222655	0.23354530551469166
-0.16615445701503131	0.23265538168849553
-0.18371842639331984	0.18118670220587926
-0.21241131977746963	0.13792258451922682
-0.1557466598270747	0.18240318606529532
-0.3643477093521615	0.16648969035611508
-0.2517139214791904	-0.03820691663168679
-0.1923646872079509	0.01640072904796444
-0.24198039167632748	-0.052752316056866214
-0.25021638562757675	-0.06226976679445391
-0.33216115933216855	-0.10608577648709573
-0.28357224322237723	-0.0995640897069706
-0.4690966561110821	-0.10055157103067358
-0.3889300137353149	-0.15375625514636265
-0.3812684875831428	-0.11950577141802335
-0.4348242926457739	-0.10333815402870913
-0.47718801037812364	-0.19456161723155643
-0.38919255365267247	-0.12450770940222655
-0.5233520207273121	-0.16615445701503131
-0.5881733685782474	-0.18371842639331984
-0.6390843255311974	-0.21241131977746963
-0.7035333673376523	-0.1557466598270747
-0.683697725609476	-0.3643477093521615
-0.756103300785864	-0.2517139214791904
-0.7909866182026912	-0.1923646872079509
-0.9282432572864248	-0.24198039167632748
-0.931165514319347	-0.25021638562757675
-1.0324612926626726	-0.33216115933216855
-1.0847685746484843	-0.28357224322237723
-1.2285520228490452	-0.4690966561110821
-1.292250844981259	-0.3889300137353149
-1.3701049565819243	-0.3812684875831428
-1.4260010900307805	-0.4348242926457739
-1.56256664616045	-0.47718801037812364
-1.5601759761035148	-0.38919255365267247
-1.712607021791048	-0.5233520207273121
-1.7591482572234587	-0.5881733685782474
-1.8576482816673134	-0.6390843255311974
-1.9195832490716411	-0.7035333673376523
-1.9862667614175975	-0.683697725609476
-1.9231472994212115	-0.756103300785864
-1.9855432868484275	-0.7909866182026912
-2.0266679838773975	-0.9282432572864248
-1.9406042962895753	-0.931165514319347
-1.8638426213304649	-1.0324612926626726
-1.7954060333978838	-1.0847685746484843
-1.7491675351052582	-1.2285520228490452
-1.6027630358737277	-1.292250844981259
-1.5944160316001312	-1.3701049565819243
-1.4219789231626256	-1.4260010900307805
-1.3906637959261512	-1.56256664616045
-1.1715398683556928	-1.5601759761035148
-1.0283295349129558	-1.712607021791048
-0.9461089583679192	-1.7591482572234587
-0.9727633703293004	-1.8576482816673134
-0.7971370448055111	-1.9195832490716411
-0.7207511414515433	-1.9862667614175975
-0.5555021595003583	-1.9231472994212115
-0.605419897971088	-1.9855432868484275
-0.45015292972887827	-2.0266679838773975
-0.34900891019890423	-1.9406042962895753
-0.3389799744234278	-1.8638426213304649
-0.21982859375040698	-1.7954060333978838
-0.1735185989533896	-1.7491675351052582
-0.17062346347959464	-1.6027630358737277
-0.052297901504245375	-1.5944160316001312
-0.15229834371414586	-1.4219789231626256
-0.012942395130410317	-1.3906637959261512
-0.05177721568506066	-1.1715398683556928
0.008002068275360213	-1.0283295349129558
0.06640165692594359	-0.9461089583679192
0.0454714196099172	-0.9727633703293004
0.015308544764127744	-0.7971370448055111
0.009713283515093575	-0.7207511414515433
0.10625741740873962	-0.5555021595003583
0.1776670857073538	-0.605419897971088
0.04127175380966365	-0.45015292972887827
0.14049777749984904	-0.34900891019890423
0.1438472179041847	-0.3389799744234278
0.05302440312006976	-0.21982859375040698
0.21954251597485336	-0.1735185989533896
0.12470974353740986	-0.17062346347959464
0.1811912038354498	-0.052297901504245375
0.19931973068074438	-0.15229834371414586
0.1884626934722182	-0.012942395130410317
0.28238637788752907	-0.05177721568506066
0.1351228109466023	0.008002068275360213
0.3028634232317526	0.06640165692594359
0.26620886047396375	0.0454714196099172
0.2872439523540366	0.015308544764127744
0.4034521672870632	0.009713283515093575
0.33815965517490676	0.10625741740873962
0.3848038824617907	0.1776670857073538
0.4020068642977273	0.04127175380966365
0.5504535866032674	0.14049777749984904
0.5630395829493735	0.1438472179041847
0.5867603831944361	0.05302440312006976
0.5287717232807396	0.21954251597485336
0.6515770716858836	0.12470974353740986
0.6582604500045383	0.1811912038354498
0.753049016355631	0.19931973068074438
0.7128282455982432	0.1884626934722182
0.8806654854136089	0.28238637788752907
0.9176322574825808	0.1351228109466023
1.0001420710834688	0.3028634232317526
1.0978011564083134	0.26620886047396375
1.1480699285549179	0.2872439523540366
1.2035828944913987	0.4034521672870632
1.4299915321410246	0.33815965517490676
1.4027915297402802	0.3848038824617907
1.4832731382041144	0.4020068642977273
1.566887168506014	0.5504535866032674
1.5936062935620299	0.5630395829493735
1.7542342883355253	0.5867603831944361
1.7931794827431653	0.5287717232807396
1.9143597701614397	0.6515770716858836
1.8084022063355696	0.6582604500045383
1.905519194252084	0.753049016355631
1.8147765337156347	0.7128282455982432
1.8647468851629274	0.8806654854136089
1.8879827568443053	0.9176322574825808
1.795441005902032	1.0001420710834688
1.727655396988003	1.0978011564083134
1.6744947372065766	1.1480699285549179
1.5895639030087207	1.2035828944913987
1.5534409597960723	1.4299915321410246
1.3401530997994204	1.4027915297402802
1.2960892606511885	1.4832731382041144
1.1856902926687793	1.566887168506014
1.0288523727564756	1.5936062935620299
0.9074360507287974	1.7542342883355253
0.8236016304842508	1.7931794827431653
0.7660063302608118	1.9143597701614397
0.6371149038356009	1.8084022063355696
0.5421258015182854	1.905519194252084
0.45773946520561426	1.8147765337156347
0.40394964226862146	1.8647468851629274
0.30595241215839125	1.8879827568443053
0.22367335562425117	1.795441005902032
0.241629434601954	1.727655396988003
0.19718591653879167	1.6744947372065766
0.214023452794039	1.5895639030087207
0.09547971976501948	1.5534409597960723
0.14068502878469083	1.3401530997994204
0.0359625167585507	1.2960892606511885
-0.0020425392189178763	1.1856902926687793
-0.06689568040856153	1.0288523727564756
0.009924285703862596	0.9074360507287974
-0.05040855580688317	0.8236016304842508
0.015649172293222505	0.7660063302608118
-0.14101777773868723	0.6371149038356009
-0.07341408540655264	0.5421258015182854
-0.0719131360947501	0.45773946520561426
-0.21290405715408972	0.40394964226862146
-0.06641267634384465	0.30595241215839125
-0.10718742648088825	0.22367335562425117
-0.20510598604551616	0.241629434601954
-0.1487408974458192	0.19718591653879167
-0.19002546970541515	0.214023452794039
-0.24081890063444328	0.09547971976501948
-0.17976035183853997	0.14068502878469083
-0.2986895134102464	0.0359625167585507
-0.19805086566076174	-0.0020425392189178763
-0.11841676077123799	-0.06689568040856153
-0.17107355464030152	0.009924285703862596
-0.17052824589963378	-0.05040855580688317
-0.21418113415665627	0.015649172293222505
-0.13930168393991707	-0.14101777773868723
-0.1590654547015084	-0.07341408540655264
-0.3393277943790101	-0.0719131360947501
-0.34638048723294257	-0.21290405715408972
-0.2917541599465254	-0.06641267634384465
-0.37706854142575036	-0.10718742648088825
-0.5112598472574377	-0.20510598604551616
-0.30303550183268535	-0.1487408974458192
-0.4941638495249963	-0.19002546970541515
-0.4740430046766043	-0.24081890063444328
-0.5534587624198385	-0.17976035183853997
-0.5763069263213194	-0.2986895134102464
-0.6823401513587888	-0.19805086566076174
-0.7350999355878693	-0.11841676077123799
-0.757964696923046	-0.17107355464030152
-0.8447497492527212	-0.17052824589963378
-0.8395574719382175	-0.21418113415665627
-0.9849337032887858	-0.13930168393991707
-0.9887255617675754	-0.1590654547015084
-1.0682008827348908	-0.3393277943790101
-1.2382021457792438	-0.34638048723294257
-1.3551031835976284	-0.2917541599465254
-1.4160722724153691	-0.37706854142575036
-1.5282005983111389	-0.5112598472574377
-1.5418111379149093	-0.30303550183268535
-1.6912803692259477	-0.4941638495249963
-1.766038999136256	-0.4740430046766043
-1.7617916930812776	-0.5534587624198385
-1.8932144600372571	-0.5763069263213194
-1.9727965208859828	-0.6823401513587888
-1.9544789851414544	-0.7350999355878693
-1.9788221598482665	-0.757964696923046
-2.0605040498985936	-0.8447497492527212
-1.9893055345882524	-0.8395574719382175
