-2.249453932418498	-0.800919829740181	-1.7776336252447156
-2.162693147127604	-0.8827854090070225	-1.901524218345139
-2.048322674556288	-0.9720388046095565	-2.0185321647818237
-1.911111177040487	-1.068827501406451	-2.1238833920199216
-1.7566220714622056	-1.173084028499041	-2.2124009749641504
-1.5906492026067591	-1.284449096545941	-2.278906739025491
-1.4187274612469412	-1.4021651442047531	-2.3187136538574693
-1.2457749886313974	-1.5249733141088209	-2.328174149536573
-1.0758835446273158	-1.6509939891644374	-2.3051740729383416
-0.9122418300960815	-1.7776336252447156	-2.249453932418498
-0.757159392706601	-1.901524218345139	-2.162693147127604
-0.6121556416600065	-2.0185321647818237	-2.048322674556288
-0.47808156833926413	-2.1238833920199216	-1.911111177040487
-0.3552502767653368	-2.2124009749641504	-1.7566220714622056
-0.24356215833012834	-2.278906739025491	-1.5906492026067591
-0.14261544390653566	-2.3187136538574693	-1.4187274612469412
-0.05179841099808237	-2.328174149536573	-1.2457749886313974
0.029636073788300143	-2.3051740729383416	-1.0758835446273158
0.10251219631623258	-2.249453932418498	-0.9122418300960815
0.16768759115837545	-2.162693147127604	-0.757159392706601
0.2260213615587337	-2.048322674556288	-0.6121556416600065
0.27835075647665913	-1.911111177040487	-0.47808156833926413
0.32547629311798026	-1.7566220714622056	-0.3552502767653368
0.3681514464502675	-1.5906492026067591	-0.24356215833012834
0.40707682528459177	-1.4187274612469412	-0.14261544390653566
0.44289800749567765	-1.2457749886313974	-0.05179841099808237
0.4762042736146254	-1.0758835446273158	0.029636073788300143
0.5075304626149333	-0.9122418300960815	0.10251219631623258
0.5373581789679581	-0.757159392706601	0.16768759115837545
0.5661190224647968	-0.6121556416600065	0.2260213615587337
0.5941968647107727	-0.47808156833926413	0.27835075647665913
0.6219310877281381	-0.3552502767653368	0.32547629311798026
0.6496188821741428	-0.24356215833012834	0.3681514464502675
0.6775179100934973	-0.14261544390653566	0.40707682528459177
0.7058478051583101	-0.05179841099808237	0.44289800749567765
0.7347920735856474	0.029636073788300143	0.4762042736146254
0.7644982638691048	0.10251219631623258	0.5075304626149333
0.7950790127851846	0.16768759115837545	0.5373581789679581
0.8266108148041471	0.2260213615587337	0.5661190224647968
0.8591338631563735	0.27835075647665913	0.5941968647107727
0.8926501177262107	0.32547629311798026	0.6219310877281381
0.927121348758793	0.3681514464502675	0.6496188821741428
0.9624674502460326	0.40707682528459177	0.6775179100934973
0.9985632083235805	0.44289800749567765	0.7058478051583101
1.035236668745284	0.4762042736146254	0.7347920735856474
1.0722669055915228	0.5075304626149333	0.7644982638691048
1.1093823919131953	0.5373581789679581	0.7950790127851846
1.1462617064278013	0.5661190224647968	0.8266108148041471
1.1825333642464386	0.5941968647107727	0.8591338631563735
1.2177805438719644	0.6219310877281381	0.8926501177262107
1.2515459750848232	0.6496188821741428	0.927121348758793
1.2833389801557538	0.6775179100934973	0.9624674502460326
1.3126494108468123	0.7058478051583101	0.9985632083235805
1.338957897976755	0.7347920735856474	1.035236668745284
1.3617551094362308	0.7644982638691048	1.0722669055915228
1.3805592611714406	0.7950790127851846	1.1093823919131953
1.3949341103911697	0.8266108148041471	1.1462617064278013
1.4045118997619261	0.8591338631563735	1.1825333642464386
1.4090079056369642	0.8926501177262107	1.2177805438719644
1.4082387880451204	0.927121348758793	1.2515459750848232
1.4021332199105299	0.9624674502460326	1.2833389801557538
1.3907380777313103	0.9985632083235805	1.3126494108468123
1.3742207185514232	1.035236668745284	1.338957897976755
1.3528632546044563	1.0722669055915228	1.3617551094362308
1.3270520522589577	1.1093823919131953	1.3805592611714406
1.2972640544064782	1.1462617064278013	1.3949341103911697
1.2640460160200258	1.1825333642464386	1.4045118997619261
1.227996088310766	1.2177805438719644	1.4090079056369642
1.1897402996647544	1.2515459750848232	1.4082387880451204
1.149913168886032	1.2833389801557538	1.4021332199105299
1.1091378375677763	1.3126494108468123	1.3907380777313103
1.0680100664578134	1.338957897976755	1.3742207185514232
1.0270849854048034	1.3617551094362308	1.3528632546044563
0.9868672838797745	1.3805592611714406	1.3270520522589577
0.9478049280911819	1.3949341103911697	1.2972640544064782
0.9102858978291769	1.4045118997619261	1.2640460160200258
0.8746375188836901	1.4090079056369642	1.227996088310766
0.8411284390767043	1.4082387880451204	1.1897402996647544
0.8099717658628472	1.4021332199105299	1.149913168886032
0.7813298994386799	1.3907380777313103	1.1091378375677763
0.7553201505817602	1.3742207185514232	1.0680100664578134
0.7320201207404018	1.3528632546044563	1.0270849854048034
0.7114746022013483	1.3270520522589577	0.9868672838797745
0.6937003578162382	1.2972640544064782	0.9478049280911819
0.6786925046029619	1.2640460160200258	0.9102858978291769
0.6664292691595737	1.227996088310766	0.8746375188836901
0.6568761498061351	1.1897402996647544	0.8411284390767043
0.6499908376296426	1.149913168886032	0.8099717658628472
0.6457255597174155	1.1091378375677763	0.7813298994386799
0.6440300663995379	1.0680100664578134	0.7553201505817602
0.644854611473352	1.0270849854048034	0.7320201207404018
0.6481504700929281	0.9868672838797745	0.7114746022013483
0.6538714161009005	0.9478049280911819	0.6937003578162382
0.6619749781875959	0.9102858978291769	0.6786925046029619
0.6724214170122164	0.8746375188836901	0.6664292691595737
0.6851739982120502	0.8411284390767043	0.6568761498061351
0.700198546514558	0.8099717658628472	0.6499908376296426
0.7174610577697742	0.7813298994386799	0.6457255597174155
0.7369268732499121	0.7553201505817602	0.6440300663995379
0.7585586934982643	0.7320201207404018	0.644854611473352
0.782312702889637	0.7114746022013483	0.6481504700929281
0.8081366585495277	0.6937003578162382	0.6538714161009005
0.835966418139941	0.6786925046029619	0.6619749781875959
0.8657203842825646	0.6664292691595737	0.6724214170122164
0.8972967727845023	0.6568761498061351	0.6851739982120502
0.9305686734795721	0.6499908376296426	0.700198546514558
0.9653774926471095	0.6457255597174155	0.7174610577697742
1.001529787535154	0.6440300663995379	0.7369268732499121
1.038791720322699	0.644854611473352	0.7585586934982643
1.0768837576676695	0.6481504700929281	0.782312702889637
1.1154783703462041	0.6538714161009005	0.8081366585495277
1.1541965197708448	0.6619749781875959	0.835966418139941
1.1926073434871918	0.6724214170122164	0.8657203842825646
1.2302306696050858	0.6851739982120502	0.8972967727845023
1.2665391651803128	0.700198546514558	0.9305686734795721
1.3009680375622996	0.7174610577697742	0.9653774926471095
1.3329266055915794	0.7369268732499121	1.001529787535154
1.361809477489789	0.7585586934982643	1.038791720322699
1.387019818919464	0.782312702889637	1.0768837576676695
1.4079874875152305	0.8081366585495277	1.1154783703462041
1.4241905540273643	0.835966418139941	1.1541965197708448
1.4351835422183148	0.8657203842825646	1.1926073434871918
1.4406143929085031	0.8972967727845023	1.2302306696050858
1.440247015332157	0.9305686734795721	1.2665391651803128
1.4339757389879182	0.9653774926471095	1.3009680375622996
1.4218326184271501	1.001529787535154	1.3329266055915794
1.4039910851875972	1.038791720322699	1.361809477489789
1.3807601039013693	1.0768837576676695	1.387019818919464
1.3525708644175183	1.1154783703462041	1.4079874875152305
1.3199610864165836	1.1541965197708448	1.4241905540273643
1.2835501035609298	1.1926073434871918	1.4351835422183148
1.2440157028305088	1.2302306696050858	1.4406143929085031
1.2020672602818279	1.2665391651803128	1.440247015332157
1.158421111410538	1.3009680375622996	1.4339757389879182
1.113778233701903	1.3329266055915794	1.4218326184271501
1.0688046239507578	1.361809477489789	1.4039910851875972
1.0241167829983755	1.387019818919464	1.3807601039013693
0.9802702796494674	1.4079874875152305	1.3525708644175183
0.9377533678847313	1.4241905540273643	1.3199610864165836
0.8969837895246072	1.4351835422183148	1.2835501035609298
0.8583088494010561	1.4406143929085031	1.2440157028305088
0.8220083554775174	1.440247015332157	1.2020672602818279
0.7882990487054979	1.4339757389879182	1.158421111410538
0.7573406127893375	1.4218326184271501	1.113778233701903
0.7292427159771839	1.4039910851875972	1.0688046239507578
0.7040715241737048	1.3807601039013693	1.0241167829983755
0.6818578021380601	1.3525708644175183	0.9802702796494674
0.6626026046093263	1.3199610864165836	0.9377533678847313
0.6462846851113127	1.2835501035609298	0.8969837895246072
0.6328657230990022	1.2440157028305088	0.8583088494010561
0.6222953433544048	1.2020672602818279	0.8220083554775174
0.6145164659400985	1.158421111410538	0.7882990487054979
0.6094677045542807	1.113778233701903	0.7573406127893375
0.6070872843100352	1.0688046239507578	0.7292427159771839
0.6073157186895858	1.0241167829983755	0.7040715241737048
0.6100965265021651	0.9802702796494674	0.6818578021380601
0.6153784900798394	0.9377533678847313	0.6626026046093263
0.6231161579531564	0.8969837895246072	0.6462846851113127
0.633269324946293	0.8583088494010561	0.6328657230990022
0.6458038495127189	0.8220083554775174	0.6222953433544048
0.6606902313806113	0.7882990487054979	0.6145164659400985
0.6779021573937395	0.7573406127893375	0.6094677045542807
0.6974158588874991	0.7292427159771839	0.6070872843100352
0.7192069238011737	0.7040715241737048	0.6073157186895858
0.7432478738321839	0.6818578021380601	0.6100965265021651
0.7695059187783606	0.6626026046093263	0.6153784900798394
0.797937920281659	0.6462846851113127	0.6231161579531564
0.8284867729643406	0.6328657230990022	0.633269324946293
0.8610774889392392	0.6222953433544048	0.6458038495127189
0.8956103740788197	0.6145164659400985	0.6606902313806113
0.9319560609877032	0.6094677045542807	0.6779021573937395
0.9699503788218543	0.6070872843100352	0.6974158588874991
1.009386633705871	0.6073157186895858	0.7192069238011737
1.0500102322151188	0.6100965265021651	0.7432478738321839
1.0915139391955697	0.6153784900798394	0.7695059187783606
1.1335318658272282	0.6231161579531564	0.797937920281659
1.1756375174581124	0.633269324946293	0.8284867729643406
1.2173425583094377	0.6458038495127189	0.8610774889392392
1.2580975977122055	0.6606902313806113	0.8956103740788197
1.2973005351308735	0.6779021573937395	0.9319560609877032
1.3343025007947076	0.6974158588874991	0.9699503788218543
1.3684236615111685	0.7192069238011737	1.009386633705871
1.3989737316272788	0.7432478738321839	1.0500102322151188
1.4252696005914274	0.7695059187783606	1.0915139391955697
1.4466677103323438	0.797937920281659	1.1335318658272282
1.462588477666263	0.8284867729643406	1.1756375174581124
1.4725445092290446	0.8610774889392392	1.2173425583094377
1.4761707139699425	0.8956103740788197	1.2580975977122055
1.4732419684838027	0.9319560609877032	1.2973005351308735
1.4636923299051061	0.9699503788218543	1.3343025007947076
1.4476216102566617	1.009386633705871	1.3684236615111685
1.4252935169859131	1.0500102322151188	1.3989737316272788
1.3971272416405371	1.0915139391955697	1.4252696005914274
1.3636776606325198	1.1335318658272282	1.4466677103323438
1.325611091814624	1.1756375174581124	1.462588477666263
1.283676339181751	1.2173425583094377	1.4725445092290446
1.2386722637816467	1.2580975977122055	1.4761707139699425
1.1914183323836125	1.2973005351308735	1.4732419684838027
1.1427241381539344	1.3343025007947076	1.4636923299051061
1.0933661959523469	1.3684236615111685	1.4476216102566617
1.0440665040391457	1.3989737316272788	1.4252935169859131
0.9954788570817844	1.4252696005914274	1.3971272416405371
0.9481786203259254	1.4466677103323438	1.3636776606325198
0.9026583320870548	1.462588477666263	1.325611091814624
0.8593271185444527	1.4725445092290446	1.283676339181751
0.8185132215869678	1.4761707139699425	1.2386722637816467
0.7804696782670064	1.4732419684838027	1.1914183323836125
0.7453810177766365	1.4636923299051061	1.1427241381539344
0.7133715716602926	1.4476216102566617	1.0933661959523469
0.6845141445166947	1.4252935169859131	1.0440665040391457
0.658838231775628	1.3971272416405371	0.9954788570817844
0.6363391142227998	1.3636776606325198	0.9481786203259254
0.6169844807154564	1.325611091814624	0.9026583320870548
0.6007226876933258	1.283676339181751	0.8593271185444527
0.5874878847790754	1.2386722637816467	0.8185132215869678
0.5772059402972265	1.1914183323836125	0.7804696782670064
0.5697994829015838	1.1427241381539344	0.7453810177766365
0.5651901306498026	1.0933661959523469	0.7133715716602926
0.563303106704144	1.0440665040391457	0.6845141445166947
0.5640689370076336	0.9954788570817844	0.658838231775628
0.5674245520735031	0.9481786203259254	0.6363391142227998
0.573315609771005	0.9026583320870548	0.6169844807154564
0.5816960085689571	0.8593271185444527	0.6007226876933258
0.5925281651298312	0.8185132215869678	0.5874878847790754
0.6057833648554101	0.7804696782670064	0.5772059402972265
0.6214397733242437	0.7453810177766365	0.5697994829015838
0.6394819250726176	0.7133715716602926	0.5651901306498026
0.6598990156707647	0.6845141445166947	0.563303106704144
0.6826817830976811	0.658838231775628	0.5640689370076336
0.7078208744566213	0.6363391142227998	0.5674245520735031
0.7353029882641083	0.6169844807154564	0.573315609771005
0.7651064048383748	0.6007226876933258	0.5816960085689571
0.7971978111001927	0.5874878847790754	0.5925281651298312
0.8315260692148406	0.5772059402972265	0.6057833648554101
0.8680159573265431	0.5697994829015838	0.6214397733242437
0.9065633517819955	0.5651901306498026	0.6394819250726176
0.9470267345150721	0.563303106704144	0.6598990156707647
0.989219441905237	0.5640689370076336	0.6826817830976811
1.03290392626957	0.5674245520735031	0.7078208744566213
1.077782576265256	0.573315609771005	0.7353029882641083
1.1234912827747863	0.5816960085689571	0.7651064048383748
1.1695953025006791	0.5925281651298312	0.7971978111001927
1.2155839288302352	0.6057833648554101	0.8315260692148406
1.2608725586450695	0.6214397733242437	0.8680159573265431
1.3048045827910775	0.6394819250726176	0.9065633517819955
1.346659325332861	0.6598990156707647	0.9470267345150721
1.3856696282069472	0.6826817830976811	0.989219441905237
1.4210358612857386	0.7078208744566213	1.03290392626957
1.4519569025389172	0.7353029882641083	1.077782576265256
1.4776588383746776	0.7651064048383748	1.1234912827747863
1.4974266836887813	0.7971978111001927	1.1695953025006791
1.5106461266665585	0.8315260692148406	1.2155839288302352
1.5168313297716067	0.8680159573265431	1.2608725586450695
1.5156599840315257	0.9065633517819955	1.3048045827910775
1.5069939070728695	0.9470267345150721	1.346659325332861
1.4908918309928907	0.989219441905237	1.3856696282069472
1.4676128977923306	1.03290392626957	1.4210358612857386
1.4376049095715486	1.077782576265256	1.4519569025389172
1.4014846066866968	1.1234912827747863	1.4776588383746776
1.3600079171941717	1.1695953025006791	1.4974266836887813
1.3140332878123728	1.2155839288302352	1.5106461266665585
1.2644842698290828	1.2608725586450695	1.5168313297716067
1.2123092034203753	1.3048045827910775	1.5156599840315257
1.1584469536353057	1.346659325332861	1.5069939070728695
1.1037947171845337	1.3856696282069472	1.4908918309928907
1.0491843352979138	1.4210358612857386	1.4676128977923306
0.9953637988867521	1.4519569025389172	1.4376049095715486
0.9429863030531332	1.4776588383746776	1.4014846066866968
0.892605101952391	1.4974266836887813	1.3600079171941717
0.8446732169382949	1.5106461266665585	1.3140332878123728
0.799548005399838	1.5168313297716067	1.2644842698290828
0.7574975271562914	1.5156599840315257	1.2123092034203753
0.7187105158275554	1.5069939070728695	1.1584469536353057
0.6833055204995442	1.4908918309928907	1.1037947171845337
0.6513427191433528	1.4676128977923306	1.0491843352979138
0.6228332010796259	1.4376049095715486	0.9953637988867521
0.597750056750092	1.4014846066866968	0.9429863030531332
0.5760367094861029	1.3600079171941717	0.892605101952391
0.5576155628170206	1.3140332878123728	0.8446732169382949
0.542395433553296	1.2644842698290828	0.799548005399838
0.5302768925350273	1.2123092034203753	0.7574975271562914
0.5211587508970404	1.1584469536353057	0.7187105158275554
0.5149410063952621	1.1037947171845337	0.6833055204995442
0.5115289517497719	1.0491843352979138	0.6513427191433528
0.5108360147628787	0.9953637988867521	0.6228332010796259
0.5127847370637348	0.9429863030531332	0.597750056750092
0.5173093046137311	0.892605101952391	0.5760367094861029
0.5243553746051852	0.8446732169382949	0.5576155628170206
0.5338805435066859	0.799548005399838	0.542395433553296
0.5458547728189309	0.7574975271562914	0.5302768925350273
0.5602587823526755	0.7187105158275554	0.5211587508970404
0.5770839372070893	0.6833055204995442	0.5149410063952621
0.5963304131084578	0.6513427191433528	0.5115289517497719
0.618005014980062	0.6228332010796259	0.5108360147628787
0.6421197595144544	0.597750056750092	0.5127847370637348
0.6686878982779183	0.5760367094861029	0.5173093046137311
0.6977209876405315	0.5576155628170206	0.5243553746051852
0.7292253966535882	0.542395433553296	0.5338805435066859
0.7631958182765777	0.5302768925350273	0.5458547728189309
0.7996110531510547	0.5211587508970404	0.5602587823526755
0.8384276949599083	0.5149410063952621	0.5770839372070893
0.8795706964594864	0.5115289517497719	0.5963304131084578
0.9229274710550156	0.5108360147628787	0.618005014980062
0.9683385060162203	0.5127847370637348	0.6421197595144544
1.0155858103389421	0.5173093046137311	0.6686878982779183
1.0643861867057038	0.5243553746051852	0.6977209876405315
1.1143803800598102	0.5338805435066859	0.7292253966535882
1.165124083110805	0.5458547728189309	0.7631958182765777
1.2160839930475615	0.5602587823526755	0.7996110531510547
1.2666313425442086	0.5770839372070893	0.8384276949599083
1.3160463729505043	0.5963304131084578	0.8795706964594864
1.3635233512578195	0.618005014980062	0.9229274710550156
1.4081820149320017	0.6421197595144544	0.9683385060162203
1.4490946623398853	0.6686878982779183	1.0155858103389421
1.4853076086975272	0.6977209876405315	1.0643861867057038
1.51588379289976	0.7292253966535882	1.1143803800598102
1.539942659432453	0.7631958182765777	1.165124083110805
1.5567035305733568	0.7996110531510547	1.2160839930475615
1.56553626961642	0.8384276949599083	1.2666313425442086
1.5659959030716937	0.8795706964594864	1.3160463729505043
1.5578602486222115	0.9229274710550156	1.3635233512578195
1.5411467208140255	0.9683385060162203	1.4081820149320017
1.516118650616286	1.0155858103389421	1.4490946623398853
1.4832762150296386	1.0643861867057038	1.4853076086975272
1.4433289941178418	1.1143803800598102	1.51588379289976
1.3971620178927882	1.165124083110805	1.539942659432453
1.3457869356032692	1.2160839930475615	1.5567035305733568
1.2902955727757777	1.2666313425442086	1.56553626961642
1.2318076781113652	1.3160463729505043	1.5659959030716937
1.171428106606198	1.3635233512578195	1.5578602486222115
1.110206083834461	1.4081820149320017	1.5411467208140255
1.049106596763609	1.4490946623398853	1.516118650616286
0.9889881135125049	1.4853076086975272	1.4832762150296386
0.9305905767804195	1.51588379289976	1.4433289941178418
0.8745304966779722	1.539942659432453	1.3971620178927882
0.8213022815895951	1.5567035305733568	1.3457869356032692
0.7712852128389519	1.56553626961642	1.2902955727757777
0.724752762902022	1.5659959030716937	1.2318076781113652
0.6818854352052321	1.5578602486222115	1.171428106606198
0.6427831154068322	1.5411467208140255	1.110206083834461
0.6074793401875004	1.516118650616286	1.049106596763609
0.5759531972916127	1.4832762150296386	0.9889881135125049
0.5481425386242781	1.4433289941178418	0.9305905767804195
0.5239535905124375	1.3971620178927882	0.8745304966779722
0.5032719233203544	1.3457869356032692	0.8213022815895951
0.48596945786084805	1.2902955727757777	0.7712852128389519
0.47191245723386743	1.2318076781113652	0.724752762902022
0.4609669591440042	1.171428106606198	0.6818854352052321
0.45300302580281604	1.110206083834461	0.6427831154068322
0.4478994504239573	1.049106596763609	0.6074793401875004
0.4455453631904797	0.9889881135125049	0.5759531972916127
0.4458434387373804	0.9305905767804195	0.5481425386242781
0.44871054536962296	0.8745304966779722	0.5239535905124375
0.45407879841714227	0.8213022815895951	0.5032719233203544
0.4618964029429314	0.7712852128389519	0.48596945786084805
0.4721267984024861	0.724752762902022	0.47191245723386743
0.4847492530008041	0.6818854352052321	0.4609669591440042
0.499757378923827	0.6427831154068322	0.45300302580281604
0.5171583481262054	0.6074793401875004	0.4478994504239573
0.5369718291420631	0.5759531972916127	0.4455453631904797
0.5592274392357366	0.5481425386242781	0.4458434387373804
0.5839634487062272	0.5239535905124375	0.44871054536962296
0.6112234286534994	0.5032719233203544	0.45407879841714227
0.641053008449205	0.48596945786084805	0.4618964029429314
0.6734967860739036	0.47191245723386743	0.4721267984024861
0.7085921262878849	0.4609669591440042	0.4847492530008041
0.746364547319004	0.45300302580281604	0.499757378923827
0.786821536617884	0.4478994504239573	0.5171583481262054
0.829942572737317	0.4455453631904797	0.5369718291420631
0.8756722853109408	0.4458434387373804	0.5592274392357366
0.9239100338429483	0.44871054536962296	0.5839634487062272
0.9744960704556802	0.45407879841714227	0.6112234286534994
1.027202490680239	0.4618964029429314	0.641053008449205
1.0817191383475255	0.4721267984024861	0.6734967860739036
1.1376394819436677	0.4847492530008041	0.7085921262878849
1.194452406314013	0.499757378923827	0.746364547319004
1.2515301006190789	0.5171583481262054	0.786821536617884
1.3081252196540416	0.5369718291420631	0.829942572737317
1.3633707226416534	0.5592274392357366	0.8756722853109408
1.4162871270603974	0.5839634487062272	0.9239100338429483
1.4658046853782276	0.6112234286534994	0.9744960704556802
1.5107847526121665	0.641053008449205	1.027202490680239
1.5500676725684845	0.6734967860739036	1.0817191383475255
1.5825162691648165	0.7085921262878849	1.1376394819436677
1.6070755506681256	0.746364547319004	1.194452406314013
1.6228360096005943	0.786821536617884	1.2515301006190789
1.6290884764783613	0.829942572737317	1.3081252196540416
1.625381443228961	0.8756722853109408	1.3633707226416534
1.6115537551276453	0.9239100338429483	1.4162871270603974
1.5877576589088895	0.9744960704556802	1.4658046853782276
1.5544544566662823	1.027202490680239	1.5107847526121665
1.5123914190994336	1.0817191383475255	1.5500676725684845
1.462559709397665	1.1376394819436677	1.5825162691648165
1.4061366343570616	1.194452406314013	1.6070755506681256
1.3444218539567898	1.2515301006190789	1.6228360096005943
1.278770498470511	1.3081252196540416	1.6290884764783613
1.2105310472424795	1.3633707226416534	1.625381443228961
1.1409922413512672	1.4162871270603974	1.6115537551276453
1.0713400618696394	1.4658046853782276	1.5877576589088895
1.002628772324757	1.5107847526121665	1.5544544566662823
0.935762655361556	1.5500676725684845	1.5123914190994336
0.8714893042975506	1.5825162691648165	1.462559709397665
0.8104017134274092	1.6070755506681256	1.4061366343570616
0.7529465752882035	1.6228360096005943	1.3444218539567898
0.6994379432561528	1.6290884764783613	1.278770498470511
0.6500729426884057	1.625381443228961	1.2105310472424795
0.6049492261648813	1.6115537551276453	1.1409922413512672
0.5640823169924827	1.5877576589088895	1.0713400618696394
0.52742209674727	1.5544544566662823	1.002628772324757
0.49486826512592963	1.5123914190994336	0.935762655361556
0.46628383601475715	1.462559709397665	0.8714893042975506
0.44150711720365904	1.4061366343570616	0.8104017134274092
0.4203620249111212	1.3444218539567898	0.7529465752882035
0.40266598975472345	1.278770498470511	0.6994379432561528
0.38823766039075636	1.2105310472424795	0.6500729426884057
0.37690141956956874	1.1409922413512672	0.6049492261648813
0.36849271087736063	1.0713400618696394	0.5640823169924827
0.36286018736748604	1.002628772324757	0.52742209674727
0.35986909380221593	0.935762655361556	0.49486826512592963
0.35940203259747555	0.8714893042975506	0.46628383601475715
0.3613605704085356	0.8104017134274092	0.44150711720365904
0.3656655627787625	0.7529465752882035	0.4203620249111212
0.3722571978010845	0.6994379432561528	0.40266598975472345
0.3810953164196178	0.6500729426884057	0.38823766039075636
0.39215833509951054	0.6049492261648813	0.37690141956956874
0.40544343444632225	0.5640823169924827	0.36849271087736063
0.4209650477571563	0.52742209674727	0.36286018736748604
0.43875433662460306	0.49486826512592963	0.35986909380221593
0.4588578586825713	0.46628383601475715	0.35940203259747555
0.48133585422182024	0.44150711720365904	0.3613605704085356
0.5062610626470784	0.4203620249111212	0.3656655627787625
0.5337157661660782	0.40266598975472345	0.3722571978010845
0.5637897074710341	0.38823766039075636	0.3810953164196178
0.5965768727857306	0.37690141956956874	0.39215833509951054
0.6321704285341145	0.36849271087736063	0.40544343444632225
0.6706590775747328	0.36286018736748604	0.4209650477571563
0.7121201059845946	0.35986909380221593	0.43875433662460306
0.7566110103518169	0.35940203259747555	0.4588578586825713
0.8041625735175065	0.3613605704085356	0.48133585422182024
0.8547658993809598	0.3656655627787625	0.5062610626470784
0.9083599441898158	0.3722571978010845	0.5337157661660782
0.9648192031535135	0.3810953164196178	0.5637897074710341
1.0239337682682879	0.39215833509951054	0.5965768727857306
1.0853945462681032	0.40544343444632225	0.6321704285341145
1.1487750257986356	0.4209650477571563	0.6706590775747328
1.2135112160334325	0.43875433662460306	0.7121201059845946
1.2788904372888765	0.4588578586825713	0.7566110103518169
1.3440367831672786	0.48133585422182024	0.8041625735175065
1.4079116252331114	0.5062610626470784	0.8547658993809598
1.4693178905515856	0.5337157661660782	0.9083599441898158
1.526921009169964	0.5637897074710341	0.9648192031535135
1.57928805088188	0.5965768727857306	1.0239337682682879
1.6249332645157648	0.6321704285341145	1.0853945462681032
1.6623973224595145	0.6706590775747328	1.1487750257986356
1.6903168628260121	0.7121201059845946	1.2135112160334325
1.7075225795274946	0.7566110103518169	1.2788904372888765
1.7131160767008484	0.8041625735175065	1.3440367831672786
1.706548912016015	0.8547658993809598	1.4079116252331114
1.6876709725981551	0.9083599441898158	1.4693178905515856
1.6567542723675028	0.9648192031535135	1.526921009169964
1.614483673482011	1.0239337682682879	1.57928805088188
1.5619133213777843	1.0853945462681032	1.6249332645157648
1.5004005820208104	1.1487750257986356	1.6623973224595145
1.4315178192540403	1.2135112160334325	1.6903168628260121
1.3569592300304114	1.2788904372888765	1.7075225795274946
1.2784488524818824	1.3440367831672786	1.7131160767008484
1.1976576813362458	1.4079116252331114	1.706548912016015
1.1161386900347405	1.4693178905515856	1.6876709725981551
1.0352778823289108	1.526921009169964	1.6567542723675028
0.9562652939455821	1.57928805088188	1.614483673482011
0.8800819792651217	1.6249332645157648	1.5619133213777843
0.8075008989696267	1.6623973224595145	1.5004005820208104
0.7390977707134663	1.6903168628260121	1.4315178192540403
0.6752696529144044	1.7075225795274946	1.3569592300304114
0.6162567932542791	1.7131160767008484	1.2784488524818824
0.5621667706151765	1.706548912016015	1.1976576813362458
0.5129986507110761	1.6876709725981551	1.1161386900347405
0.46866512743306726	1.6567542723675028	1.0352778823289108
0.4290140695308894	1.614483673482011	0.9562652939455821
0.39384570101250205	1.5619133213777843	0.8800819792651217
0.3629293985036343	1.5004005820208104	0.8075008989696267
0.3360157006334482	1.4315178192540403	0.7390977707134663
0.3128480541869954	1.3569592300304114	0.6752696529144044
0.29317057502800353	1.2784488524818824	0.6162567932542791
0.27673549930704583	1.1976576813362458	0.5621667706151765
0.2633075646332881	1.1161386900347405	0.5129986507110761
0.25266842635826026	1.0352778823289108	0.46866512743306726
0.24461861101823149	0.9562652939455821	0.4290140695308894
0.23897985852549725	0.8800819792651217	0.39384570101250205
0.23559549529137774	0.8075008989696267	0.3629293985036343
0.23433151035349367	0.7390977707134663	0.3360157006334482
0.23507598380292782	0.6752696529144044	0.3128480541869954
0.23773946688642544	0.6162567932542791	0.29317057502800353
0.24225392652658334	0.5621667706151765	0.27673549930704583
0.2485728029180133	0.5129986507110761	0.2633075646332881
0.2566698066009298	0.46866512743306726	0.25266842635826026
0.2665388113799755	0.4290140695308894	0.24461861101823149
0.27819277737527864	0.39384570101250205	0.23897985852549725
0.2916634502574207	0.3629293985036343	0.23559549529137774
0.3070006165012582	0.3360157006334482	0.23433151035349367
0.3242714753714934	0.3128480541869954	0.23507598380292782
0.3435602400538174	0.29317057502800353	0.23773946688642544
0.3649671444452667	0.27673549930704583	0.24225392652658334
0.3886080184603382	0.2633075646332881	0.2485728029180133
0.4146129750005928	0.25266842635826026	0.2566698066009298
0.4431252807461118	0.24461861101823149	0.2665388113799755
0.4742999177488675	0.23897985852549725	0.27819277737527864
0.5083005501805307	0.23559549529137774	0.2916634502574207
0.5452972655465241	0.23433151035349367	0.3070006165012582
0.5854625500917793	0.23507598380292782	0.3242714753714934
0.6289645919058805	0.23773946688642544	0.3435602400538174
0.6759620478319942	0.24225392652658334	0.3649671444452667
0.7265947132454106	0.2485728029180133	0.3886080184603382
0.7809701154169195	0.2566698066009298	0.4146129750005928
0.8391528534580378	0.2665388113799755	0.4431252807461118
0.9011448085189933	0.27819277737527864	0.4742999177488675
0.96686419366237	0.2916634502574207	0.5083005501805307
1.0361250637138055	0.3070006165012582	0.5452972655465241
1.1086049629795036	0.3242714753714934	0.5854625500917793
1.1838205642024855	0.3435602400538174	0.6289645919058805
1.2610962360667957	0.3649671444452667	0.6759620478319942
1.3395355860362395	0.3886080184603382	0.7265947132454106
1.4180025899240822	0.4146129750005928	0.7809701154169195
1.4951086374248959	0.4431252807461118	0.8391528534580378
1.5692221355295957	0.4742999177488675	0.9011448085189933
1.6384900450528523	0.5083005501805307	0.96686419366237
1.7009040638838075	0.5452972655465241	1.0361250637138055
1.7543731225723616	0.5854625500917793	1.1086049629795036
1.796850395716464	0.6289645919058805	1.1838205642024855
1.8264562424948538	0.6759620478319942	1.2610962360667957
1.8416328715903567	0.7265947132454106	1.3395355860362395
1.8412720416170048	0.7809701154169195	1.4180025899240822
1.824830566463046	0.8391528534580378	1.4951086374248959
1.7923905080832225	0.9011448085189933	1.5692221355295957
1.7446714309422724	0.96686419366237	1.6384900450528523
1.6829796251213343	1.0361250637138055	1.7009040638838075
1.60911077203377	1.1086049629795036	1.7543731225723616
1.5252117987617348	1.1838205642024855	1.796850395716464
1.4336308911816575	1.2610962360667957	1.8264562424948538
1.3367651355042836	1.3395355860362395	1.8416328715903567
1.2369284178342237	1.4180025899240822	1.8412720416170048
1.136247207728903	1.4951086374248959	1.824830566463046
1.03658764989154	1.5692221355295957	1.7923905080832225
0.9395153306766153	1.6384900450528523	1.7446714309422724
0.8462821669911529	1.7009040638838075	1.6829796251213343
0.757834840761052	1.7543731225723616	1.60911077203377
0.6748384904811324	1.796850395716464	1.5252117987617348
0.5977093705820584	1.8264562424948538	1.4336308911816575
0.5266519896263081	1.8416328715903567	1.3367651355042836
0.4616974151220675	1.8412720416170048	1.2369284178342237
0.40273867864953783	1.824830566463046	1.136247207728903
0.3495644422921331	1.7923905080832225	1.03658764989154
0.30188714555480645	1.7446714309422724	0.9395153306766153
0.25936767445478415	1.6829796251213343	0.8462821669911529
0.221635643862522	1.60911077203377	0.757834840761052
0.18830526747721893	1.5252117987617348	0.6748384904811324
0.15898862180149795	1.4336308911816575	0.5977093705820584
0.1333047637033845	1.3367651355042836	0.5266519896263081
0.1108873679094539	1.2369284178342237	0.4616974151220675
0.09138932962262054	1.136247207728903	0.40273867864953783
0.07448620198417934	1.03658764989154	0.3495644422921331
0.05987807800318971	0.9395153306766153	0.30188714555480645
0.04729017558367108	0.8462821669911529	0.25936767445478415
0.03647311645550484	0.757834840761052	0.221635643862522
0.027201911360341818	0.6748384904811324	0.18830526747721893
0.019275192827943953	0.5977093705820584	0.15898862180149795
0.01251361070838697	0.5266519896263081	0.1333047637033845
0.006758353162245617	0.4616974151220675	0.1108873679094539
0.0018695291078910663	0.40273867864953783	0.09138932962262054
-0.002275662630801365	0.3495644422921331	0.07448620198417934
-0.005784392747670126	0.30188714555480645	0.05987807800318971
-0.008750026852918251	0.25936767445478415	0.04729017558367108
-0.011253441014265323	0.221635643862522	0.03647311645550484
-0.013364598934258893	0.18830526747721893	0.027201911360341818
-0.01514375796085569	0.15898862180149795	0.019275192827943953
-0.016642709677601234	0.1333047637033845	0.01251361070838697
-0.017905862359829803	0.1108873679094539	0.006758353162245617
-0.018971176278836155	0.09138932962262054	0.0018695291078910663
-0.019871090081490357	0.07448620198417934	-0.002275662630801365
-0.02063321796123368	0.05987807800318971	-0.005784392747670126
-0.021281104216460452	0.04729017558367108	-0.008750026852918251
-0.021834747723883833	0.03647311645550484	-0.011253441014265323
-0.022311184290721618	0.027201911360341818	-0.013364598934258893
-0.022724899050206044	0.019275192827943953	-0.01514375796085569
-0.023088238524991464	0.01251361070838697	-0.016642709677601234
-0.023411768552822714	0.006758353162245617	-0.017905862359829803
-0.023704520547355	0.0018695291078910663	-0.018971176278836155
-0.02397432941247255	-0.002275662630801365	-0.019871090081490357
-0.024227954760864527	-0.005784392747670126	-0.02063321796123368
-0.024471370828030085	-0.008750026852918251	-0.021281104216460452
-0.02470986269189176	-0.011253441014265323	-0.021834747723883833
-0.024948191533509797	-0.013364598934258893	-0.022311184290721618
-0.025190754435356573	-0.01514375796085569	-0.022724899050206044
-0.025441625337708496	-0.016642709677601234	-0.023088238524991464
-0.025704721375207556	-0.017905862359829803	-0.023411768552822714
-0.0259838698284379	-0.018971176278836155	-0.023704520547355
-0.02628285232401187	-0.019871090081490357	-0.02397432941247255
-0.026605543407850346	-0.02063321796123368	-0.024227954760864527
-0.026955949298551874	-0.021281104216460452	-0.024471370828030085
-0.027338249107498488	-0.021834747723883833	-0.02470986269189176
-0.02775692194800967	-0.022311184290721618	-0.024948191533509797
-0.028216787310105455	-0.022724899050206044	-0.025190754435356573
-0.028723043074242015	-0.023088238524991464	-0.025441625337708496
-0.02928139129488133	-0.023411768552822714	-0.025704721375207556
-0.02989810541322767	-0.023704520547355	-0.0259838698284379
-0.03058007912182455	-0.02397432941247255	-0.02628285232401187
-0.031334929906792736	-0.024227954760864527	-0.026605543407850346
-0.03217114482320562	-0.024471370828030085	-0.026955949298551874
-0.03309812929263808	-0.02470986269189176	-0.027338249107498488
-0.03412631918208498	-0.024948191533509797	-0.02775692194800967
-0.03526737591212305	-0.025190754435356573	-0.028216787310105455
-0.03653430246679815	-0.025441625337708496	-0.028723043074242015
-0.0379415681137722	-0.025704721375207556	-0.02928139129488133
-0.03950531497169105	-0.0259838698284379	-0.02989810541322767
-0.04124363007389061	-0.02628285232401187	-0.03058007912182455
-0.04317666201294652	-0.026605543407850346	-0.031334929906792736
-0.0453268940215012	-0.026955949298551874	-0.03217114482320562
-0.047719527329920665	-0.027338249107498488	-0.03309812929263808
-0.05038270568164187	-0.02775692194800967	-0.03412631918208498
-0.0533478386324166	-0.028216787310105455	-0.03526737591212305
-0.056650101916957525	-0.028723043074242015	-0.03653430246679815
-0.06032886636446375	-0.02928139129488133	-0.0379415681137722
-0.06442807730058132	-0.02989810541322767	-0.03950531497169105
-0.06899692468165011	-0.03058007912182455	-0.04124363007389061
-0.07409051847817877	-0.031334929906792736	-0.04317666201294652
-0.07977038930145733	-0.03217114482320562	-0.0453268940215012
-0.08610540645483757	-0.03309812929263808	-0.047719527329920665
-0.09317272276015325	-0.03412631918208498	-0.05038270568164187
-0.10105849165670398	-0.03526737591212305	-0.0533478386324166
-0.10985914888665872	-0.03653430246679815	-0.056650101916957525
-0.11968262797296456	-0.0379415681137722	-0.06032886636446375
-0.13064942865381626	-0.03950531497169105	-0.06442807730058132
-0.14289439458387154	-0.04124363007389061	-0.06899692468165011
-0.15656813987491025	-0.04317666201294652	-0.07409051847817877
-0.17183870503214863	-0.0453268940215012	-0.07977038930145733
-0.1888937952799652	-0.047719527329920665	-0.08610540645483757
-0.2079424171133227	-0.05038270568164187	-0.09317272276015325
-0.22921726676824897	-0.0533478386324166	-0.10105849165670398
-0.2529770262835848	-0.056650101916957525	-0.10985914888665872
-0.27950835316503875	-0.06032886636446375	-0.11968262797296456
-0.30912845299935676	-0.06442807730058132	-0.13064942865381626
-0.3421867040576473	-0.06899692468165011	-0.14289439458387154
-0.37906654082012287	-0.07409051847817877	-0.15656813987491025
-0.4201860224479114	-0.07977038930145733	-0.17183870503214863
-0.4659978751274646	-0.08610540645483757	-0.1888937952799652
-0.5169869520472006	-0.09317272276015325	-0.2079424171133227
-0.573666323606572	-0.10105849165670398	-0.22921726676824897
-0.63656812289604	-0.10985914888665872	-0.2529770262835848
-0.7062311416621517	-0.11968262797296456	-0.27950835316503875
-0.783179298607905	-0.13064942865381626	-0.30912845299935676
-0.8678930589984953	-0.14289439458387154	-0.3421867040576473
-0.9607659515296663	-0.15656813987491025	-0.37906654082012287
-1.062049317633346	-0.17183870503214863	-0.4201860224479114
-1.1717738469387018	-0.1888937952799652	-0.4659978751274646
-1.2896573926087245	-0.2079424171133227	-0.5169869520472006
-1.4149826603528408	-0.22921726676824897	-0.573666323606572
-1.5464692198910774	-0.2529770262835848	-0.63656812289604
-1.6821257044589877	-0.27950835316503875	-0.7062311416621517
-1.8191253156405152	-0.30912845299935676	-0.783179298607905
-1.9537166686866967	-0.3421867040576473	-0.8678930589984953
-2.081217138579509	-0.37906654082012287	-0.9607659515296663
-2.196144695612642	-0.4201860224479114	-1.062049317633346
-2.2925025733237425	-0.4659978751274646	-1.1717738469387018
-2.3642565824065787	-0.5169869520472006	-1.2896573926087245
-2.405958524057133	-0.573666323606572	-1.4149826603528408
-2.413419889189473	-0.63656812289604	-1.5464692198910774
-2.384320861269599	-0.7062311416621517	-1.6821257044589877
-2.318594472384184	-0.783179298607905	-1.8191253156405152
-2.2184882139734263	-0.8678930589984953	-1.9537166686866967
-2.088285210337639	-0.9607659515296663	-2.081217138579509
-1.9337517555499657	-1.062049317633346	-2.196144695612642
-1.7614445977551583	-1.1717738469387018	-2.2925025733237425
-1.5780258915950307	-1.2896573926087245	-2.3642565824065787
-1.3897000086076388	-1.4149826603528408	-2.405958524057133
-1.2018314904579765	-1.5464692198910774	-2.413419889189473
-1.0187498913507398	-1.6821257044589877	-2.384320861269599
-0.8437107401884603	-1.8191253156405152	-2.318594472384184
-0.6789661102718464	-1.9537166686866967	-2.2184882139734263
-0.5258979321887972	-2.081217138579509	-2.088285210337639
-0.3851764712923286	-2.196144695612642	-1.9337517555499657
-0.2569194183532626	-2.2925025733237425	-1.7614445977551583
-0.14083568228339588	-2.3642565824065787	-1.5780258915950307
-0.036347086945869106	-2.405958524057133	-1.3897000086076388
0.05731320452438436	-2.413419889189473	-1.2018314904579765
0.14102357278280586	-2.384320861269599	-1.0187498913507398
0.21571625455692636	-2.318594472384184	-0.8437107401884603
0.28233530972317955	-2.2184882139734263	-0.6789661102718464
0.34180652936518074	-2.088285210337639	-0.5258979321887972
0.39501702553270535	-1.9337517555499657	-0.3851764712923286
0.44280257374639415	-1.7614445977551583	-0.2569194183532626
0.48593922242340293	-1.5780258915950307	-0.14083568228339588
0.525140037946856	-1.3897000086076388	-0.036347086945869106
0.5610536056615366	-1.2018314904579765	0.05731320452438436
0.5942648112184772	-1.0187498913507398	0.14102357278280586
0.6252971538927014	-0.8437107401884603	0.21571625455692636
0.6546149148917517	-0.6789661102718464	0.28233530972317955
0.6826270324441519	-0.5258979321887972	0.34180652936518074
0.709689498348626	-0.3851764712923286	0.39501702553270535
0.736109439822289	-0.2569194183532626	0.44280257374639415
0.7621471620910389	-0.14083568228339588	0.48593922242340293
0.7880196946992887	-0.036347086945869106	0.525140037946856
0.8139022846249839	0.05731320452438436	0.5610536056615366
0.8399309638389058	0.14102357278280586	0.5942648112184772
0.8662036575830743	0.21571625455692636	0.6252971538927014
0.892781444402872	0.28233530972317955	0.6546149148917517
0.9196896937393519	0.34180652936518074	0.6826270324441519
0.9469180327645371	0.39501702553270535	0.709689498348626
0.9744216497971225	0.44280257374639415	0.736109439822289
1.0021208929924685	0.48593922242340293	0.7621471620910389
1.0299023003518697	0.525140037946856	0.7880196946992887
1.057619401275187	0.5610536056615366	0.8139022846249839
1.085093227779646	0.5942648112184772	0.8399309638389058
1.1121151879797107	0.6252971538927014	0.8662036575830743
1.1384485142935303	0.6546149148917517	0.892781444402872
1.1638322998436832	0.6826270324441519	0.9196896937393519
1.1879863685701804	0.709689498348626	0.9469180327645371
1.2106154673651557	0.736109439822289	0.9744216497971225
1.231418019945869	0.7621471620910389	1.0021208929924685
1.2500925336246103	0.7880196946992887	1.0299023003518697
1.2663460723383704	0.8139022846249839	1.057619401275187
1.2799054558602132	0.8399309638389058	1.085093227779646
1.2905243090821386	0.8662036575830743	1.1121151879797107
1.2979942977994152	0.892781444402872	1.1384485142935303
1.3021533853816698	0.9196896937393519	1.1638322998436832
1.3028922610899778	0.9469180327645371	1.1879863685701804
1.3001617171011925	0.9744216497971225	1.2106154673651557
1.2939752632623451	1.0021208929924685	1.231418019945869
1.2844103946385266	1.0299023003518697	1.2500925336246103
1.2716081291294319	1.057619401275187	1.2663460723383704
1.2557689807788313	1.085093227779646	1.2799054558602132
1.2371465207298717	1.1121151879797107	1.2905243090821386
1.2160409612781258	1.1384485142935303	1.2979942977994152
1.1927888761066314	1.1638322998436832	1.3021533853816698
1.1677535587406858	1.1879863685701804	1.3028922610899778
1.1413153343612552	1.2106154673651557	1.3001617171011925
1.113860199184783	1.231418019945869	1.2939752632623451
1.0857719053748367	1.2500925336246103	1.2844103946385266
1.0574224999863826	1.2663460723383704	1.2716081291294319
1.0291657666168539	1.2799054558602132	1.2557689807788313
1.00133159226454	1.2905243090821386	1.2371465207298717
0.9742215414929893	1.2979942977994152	1.2160409612781258
0.9481065383560586	1.3021533853816698	1.1927888761066314
0.9232251285797521	1.3028922610899778	1.1677535587406858
0.8997835610465355	1.3001617171011925	1.1413153343612552
0.8779561646610032	1.2939752632623451	1.113860199184783
0.8578873398767168	1.2844103946385266	1.0857719053748367
0.839693273311328	1.2716081291294319	1.0574224999863826
0.8234644295642876	1.2557689807788313	1.0291657666168539
0.8092687504714837	1.2371465207298717	1.00133159226454
0.7971537187522333	1.2160409612781258	0.9742215414929893
0.7871496213756984	1.1927888761066314	0.9481065383560586
0.7792722722498103	1.1677535587406858	0.9232251285797521
0.7735247621965569	1.1413153343612552	0.8997835610465355
0.7699003509445562	1.113860199184783	0.8779561646610032
0.7683842770029858	1.0857719053748367	0.8578873398767168
0.7689543600680095	1.0574224999863826	0.839693273311328
0.7715833374237382	1.0291657666168539	0.8234644295642876
0.7762394298589232	1.00133159226454	0.8092687504714837
0.7828861876413555	0.9742215414929893	0.7971537187522333
0.7914831189910251	0.9481065383560586	0.7871496213756984
0.801986037046462	0.9232251285797521	0.7792722722498103
0.8143454168831141	0.8997835610465355	0.7735247621965569
0.8285060297275664	0.8779561646610032	0.7699003509445562
0.8444065443994413	0.8578873398767168	0.7683842770029858
0.8619769269295983	0.839693273311328	0.7689543600680095
0.8811371251099097	0.8234644295642876	0.7715833374237382
0.901795854243625	0.8092687504714837	0.7762394298589232
0.9238478934617532	0.7971537187522333	0.7828861876413555
0.947171585711217	0.7871496213756984	0.7914831189910251
0.9716275640265539	0.7792722722498103	0.801986037046462
0.9970562312442746	0.7735247621965569	0.8143454168831141
1.0232752823551914	0.7699003509445562	0.8285060297275664
1.0500790155421698	0.7683842770029858	0.8444065443994413
1.0772364756432318	0.7689543600680095	0.8619769269295983
1.104491377203336	0.7715833374237382	0.8811371251099097
1.1315628225936916	0.7762394298589232	0.901795854243625
1.1581459116618154	0.7828861876413555	0.9238478934617532
1.183914912512126	0.7914831189910251	0.947171585711217
1.2085284686134103	0.801986037046462	0.9716275640265539
1.231633076291402	0.8143454168831141	0.9970562312442746
1.2528707857309789	0.8285060297275664	1.0232752823551914
1.2718895564786157	0.8444065443994413	1.0500790155421698
1.2883494792567056	0.8619769269295983	1.0772364756432318
1.3019346378307288	0.8811371251099097	1.104491377203336
1.3123651972151806	0.901795854243625	1.1315628225936916
1.3194046575802638	0.9238478934617532	1.1581459116618154
1.3228716480456908	0.947171585711217	1.183914912512126
1.3226481488744812	0.9716275640265539	1.2085284686134103
1.3186839403848705	0.9970562312442746	1.231633076291402
1.3110015431639404	1.0232752823551914	1.2528707857309789
1.2996970374730077	1.0500790155421698	1.2718895564786157
1.2849372009514657	1.0772364756432318	1.2883494792567056
1.2669547047981822	1.104491377203336	1.3019346378307288
1.2460417399762667	1.1315628225936916	1.3123651972151806
1.2225388793803798	1.1581459116618154	1.3194046575802638
1.1968253042604677	1.183914912512126	1.3228716480456908
1.1693070926447422	1.2085284686134103	1.3226481488744812
1.1404041086695127	1.231633076291402	1.3186839403848705
1.1105404390192732	1.2528707857309789	1.3110015431639404
1.0801324309484732	1.2718895564786157	1.2996970374730077
1.0495804619377689	1.2883494792567056	1.2849372009514657
1.0192613669493282	1.3019346378307288	1.2669547047981822
0.9895224064469155	1.3123651972151806	1.2460417399762667
0.9606778122971751	1.3194046575802638	1.2225388793803798
0.933005967399382	1.3228716480456908	1.1968253042604677
0.9067489082655463	1.3226481488744812	1.1693070926447422
0.8821122840327299	1.3186839403848705	1.1404041086695127
0.859267266664207	1.3110015431639404	1.1105404390192732
0.8383522441502048	1.2996970374730077	1.0801324309484732
0.8194757218108303	1.2849372009514657	1.0495804619377689
0.8027196783611367	1.2669547047981822	1.0192613669493282
0.788142126232041	1.2460417399762667	0.9895224064469155
0.7757811051626583	1.2225388793803798	0.9606778122971751
0.7656574247457107	1.1968253042604677	0.933005967399382
0.7577773817827417	1.1693070926447422	0.9067489082655463
0.7521361218761163	1.1404041086695127	0.8821122840327299
0.7487194140275899	1.1105404390192732	0.859267266664207
0.7475054142380495	1.0801324309484732	0.8383522441502048
0.748467274444566	1.0495804619377689	0.8194757218108303
0.7515736301733874	1.0192613669493282	0.8027196783611367
0.7567889013307408	0.9895224064469155	0.788142126232041
0.7640750560099844	0.9606778122971751	0.7757811051626583
0.7733910683676269	0.933005967399382	0.7656574247457107
0.7846921213452468	0.9067489082655463	0.7577773817827417
0.7979297398440427	0.8821122840327299	0.7521361218761163
0.8130508213208613	0.859267266664207	0.7487194140275899
0.8299952966111249	0.8383522441502048	0.7475054142380495
0.8486953880659532	0.8194757218108303	0.748467274444566
0.8690740543606519	0.8027196783611367	0.7515736301733874
0.8910414444303824	0.788142126232041	0.7567889013307408
0.9144934614113892	0.7757811051626583	0.7640750560099844
0.9393095324428227	0.7656574247457107	0.7733910683676269
0.9653490393299754	0.7577773817827417	0.7846921213452468
0.9924491363189031	0.7521361218761163	0.7979297398440427
1.020422893135305	0.7487194140275899	0.8130508213208613
1.049056506925428	0.7475054142380495	0.8299952966111249
1.0781079626016346	0.748467274444566	0.8486953880659532
1.1073067172791098	0.7515736301733874	0.8690740543606519
1.136352506377655	0.7567889013307408	0.8910414444303824
1.164918405028095	0.7640750560099844	0.9144934614113892
1.1926527486707919	0.7733910683676269	0.9393095324428227
1.2191820422062998	0.7846921213452468	0.9653490393299754
1.244119743288284	0.7979297398440427	0.9924491363189031
1.2670725535603105	0.8130508213208613	1.020422893135305
1.2876481018318304	0.8299952966111249	1.049056506925428
1.3054693839441451	0.8486953880659532	1.0781079626016346
1.3201842602813256	0.8690740543606519	1.1073067172791098
1.331476642109233	0.8910414444303824	1.136352506377655
1.3390821411849803	0.9144934614113892	1.164918405028095
1.3427963577067594	0.9393095324428227	1.1926527486707919
1.3424846986954202	0.9653490393299754	1.2191820422062998
1.3380914023624748	0.9924491363189031	1.244119743288284
1.3296419150881864	1.020422893135305	1.2670725535603105
1.3172441020429346	1.049056506925428	1.2876481018318304
1.3010866676491808	1.0781079626016346	1.3054693839441451
1.2814324870328841	1.1073067172791098	1.3201842602813256
1.2586091827713832	1.136352506377655	1.331476642109233
1.2329997405463162	1.164918405028095	1.3390821411849803
1.205027771860231	1.1926527486707919	1.3427963577067594
1.175144950333796	1.2191820422062998	1.3424846986954202
1.1438173965915115	1.244119743288284	1.3380914023624748
1.1115115914843208	1.2670725535603105	1.3296419150881864
1.078684247169522	1.2876481018318304	1.3172441020429346
1.0457707735020891	1.3054693839441451	1.3010866676491808
1.0131782284079487	1.3201842602813256	1.2814324870328841
0.9812787575165995	1.331476642109233	1.2586091827713832
0.9504057794690127	1.3390821411849803	1.2329997405463162
0.9208518230898056	1.3427963577067594	1.205027771860231
0.8928680870568353	1.3424846986954202	1.175144950333796
0.8666653615812315	1.3380914023624748	1.1438173965915115
0.8424158031106909	1.3296419150881864	1.1115115914843208
0.8202562910709976	1.3172441020429346	1.078684247169522
0.8002910384447737	1.3010866676491808	1.0457707735020891
0.7825960325743553	1.2814324870328841	1.0131782284079487
0.7672224069371749	1.2586091827713832	0.9812787575165995
0.7542000398574688	1.2329997405463162	0.9504057794690127
0.7435419027091789	1.205027771860231	0.9208518230898056
0.735246419455838	1.175144950333796	0.8928680870568353
0.7293009405614898	1.1438173965915115	0.8666653615812315
0.7256847678510293	1.1115115914843208	0.8424158031106909
0.7243703441964099	1.078684247169522	0.8202562910709976
0.7253255245841144	1.0457707735020891	0.8002910384447737
0.7285154832780413	1.0131782284079487	0.7825960325743553
0.7339026650367362	0.9812787575165995	0.7672224069371749
0.7414473893725071	0.9504057794690127	0.7542000398574688
0.7511089808193558	0.9208518230898056	0.7435419027091789
0.7628442150968789	0.8928680870568353	0.735246419455838
0.7766068584591224	0.8666653615812315	0.7293009405614898
0.7923475080793703	0.8424158031106909	0.7256847678510293
0.8100110018342117	0.8202562910709976	0.7243703441964099
0.8295347941825392	0.8002910384447737	0.7253255245841144
0.8508476703990496	0.7825960325743553	0.7285154832780413
0.8738665368951898	0.7672224069371749	0.7339026650367362
0.8984933698833351	0.7542000398574688	0.7414473893725071
0.9246133592736415	0.7435419027091789	0.7511089808193558
0.9520914235031896	0.735246419455838	0.7628442150968789
0.9807682301347043	0.7293009405614898	0.7766068584591224
1.0104586493030743	0.7256847678510293	0.7923475080793703
1.0409482650987532	0.7243703441964099	0.8100110018342117
1.0719909378192782	0.7253255245841144	0.8295347941825392
1.1033080919165796	0.7285154832780413	0.8508476703990496
1.134587179905901	0.7339026650367362	0.8738665368951898
1.1654830658330018	0.7414473893725071	0.8984933698833351
1.195620838820141	0.7511089808193558	0.9246133592736415
1.2245981580140306	0.7628442150968789	0.9520914235031896
1.2519925359071973	0.7766068584591224	0.9807682301347043
1.2773705986631425	0.7923475080793703	1.0104586493030743
1.3002950430630429	0.8100110018342117	1.0409482650987532
1.3203393800540397	0.8295347941825392	1.0719909378192782
1.3371015002611608	0.8508476703990496	1.1033080919165796
1.3502148210868496	0.8738665368951898	1.134587179905901
1.3593664570092026	0.8984933698833351	1.1654830658330018
1.3643088701758959	0.9246133592736415	1.195620838820141
1.36487067780059	0.9520914235031896	1.2245981580140306
1.3609683971865423	0.9807682301347043	1.2519925359071973
1.3526103530835374	1.0104586493030743	1.2773705986631425
1.3398986794020682	1.0409482650987532	1.3002950430630429
1.3230281850551864	1.0719909378192782	1.3203393800540397
1.3022794225520389	1.1033080919165796	1.3371015002611608
1.2780080529636912	1.134587179905901	1.3502148210868496
1.2506340398613676	1.1654830658330018	1.3593664570092026
1.2206247818549651	1.195620838820141	1.3643088701758959
1.188480486392086	1.2245981580140306	1.36487067780059
1.1547180577639757	1.2519925359071973	1.3609683971865423
1.119855058184167	1.2773705986631425	1.3526103530835374
1.0843975221511462	1.3002950430630429	1.3398986794020682
1.0488267716772783	1.3203393800540397	1.3230281850551864
1.0135913818465836	1.3371015002611608	1.3022794225520389
0.9790995274636228	1.3502148210868496	1.2780080529636912
0.9457150192147695	1.3593664570092026	1.2506340398613676
0.9137547460104302	1.3643088701758959	1.2206247818549651
0.8834887131556615	1.36487067780059	1.188480486392086
0.8551409662928473	1.3609683971865423	1.1547180577639757
0.8288924530299893	1.3526103530835374	1.119855058184167
0.8048843707601312	1.3398986794020682	1.0843975221511462
0.783221894281776	1.3230281850551864	1.0488267716772783
0.7639793202014078	1.3022794225520389	1.0135913818465836
0.7472035753348817	1.2780080529636912	0.9790995274636228
0.732919264168652	1.2506340398613676	0.9457150192147695
0.7211327722256579	1.2206247818549651	0.9137547460104302
0.7118354877055414	1.188480486392086	0.8834887131556615
0.705008113223926	1.1547180577639757	0.8551409662928473
0.7006230813019494	1.119855058184167	0.8288924530299893
0.6986467025800885	1.0843975221511462	0.8048843707601312
0.6990423266867288	1.0488267716772783	0.783221894281776
0.701771053960113	1.0135913818465836	0.7639793202014078
0.7067922929608914	0.9790995274636228	0.7472035753348817
0.7140658846487941	0.9457150192147695	0.732919264168652
0.7235512772313781	0.9137547460104302	0.7211327722256579
0.7352070444025072	0.8834887131556615	0.7118354877055414
0.7489912485172683	0.8551409662928473	0.705008113223926
0.7648595944152159	0.8288924530299893	0.7006230813019494
0.7827636645953584	0.8048843707601312	0.6986467025800885
0.8026500376998639	0.783221894281776	0.6990423266867288
0.824457531266967	0.7639793202014078	0.701771053960113
0.8481139031819508	0.7472035753348817	0.7067922929608914
0.8735340387489463	0.732919264168652	0.7140658846487941
0.9006164521529562	0.7211327722256579	0.7235512772313781
0.9292385649140473	0.7118354877055414	0.7352070444025072
0.9592546806942364	0.705008113223926	0.7489912485172683
0.9904918450850376	0.7006230813019494	0.7648595944152159
1.0227453795838395	0.6986467025800885	0.7827636645953584
1.0557770599626353	0.6990423266867288	0.8026500376998639
1.0893117563788894	0.701771053960113	0.824457531266967
1.1230357879960096	0.7067922929608914	0.8481139031819508
1.156597200632822	0.7140658846487941	0.8735340387489463
1.1896057908101358	0.7235512772313781	0.9006164521529562
1.221636671992445	0.7352070444025072	0.9292385649140473
1.2522369587236497	0.7489912485172683	0.9592546806942364
1.2809306922171362	0.7648595944152159	0.9904918450850376
1.3072310221671795	0.7827636645953584	1.0227453795838395
1.3306540207572506	0.8026500376998639	1.0557770599626353
1.350729548485968	0.824457531266967	1.0893117563788894
1.3670216054334974	0.8481139031819508	1.1230357879960096
1.3791437994190232	0.8735340387489463	1.156597200632822
1.3867740912684754	0.9006164521529562	1.1896057908101358
1.3896737943834714	0.9292385649140473	1.221636671992445
1.3876972051529965	0.9592546806942364	1.2522369587236497
1.3808012501843512	0.9904918450850376	1.2809306922171362
1.369051305980669	1.0227453795838395	1.3072310221671795
1.3526195338472282	1.0557770599626353	1.3306540207572506
1.3317795428965087	1.0893117563788894	1.350729548485968
1.3068979395559082	1.1230357879960096	1.3670216054334974
1.2784186018586463	1.156597200632822	1.3791437994190232
1.2468473298068243	1.1896057908101358	1.3867740912684754
1.2127332311044219	1.221636671992445	1.3896737943834714
1.1766489311564032	1.2522369587236497	1.3876972051529965
1.1391741146145462	1.2809306922171362	1.3808012501843512
1.1008769494842519	1.3072310221671795	1.369051305980669
1.0623015847435018	1.3306540207572506	1.3526195338472282
1.0239553398460217	1.350729548485968	1.3317795428965087
0.9863009549768094	1.3670216054334974	1.3068979395559082
0.9497504513623438	1.3791437994190232	1.2784186018586463
0.9146625017152104	1.3867740912684754	1.2468473298068243
0.8813414923564259	1.3896737943834714	1.2127332311044219
0.8500393274612	1.3876972051529965	1.1766489311564032
0.8209578283622184	1.3808012501843512	1.1391741146145462
0.7942531228185307	1.369051305980669	1.1008769494842519
0.7700403020907644	1.3526195338472282	1.0623015847435018
0.748398186521436	1.3317795428965087	1.0239553398460217
0.7293754323785313	1.3068979395559082	0.9863009549768094
0.7129946503097883	1.2784186018586463	0.9497504513623438
0.6992580651140302	1.2468473298068243	0.9146625017152104
0.688151903613652	1.2127332311044219	0.8813414923564259
0.6796498584142442	1.1766489311564032	0.8500393274612
0.6737176075512411	1.1391741146145462	0.8209578283622184
0.6703151730619356	1.1008769494842519	0.7942531228185307
0.6693989209660285	1.0623015847435018	0.7700403020907644
0.6709248381645058	1.0239553398460217	0.748398186521436
0.6748488883433038	0.9863009549768094	0.7293754323785313
0.6811277361690707	0.9497504513623438	0.7129946503097883
0.6897204161143784	0.9146625017152104	0.6992580651140302
0.7005871352137313	0.8813414923564259	0.688151903613652
0.7136889076322073	0.8500393274612	0.6796498584142442
0.728987638597622	0.8209578283622184	0.6737176075512411
0.7464435424209579	0.7942531228185307	0.6703151730619356
0.7660137136353261	0.7700403020907644	0.6693989209660285
0.7876507623475304	0.748398186521436	0.6709248381645058
0.8112989250393841	0.7293754323785313	0.6748488883433038
0.8368914276231102	0.7129946503097883	0.6811277361690707
0.8643478716871655	0.6992580651140302	0.6897204161143784
0.8935692476202411	0.688151903613652	0.7005871352137313
0.9244339848458326	0.6796498584142442	0.7136889076322073
0.9567946958660754	0.6737176075512411	0.728987638597622
0.990472772241902	0.6703151730619356	0.7464435424209579
1.0252538657290184	0.6693989209660285	0.7660137136353261
1.0608853164133745	0.6709248381645058	0.7876507623475304
1.0970715237566424	0.6748488883433038	0.8112989250393841
1.1334722784769962	0.6811277361690707	0.8368914276231102
1.1697025098416947	0.6897204161143784	0.8643478716871655
1.2053312824345845	0.7005871352137313	0.8935692476202411
1.239887999048676	0.7136889076322073	0.9244339848458326
1.2728668009195034	0.728987638597622	0.9567946958660754
1.303733765533836	0.7464435424209579	0.990472772241902
1.3319435120434322	0.7660137136353261	1.0252538657290184
1.3569503362641002	0.7876507623475304	1.0608853164133745
1.3782256884116904	0.8112989250393841	1.0970715237566424
1.3952817911503932	0.8368914276231102	1.1334722784769962
1.4076864299774197	0.8643478716871655	1.1697025098416947
1.4150863594388847	0.8935692476202411	1.2053312824345845
1.417224730200926	0.9244339848458326	1.239887999048676
1.4139536529425953	0.9567946958660754	1.2728668009195034
1.4052468111882834	0.990472772241902	1.303733765533836
1.3912023574425814	1.0252538657290184	1.3319435120434322
1.3720409374512599	1.0608853164133745	1.3569503362641002
1.3480994676854787	1.0970715237566424	1.3782256884116904
1.31981679394769	1.1334722784769962	1.3952817911503932
1.2877161504441925	1.1697025098416947	1.4076864299774197
1.2523857903017994	1.2053312824345845	1.4150863594388847
1.2144545793878898	1.239887999048676	1.417224730200926
1.1745723159963484	1.2728668009195034	1.4139536529425953
1.1333863831708162	1.303733765533836	1.4052468111882834
1.0915249958499478	1.3319435120434322	1.3912023574425814
1.0495804773199324	1.3569503362641002	1.3720409374512599
1.0080979970212776	1.3782256884116904	1.3480994676854787
0.9675667722672637	1.3952817911503932	1.31981679394769
0.928415376197911	1.4076864299774197	1.2877161504441925
0.8910095522276988	1.4150863594388847	1.2523857903017994
0.8556533225225722	1.417224730200926	1.2144545793878898
0.8225912090343345	1.4139536529425953	1.1745723159963484
0.7920131576766343	1.4052468111882834	1.1333863831708162
0.764059407397316	1.3912023574425814	1.0915249958499478
0.7388266012826012	1.3720409374512599	1.0495804773199324
0.7163743432443116	1.3480994676854787	1.0080979970212776
0.6967306102769876	1.31981679394769	0.9675667722672637
0.679898756732015	1.2877161504441925	0.928415376197911
0.6658619492932458	1.2523857903017994	0.8910095522276988
0.6545887039348014	1.2144545793878898	0.8556533225225722
0.6460376200333137	1.1745723159963484	0.8225912090343345
0.640159978872012	1.1333863831708162	0.7920131576766343
0.6369042599556478	1.0915249958499478	0.764059407397316
0.6362182590141146	1.0495804773199324	0.7388266012826012
0.6380499924866243	1.0080979970212776	0.7163743432443116
0.6423507736099994	0.9675667722672637	0.6967306102769876
0.6490753041082046	0.928415376197911	0.679898756732015
0.6581815936562656	0.8910095522276988	0.6658619492932458
0.6696320006354488	0.8556533225225722	0.6545887039348014
0.6833917852041274	0.8225912090343345	0.6460376200333137
0.699427986636393	0.7920131576766343	0.640159978872012
0.7177089907702702	0.764059407397316	0.6369042599556478
0.7382015591437378	0.7388266012826012	0.6362182590141146
0.7608685738215405	0.7163743432443116	0.6380499924866243
0.7856671208689515	0.6967306102769876	0.6423507736099994
0.8125439107590303	0.679898756732015	0.6490753041082046
0.8414317855996931	0.6658619492932458	0.6581815936562656
0.8722464286420095	0.6545887039348014	0.6696320006354488
0.9048804204990866	0.6460376200333137	0.6833917852041274
0.9391983324721732	0.640159978872012	0.699427986636393
0.9750327158054519	0.6369042599556478	0.7177089907702702
1.012177601175649	0.6362182590141146	0.7382015591437378
1.0503833367777746	0.6380499924866243	0.7608685738215405
1.089353450990436	0.6423507736099994	0.7856671208689515
1.1287394307884289	0.6490753041082046	0.8125439107590303
1.1681395937627828	0.6581815936562656	0.8414317855996931
1.2070990969337496	0.6696320006354488	0.8722464286420095
1.2451101136022544	0.6833917852041274	0.9048804204990866
1.2816208832829594	0.699427986636393	0.9391983324721732
1.316041792178472	0.7177089907702702	0.9750327158054519
1.3477572274613967	0.7382015591437378	1.012177601175649
1.3761467561882885	0.7608685738215405	1.0503833367777746
1.4005992605400301	0.7856671208689515	1.089353450990436
1.420539081075283	0.8125439107590303	1.1287394307884289
1.4354507370929916	0.8414317855996931	1.1681395937627828
1.4448994544933875	0.8722464286420095	1.2070990969337496
1.4485586104084023	0.9048804204990866	1.2451101136022544
1.446225029274807	0.9391983324721732	1.2816208832829594
1.4378337035141309	0.9750327158054519	1.316041792178472
1.4234658653755312	1.012177601175649	1.3477572274613967
1.4033468891921586	1.0503833367777746	1.3761467561882885
1.3778390176373556	1.089353450990436	1.4005992605400301
1.3474272800125686	1.1287394307884289	1.420539081075283
1.3126966837463168	1.1681395937627828	1.4354507370929916
1.274310480637026	1.2070990969337496	1.4448994544933875
1.2329807441064786	1.2451101136022544	1.4485586104084023
1.189443732868695	1.2816208832829594	1.446225029274807
1.14443321593177	1.316041792178472	1.4378337035141309
1.0986590370499825	1.3477572274613967	1.4234658653755312
1.0527883039551997	1.3761467561882885	1.4033468891921586
1.0074315351699217	1.4005992605400301	1.3778390176373556
0.963132933494126	1.420539081075283	1.3474272800125686
0.9203651093017855	1.4354507370929916	1.3126966837463168
0.8795270923159546	1.4448994544933875	1.274310480637026
0.8409461127756548	1.4485586104084023	1.2329807441064786
0.8048807482119236	1.446225029274807	1.189443732868695
0.7715271839084382	1.4378337035141309	1.14443321593177
0.7410251315387884	1.4234658653755312	1.0986590370499825
0.7134656347014837	1.4033468891921586	1.0527883039551997
0.6888983670429598	1.3778390176373556	1.0074315351699217
0.6673386716997844	1.3474272800125686	0.963132933494126
0.6487753036627509	1.3126966837463168	0.9203651093017855
0.6331756865504455	1.274310480637026	0.8795270923159546
0.6204927391349166	1.2329807441064786	0.8409461127756548
0.6106692704682215	1.189443732868695	0.8048807482119236
0.6036421232258751	1.14443321593177	0.7715271839084382
0.5993467442884678	1.0986590370499825	0.7410251315387884
0.597718875938731	1.0527883039551997	0.7134656347014837
0.598697120668842	1.0074315351699217	0.6888983670429598
0.6022254554260188	0.963132933494126	0.6673386716997844
0.6082530652505649	0.9203651093017855	0.6487753036627509
0.616735655984237	0.8795270923159546	0.6331756865504455
0.62763559389622	0.8409461127756548	0.6204927391349166
0.6409206256113417	0.8048807482119236	0.6106692704682215
0.6565640241084028	0.7715271839084382	0.6036421232258751
0.6745428256166086	0.7410251315387884	0.5993467442884678
0.6948355289853795	0.7134656347014837	0.597718875938731
0.7174208748761628	0.6888983670429598	0.598697120668842
0.7422741778941833	0.6673386716997844	0.6022254554260188
0.7693638987161878	0.6487753036627509	0.6082530652505649
0.7986488900426635	0.6331756865504455	0.616735655984237
0.8300727739555275	0.6204927391349166	0.62763559389622
0.8635589942981035	0.6106692704682215	0.6409206256113417
0.8990065789380626	0.6036421232258751	0.6565640241084028
0.9362827639543764	0.5993467442884678	0.6745428256166086
0.9752166743219637	0.597718875938731	0.6948355289853795
1.0155943917255907	0.598697120668842	0.7174208748761628
1.057151126787432	0.6022254554260188	0.7422741778941833
1.0995656637886049	0.6082530652505649	0.7693638987161878
1.1424568736493206	0.616735655984237	0.7986488900426635
1.1853787346264821	0.62763559389622	0.8300727739555275
1.2278215698829222	0.6409206256113417	0.8635589942981035
1.269213369905322	0.6565640241084028	0.8990065789380626
1.3089245461467305	0.6745428256166086	0.9362827639543764
1.3462825796410642	0.6948355289853795	0.9752166743219637
1.380582326743049	0.7174208748761628	1.0155943917255907
1.411108968535022	0.7422741778941833	1.057151126787432
1.4371637813222022	0.7693638987161878	1.0995656637886049
1.4580871144446266	0.7986488900426635	1.1424568736493206
1.473294703191209	0.8300727739555275	1.1853787346264821
1.4823022761439897	0.8635589942981035	1.2278215698829222
1.4847545432630762	0.8990065789380626	1.269213369905322
1.4804488258142123	0.9362827639543764	1.3089245461467305
1.469347522470698	0.9752166743219637	1.3462825796410642
1.4515869472326244	1.0155943917255907	1.380582326743049
1.4274734459876863	1.057151126787432	1.411108968535022
1.3974699143294764	1.0995656637886049	1.4371637813222022
1.3621773911683017	1.1424568736493206	1.4580871144446266
1.322304923995311	1.1853787346264821	1.473294703191209
1.2786407904073904	1.2278215698829222	1.4823022761439897
1.2320174668483335	1.269213369905322	1.4847545432630762
1.1832809577079197	1.3089245461467305	1.4804488258142123
1.1332606037998563	1.3462825796410642	1.469347522470698
1.082744868320184	1.380582326743049	1.4515869472326244
1.0324613584391962	1.411108968535022	1.4274734459876863
0.9830631768524755	1.4371637813222022	1.3974699143294764
0.9351200921238394	1.4580871144446266	1.3621773911683017
0.8891152039465967	1.473294703191209	1.322304923995311
0.8454450404392403	1.4823022761439897	1.2786407904073904
0.8044238317583895	1.4847545432630762	1.2320174668483335
0.7662890294607461	1.4804488258142123	1.1832809577079197
0.7312099510496367	1.469347522470698	1.1332606037998563
0.6992954418821472	1.4515869472326244	1.082744868320184
0.6706040962133437	1.4274734459876863	1.0324613584391962
0.6451520409038343	1.3974699143294764	0.9830631768524755
0.6229223820319673	1.3621773911683017	0.9351200921238394
0.6038725038209025	1.322304923995311	0.8891152039465967
0.5879411467111998	1.2786407904073904	0.8454450404392403
0.5750553080105434	1.2320174668483335	0.8044238317583895
0.5651342669268172	1.1832809577079197	0.7662890294607461
0.5580954232196317	1.1332606037998563	0.7312099510496367
0.5538573437083381	1.082744868320184	0.6992954418821472
0.5523420501971439	1.0324613584391962	0.6706040962133437
0.5534786625527517	0.9830631768524755	0.6451520409038343
0.5572037231301356	0.9351200921238394	0.6229223820319673
0.563462672961819	0.8891152039465967	0.6038725038209025
0.5722107282964799	0.8454450404392403	0.5879411467111998
0.5834119004673575	0.8044238317583895	0.5750553080105434
0.5970395344679258	0.7662890294607461	0.5651342669268172
0.613074962249023	0.7312099510496367	0.5580954232196317
0.6315057770446341	0.6992954418821472	0.5538573437083381
0.6523250112363355	0.6706040962133437	0.5523420501971439
0.6755277800388801	0.6451520409038343	0.5534786625527517
0.7011088345159953	0.6229223820319673	0.5572037231301356
0.7290599171394523	0.6038725038209025	0.563462672961819
0.75936427324425	0.5879411467111998	0.5722107282964799
0.791993080025967	0.5750553080105434	0.5834119004673575
0.826900545626671	0.5651342669268172	0.5970395344679258
0.8640159538391595	0.5580954232196317	0.613074962249023
0.9032387395034871	0.5538573437083381	0.6315057770446341
0.9444311817603563	0.5523420501971439	0.6523250112363355
0.9874086081427299	0.5534786625527517	0.6755277800388801
1.0319336396992271	0.5572037231301356	0.7011088345159953
1.0777076898683966	0.563462672961819	0.7290599171394523
1.1243625710384306	0.5722107282964799	0.75936427324425
1.171456714591276	0.5834119004673575	0.791993080025967
1.2184694010669237	0.5970395344679258	0.826900545626671
1.264801553093565	0.613074962249023	0.8640159538391595
1.309779516207002	0.6315057770446341	0.9032387395034871
1.3526602757654633	0.6523250112363355	0.9444311817603563
1.3926508467971566	0.6755277800388801	0.9874086081427299
1.4289251456642007	0.7011088345159953	1.0319336396992271
1.4606497425671934	0.7290599171394523	1.0777076898683966
1.487021708104509	0.75936427324425	1.1243625710384306
1.5072969612389844	0.791993080025967	1.171456714591276
1.5208348242800065	0.826900545626671	1.2184694010669237
1.5271304063551885	0.8640159538391595	1.264801553093565
1.5258469984169547	0.9032387395034871	1.309779516207002
1.5168421887542205	0.9444311817603563	1.3526602757654633
1.500178764957441	0.9874086081427299	1.3926508467971566
1.476128654045165	1.0319336396992271	1.4289251456642007
1.4451614220457218	1.0777076898683966	1.4606497425671934
1.407921204973014	1.1243625710384306	1.487021708104509
1.3651972987963243	1.171456714591276	1.5072969612389844
1.3178832483820948	1.2184694010669237	1.5208348242800065
1.2669389922493084	1.264801553093565	1.5271304063551885
1.2133472364828124	1.309779516207002	1.5258469984169547
1.158078619410877	1.3526602757654633	1.5168421887542205
1.1020575309936167	1.3926508467971566	1.500178764957441
1.0461383460043303	1.4289251456642007	1.476128654045165
0.9910861796420287	1.4606497425671934	1.4451614220457218
0.9375663543589333	1.487021708104509	1.407921204973014
0.8861394267853744	1.5072969612389844	1.3651972987963243
0.837261530137369	1.5208348242800065	1.3178832483820948
0.7912895998050071	1.5271304063551885	1.2669389922493084
0.7484883849640462	1.5258469984169547	1.2133472364828124
0.7090411470240737	1.5168421887542205	1.158078619410877
0.6730594052382164	1.500178764957441	1.1020575309936167
0.6405952451149827	1.476128654045165	1.0461383460043303
0.6116512111744712	1.4451614220457218	0.9910861796420287
0.5861915440846122	1.407921204973014	0.9375663543589333
0.564151077578423	1.3651972987963243	0.8861394267853744
0.5454438691648895	1.3178832483820948	0.837261530137369
0.5299710369423282	1.2669389922493084	0.7912895998050071
0.5176259983440706	1.2133472364828124	0.7484883849640462
0.508301116481698	1.158078619410877	0.7090411470240737
0.5018908046523454	1.1020575309936167	0.6730594052382164
0.4982954727994861	1.0461383460043303	0.6405952451149827
0.4974244910840856	0.9910861796420287	0.6116512111744712
0.4991971436246031	0.9375663543589333	0.5861915440846122
0.503545147047681	0.8861394267853744	0.564151077578423
0.5104124805519658	0.837261530137369	0.5454438691648895
0.5197559090704588	0.7912895998050071	0.5299710369423282
0.531545338443001	0.7484883849640462	0.5176259983440706
0.5457622974266385	0.7090411470240737	0.508301116481698
0.5623998968188889	0.6730594052382164	0.5018908046523454
0.5814609222522942	0.6405952451149827	0.4982954727994861
0.6029558886560877	0.6116512111744712	0.4974244910840856
0.6269016042738812	0.5861915440846122	0.4991971436246031
0.6533172516461249	0.564151077578423	0.503545147047681
0.6822217339009976	0.5454438691648895	0.5104124805519658
0.7136300858980531	0.5299710369423282	0.5197559090704588
0.7475471637750624	0.5176259983440706	0.531545338443001
0.783963645803721	0.508301116481698	0.5457622974266385
0.8228494934402432	0.5018908046523454	0.5623998968188889
0.8641446604927557	0.4982954727994861	0.5814609222522942
0.9077532506006775	0.4974244910840856	0.6029558886560877
0.9535335432162172	0.4991971436246031	0.6269016042738812
1.001286329772318	0.503545147047681	0.6533172516461249
1.0507477334534132	0.5104124805519658	0.6822217339009976
1.1015772463511153	0.5197559090704588	0.7136300858980531
1.1533479096905528	0.531545338443001	0.7475471637750624
1.2055409175996648	0.5457622974266385	0.783963645803721
1.2575379264009159	0.5623998968188889	0.8228494934402432
1.3086233713522406	0.5814609222522942	0.8641446604927557
1.3579872044063561	0.6029558886560877	0.9077532506006775
1.4047362863508628	0.6269016042738812	0.9535335432162172
1.447917940912774	0.6533172516461249	1.001286329772318
1.486541206848704	0.6822217339009976	1.0507477334534132
1.5196208969717273	0.7136300858980531	1.1015772463511153
1.5462154246350068	0.7475471637750624	1.1533479096905528
1.5654755704850996	0.783963645803721	1.2055409175996648
1.5766961087039972	0.8228494934402432	1.2575379264009159
1.5793559151391494	0.8641446604927557	1.3086233713522406
1.5731606097854116	0.9077532506006775	1.3579872044063561
1.5580632631210507	0.9535335432162172	1.4047362863508628
1.5342765934599512	1.001286329772318	1.447917940912774
1.50226583453859	1.0507477334534132	1.486541206848704
1.4627241070613646	1.1015772463511153	1.5196208969717273
1.4165383131207048	1.1533479096905528	1.5462154246350068
1.364738980363686	1.2055409175996648	1.5654755704850996
1.308451437732448	1.2575379264009159	1.5766961087039972
1.2488399656831084	1.3086233713522406	1.5793559151391494
1.1870611495028016	1.3579872044063561	1.5731606097854116
1.124219588421769	1.4047362863508628	1.5580632631210507
1.0613355098831532	1.447917940912774	1.5342765934599512
0.9993201508506311	1.486541206848704	1.50226583453859
0.9389613100701956	1.5196208969717273	1.4627241070613646
0.8809172966810067	1.5462154246350068	1.4165383131207048
0.8257175712161603	1.5654755704850996	1.364738980363686
0.7737692960549797	1.5766961087039972	1.308451437732448
0.7253673736251548	1.5793559151391494	1.2488399656831084
0.6807071283386149	1.5731606097854116	1.1870611495028016
0.6398981947308378	1.5580632631210507	1.124219588421769
0.6029786010242465	1.5342765934599512	1.0613355098831532
0.5699285171387045	1.50226583453859	0.9993201508506311
0.5406831176498319	1.4627241070613646	0.9389613100701956
0.5151439720049376	1.4165383131207048	0.8809172966810067
0.49318980050604994	1.364738980363686	0.8257175712161603
0.47468442780743725	1.308451437732448	0.7737692960549797
0.45948548700856184	1.2488399656831084	0.7253673736251548
0.44744911114963365	1.1870611495028016	0.6807071283386149
0.4384362934594562	1.124219588421769	0.6398981947308378
0.432315978586221	1.0613355098831532	0.6029786010242465
0.4289682861084792	0.9993201508506311	0.5699285171387045
0.4282871227662731	0.9389613100701956	0.5406831176498319
0.43018089825561495	0.8809172966810067	0.5151439720049376
0.4345746132475165	0.8257175712161603	0.49318980050604994
0.4414093522442099	0.7737692960549797	0.47468442780743725
0.45064302621076074	0.7253673736251548	0.45948548700856184
0.46224996976858634	0.6807071283386149	0.44744911114963365
0.476219968229847	0.6398981947308378	0.4384362934594562
0.492558142432768	0.6029786010242465	0.432315978586221
0.5112828503613915	0.5699285171387045	0.4289682861084792
0.5324247886997198	0.5406831176498319	0.4282871227662731
0.5560248934811146	0.5151439720049376	0.43018089825561495
0.5821315853775321	0.49318980050604994	0.4345746132475165
0.6107987736726468	0.47468442780743725	0.4414093522442099
0.6420812847545738	0.45948548700856184	0.45064302621076074
0.6760311817548496	0.44744911114963365	0.46224996976858634
0.7126932917192383	0.4384362934594562	0.476219968229847
0.7520972881852397	0.432315978586221	0.492558142432768
0.79425213690646	0.4289682861084792	0.5112828503613915
0.8391376878355197	0.4282871227662731	0.5324247886997198
0.8866925104148078	0.43018089825561495	0.5560248934811146
0.9368055975421709	0.4345746132475165	0.5821315853775321
0.9893032075895255	0.4414093522442099	0.6107987736726468
1.0439333499423429	0.45064302621076074	0.6420812847545738
1.1003557122877234	0.46224996976858634	0.6760311817548496
1.1581258564438959	0.476219968229847	0.7126932917192383
1.2166833656681633	0.492558142432768	0.7520972881852397
1.2753445435284863	0.5112828503613915	0.79425213690646
1.3332955273546299	0.5324247886997198	0.8391376878355197
1.3895984427750527	0.5560248934811146	0.8866925104148078
1.4431979903079943	0.5821315853775321	0.9368055975421709
1.4929476654027904	0.6107987736726468	0.9893032075895255
1.5376422865762511	0.6420812847545738	1.0439333499423429
1.5760600548741868	0.6760311817548496	1.1003557122877234
1.607026841081475	0.7126932917192383	1.1581258564438959
1.6294698601876467	0.7520972881852397	1.2166833656681633
1.6424931446092588	0.79425213690646	1.2753445435284863
1.6454321252067414	0.8391376878355197	1.3332955273546299
1.6379100127554607	0.8866925104148078	1.3895984427750527
1.619870040003186	0.9368055975421709	1.4431979903079943
1.591588250715307	0.9893032075895255	1.4929476654027904
1.553664444906194	1.0439333499423429	1.5376422865762511
1.5069858679139947	1.1003557122877234	1.5760600548741868
1.4526783036348638	1.1581258564438959	1.607026841081475
1.3920373190167328	1.2166833656681633	1.6294698601876467
1.3264604896202117	1.2753445435284863	1.6424931446092588
1.2573746655078053	1.3332955273546299	1.6454321252067414
1.1861744472195679	1.3895984427750527	1.6379100127554607
1.114168907807301	1.4431979903079943	1.619870040003186
1.042542426427109	1.4929476654027904	1.591588250715307
0.9723290014399703	1.5376422865762511	1.553664444906194
0.9043987299892701	1.5760600548741868	1.5069858679139947
0.8394552693227831	1.607026841081475	1.4526783036348638
0.7780420093460224	1.6294698601876467	1.3920373190167328
0.7205535788937348	1.6424931446092588	1.3264604896202117
0.6672523645958656	1.6454321252067414	1.2573746655078053
0.6182859989404227	1.6379100127554607	1.1861744472195679
0.5737064174309976	1.619870040003186	1.114168907807301
0.5334877736710743	1.591588250715307	1.042542426427109
0.4975436169366374	1.553664444906194	0.9723290014399703
0.46574216049073275	1.5069858679139947	0.9043987299892701
0.4379199320134748	1.4526783036348638	0.8394552693227831
0.4138931368030599	1.3920373190167328	0.7780420093460224
0.39346784606727014	1.3264604896202117	0.7205535788937348
0.376447267201184	1.2573746655078053	0.6672523645958656
0.36263905679483155	1.1861744472195679	0.6182859989404227
0.35185941873987725	1.114168907807301	0.5737064174309976
0.34393791756022435	1.042542426427109	0.5334877736710743
0.3387193167419633	0.9723290014399703	0.4975436169366374
0.33606658114750626	0.9043987299892701	0.46574216049073275
0.33586132337343083	0.8394552693227831	0.4379199320134748
0.33800527997172075	0.7780420093460224	0.4138931368030599
0.3424202318305506	0.7205535788937348	0.39346784606727014
0.34904817286767204	0.6672523645958656	0.376447267201184
0.357851225244767	0.6182859989404227	0.36263905679483155
0.36881076302354865	0.5737064174309976	0.35185941873987725
0.3819274250636193	0.5334877736710743	0.34393791756022435
0.3972196365242083	0.4975436169366374	0.3387193167419633
0.4147233106480701	0.46574216049073275	0.33606658114750626
0.4344903289628505	0.4379199320134748	0.33586132337343083
0.45658732542448155	0.4138931368030599	0.33800527997172075
0.4810943973401931	0.39346784606727014	0.3424202318305506
0.5081025600595475	0.376447267201184	0.34904817286767204
0.5377121134611789	0.36263905679483155	0.357851225244767
0.5700291204382563	0.35185941873987725	0.36881076302354865
0.6051616351516006	0.34393791756022435	0.3819274250636193
0.6432160571436913	0.3387193167419633	0.3972196365242083
0.6842898869682377	0.33606658114750626	0.4147233106480701
0.7284654653934391	0.33586132337343083	0.4344903289628505
0.7758022436138744	0.33800527997172075	0.45658732542448155
0.8263236721464338	0.3424202318305506	0.4810943973401931
0.8800070781426876	0.34904817286767204	0.5081025600595475
0.9367691808279257	0.357851225244767	0.5377121134611789
0.9964462459958823	0.36881076302354865	0.5700291204382563
1.0587798236463528	0.3819274250636193	0.6051616351516006
1.1233949698852899	0.3972196365242083	0.6432160571436913
1.1897792908624985	0.4147233106480701	0.6842898869682377
1.2572677815704139	0.4344903289628505	0.7284654653934391
1.3250245818246478	0.45658732542448155	0.7758022436138744
1.392037771598973	0.4810943973401931	0.8263236721464338
1.4571164822246028	0.5081025600595475	0.8800070781426876
1.518910250584899	0.5377121134611789	0.9367691808279257
1.5759361082983072	0.5700291204382563	0.9964462459958823
1.6266262458105123	0.6051616351516006	1.0587798236463528
1.6694014124914272	0.6432160571436913	1.1233949698852899
1.7027453105233465	0.6842898869682377	1.1897792908624985
1.7253092126391139	0.7284654653934391	1.2572677815704139
1.7359976401853594	0.7758022436138744	1.3250245818246478
1.7340648363402487	0.8263236721464338	1.392037771598973
1.7191754537774449	0.8800070781426876	1.4571164822246028
1.6914474950200036	0.9367691808279257	1.518910250584899
1.6514522556641218	0.9964462459958823	1.5759361082983072
1.6001821830261007	1.0587798236463528	1.6266262458105123
1.5389840532455017	1.1233949698852899	1.6694014124914272
1.4694707526206132	1.1897792908624985	1.7027453105233465
1.393417633364635	1.2572677815704139	1.7253092126391139
1.3126618968872386	1.3250245818246478	1.7359976401853594
1.2290065953336489	1.392037771598973	1.7340648363402487
1.1441442406252629	1.4571164822246028	1.7191754537774449
1.0595985406715154	1.518910250584899	1.6914474950200036
0.9766871286042146	1.5759361082983072	1.6514522556641218
0.8965036942821868	1.6266262458105123	1.6001821830261007
0.8199158901701916	1.6694014124914272	1.5389840532455017
0.7475754584195231	1.7027453105233465	1.4694707526206132
0.6799367411196766	1.7253092126391139	1.393417633364635
0.6172807965276044	1.7359976401853594	1.3126618968872386
0.5597408129102507	1.7340648363402487	1.2290065953336489
0.5073288767055435	1.7191754537774449	1.1441442406252629
0.4599606310064891	1.6914474950200036	1.0595985406715154
0.4174780895443303	1.6514522556641218	0.9766871286042146
0.37967008063070457	1.6001821830261007	0.8965036942821868
0.3462890680347582	1.5389840532455017	0.8199158901701916
0.31706620935055985	1.4694707526206132	0.7475754584195231
0.29172265056310753	1.393417633364635	0.6799367411196766
0.2699795808660597	1.3126618968872386	0.6172807965276044
0.25156500532843085	1.2290065953336489	0.5597408129102507
0.23621992011170442	1.1441442406252629	0.5073288767055435
0.22370182254496204	1.0595985406715154	0.4599606310064891
0.21378804167909388	0.9766871286042146	0.4174780895443303
0.2062771264601125	0.8965036942821868	0.37967008063070457
0.2009902674966522	0.8199158901701916	0.3462890680347582
0.19777142377914225	0.7475754584195231	0.31706620935055985
0.19648758162791102	0.6799367411196766	0.29172265056310753
0.19702820860944534	0.6172807965276044	0.2699795808660597
0.19930492852679876	0.5597408129102507	0.25156500532843085
0.20325066310118525	0.5073288767055435	0.23621992011170442
0.20881913936622157	0.4599606310064891	0.22370182254496204
0.21598391716292273	0.4174780895443303	0.21378804167909388
0.22473800379827857	0.37967008063070457	0.2062771264601125
0.23509286826060422	0.3462890680347582	0.2009902674966522
0.2470782742771165	0.31706620935055985	0.19777142377914225
0.2607413898026013	0.29172265056310753	0.19648758162791102
0.2761467187243246	0.2699795808660597	0.19702820860944534
0.2933754734034346	0.25156500532843085	0.19930492852679876
0.3125253262154636	0.23621992011170442	0.20325066310118525
0.3337100732593642	0.22370182254496204	0.20881913936622157
0.3570590260408068	0.21378804167909388	0.21598391716292273
0.38271665002253075	0.2062771264601125	0.22473800379827857
0.41084140805287767	0.2009902674966522	0.23509286826060422
0.4416047443043092	0.19777142377914225	0.2470782742771165
0.47518952705495343	0.19648758162791102	0.2607413898026013
0.5117868617472675	0.19702820860944534	0.2761467187243246
0.5515934185756194	0.19930492852679876	0.2933754734034346
0.5948069515772658	0.20325066310118525	0.3125253262154636
0.6416184407336045	0.20881913936622157	0.3337100732593642
0.6922057205452323	0.21598391716292273	0.3570590260408068
0.7467225488957331	0.22473800379827857	0.38271665002253075
0.8052824451195914	0.23509286826060422	0.41084140805287767
0.8679455784245199	0.2470782742771165	0.4416047443043092
0.9346949604315281	0.2607413898026013	0.47518952705495343
1.0054113756665164	0.2761467187243246	0.5117868617472675
1.0798479670754049	0.2933754734034346	0.5515934185756194
1.1575921217914795	0.3125253262154636	0.5948069515772658
1.2380369447786457	0.3337100732593642	0.6416184407336045
1.3203439989679366	0.3570590260408068	0.6922057205452323
1.4034144105567934	0.38271665002253075	0.7467225488957331
1.4858680350983475	0.41084140805287767	0.8052824451195914
1.5660397258151033	0.4416047443043092	0.8679455784245199
1.641997331823358	0.47518952705495343	0.9346949604315281
1.7115854890217104	0.5117868617472675	1.0054113756665164
1.7725155714053769	0.5515934185756194	1.0798479670754049
1.822472437439587	0.5948069515772658	1.1575921217914795
1.859274004744716	0.6416184407336045	1.2380369447786457
1.8810250001465783	0.6922057205452323	1.3203439989679366
1.8862919476217563	0.7467225488957331	1.4034144105567934
1.8742362844389067	0.8052824451195914	1.4858680350983475
1.8447153575268667	0.8679455784245199	1.5660397258151033
1.7983106623509937	0.9346949604315281	1.641997331823358
1.7362945391138127	1.0054113756665164	1.7115854890217104
1.6605265802654143	1.0798479670754049	1.7725155714053769
1.573306283987579	1.1575921217914795	1.822472437439587
1.4771985098545566	1.2380369447786457	1.859274004744716
1.374855432457105	1.3203439989679366	1.8810250001465783
1.2688592257924685	1.4034144105567934	1.8862919476217563
1.1615948842804713	1.4858680350983475	1.8742362844389067
1.0551613519672287	1.5660397258151033	1.8447153575268667
0.9513211392302255	1.641997331823358	1.7983106623509937
0.8514826969322732	1.7115854890217104	1.7362945391138127
0.7567088586874992	1.7725155714053769	1.6605265802654143
0.6677436018453108	1.822472437439587	1.573306283987579
0.5850494917351826	1.859274004744716	1.4771985098545566
0.5088504968096718	1.8810250001465783	1.374855432457105
0.4391758408236131	1.8862919476217563	1.2688592257924685
0.3759005469391253	1.8742362844389067	1.1615948842804713
0.31878366660824226	1.8447153575268667	1.0551613519672287
0.2675000781690401	1.7983106623509937	0.9513211392302255
0.22166813094552573	1.7362945391138127	0.8514826969322732
0.18087223865202526	1.6605265802654143	0.7567088586874992
0.14468035652444597	1.573306283987579	0.6677436018453108
0.11265851664264334	1.4771985098545566	0.5850494917351826
0.08438066174357683	1.374855432457105	0.5088504968096718
0.05943678872719325	1.2688592257924685	0.4391758408236131
0.03743777478977037	1.1615948842804713	0.3759005469391253
0.018018818921412678	1.0551613519672287	0.31878366660824226
0.0008412694506324945	0.9513211392302255	0.2675000781690401
-0.014407059689729985	0.8514826969322732	0.22166813094552573
-0.02801184494216596	0.7567088586874992	0.18087223865202526
-0.04023364219043281	0.6677436018453108	0.14468035652444597
-0.0513090327996496	0.5850494917351826	0.11265851664264334
-0.061452606838672444	0.5088504968096718	0.08438066174357683
-0.07085893215786986	0.4391758408236131	0.05943678872719325
-0.07970454552468463	0.3759005469391253	0.03743777478977037
-0.08815032402326098	0.31878366660824226	0.018018818921412678
-0.09634334403287138	0.2675000781690401	0.0008412694506324945
-0.10441927256588773	0.22166813094552573	-0.014407059689729985
-0.1125041153171611	0.18087223865202526	-0.02801184494216596
-0.12071640635573107	0.14468035652444597	-0.04023364219043281
-0.12916887052645173	0.11265851664264334	-0.0513090327996496
-0.13797035729318274	0.08438066174357683	-0.061452606838672444
-0.14722740166723794	0.05943678872719325	-0.07085893215786986
-0.15704596694266734	0.03743777478977037	-0.07970454552468463
-0.16753286474257295	0.018018818921412678	-0.08815032402326098
-0.17879741950579456	0.0008412694506324945	-0.09634334403287138
-0.1909527059657943	-0.014407059689729985	-0.10441927256588773
-0.20411724015601515	-0.02801184494216596	-0.1125041153171611
-0.21841602787449385	-0.04023364219043281	-0.12071640635573107
-0.2339822987251402	-0.0513090327996496	-0.12916887052645173
-0.25095844862810285	-0.061452606838672444	-0.13797035729318274
-0.2694976523106504	-0.07085893215786986	-0.14722740166723794
-0.28976490780082553	-0.07970454552468463	-0.15704596694266734
-0.31193816596103613	-0.08815032402326098	-0.16753286474257295
-0.3362095781260317	-0.09634334403287138	-0.17879741950579456
-0.36278598928446215	-0.10441927256588773	-0.1909527059657943
-0.3918897937459125	-0.1125041153171611	-0.20411724015601515
-0.4237589984780171	-0.12071640635573107	-0.21841602787449385
-0.4586466823715851	-0.12916887052645173	-0.2339822987251402
-0.49682001440553875	-0.13797035729318274	-0.25095844862810285
-0.5385581445116175	-0.14722740166723794	-0.2694976523106504
-0.5841478529820546	-0.15704596694266734	-0.28976490780082553
-0.6338789660923559	-0.16753286474257295	-0.31193816596103613
-0.6880359191848129	-0.17879741950579456	-0.3362095781260317
-0.7468858351508788	-0.1909527059657943	-0.36278598928446215
-0.8106657599560055	-0.20411724015601515	-0.3918897937459125
-0.8795591863388992	-0.21841602787449385	-0.4237589984780171
-0.9536740210318335	-0.2339822987251402	-0.4586466823715851
-1.0330080999294233	-0.25095844862810285	-0.49682001440553875
-1.1174097692102698	-0.2694976523106504	-0.5385581445116175
-1.206533885681141	-0.28976490780082553	-0.5841478529820546
-1.2997846504104802	-0.31193816596103613	-0.6338789660923559
-1.3962659689783603	-0.3362095781260317	-0.6880359191848129
-1.4947207674794474	-0.36278598928446215	-0.7468858351508788
-1.5934908365408378	-0.3918897937459125	-0.8106657599560055
-1.6904866396846163	-0.4237589984780171	-0.8795591863388992
-1.7831979934172468	-0.4586466823715851	-0.9536740210318335
-1.8687393348095918	-0.49682001440553875	-1.0330080999294233
-1.943967912172194	-0.5385581445116175	-1.1174097692102698
-2.005645003384204	-0.5841478529820546	-1.206533885681141
-2.0506742228010504	-0.6338789660923559	-1.2997846504104802
-2.0763588330645306	-0.6880359191848129	-1.3962659689783603
-2.080674352828794	-0.7468858351508788	-1.4947207674794474
-2.0624972873114684	-0.8106657599560055	-1.5934908365408378
-2.0217505606856583	-0.8795591863388992	-1.6904866396846163
-1.959442176047341	-0.9536740210318335	-1.7831979934172468
-1.8775777339451891	-1.0330080999294233	-1.8687393348095918
-1.77897301507031	-1.1174097692102698	-1.943967912172194
-1.6669919641171038	-1.206533885681141	-2.005645003384204
-1.5452601154837162	-1.2997846504104802	-2.0506742228010504
-1.4173942388544907	-1.3962659689783603	-2.0763588330645306
-1.286778787007698	-1.4947207674794474	-2.080674352828794
-1.1564058793944003	-1.5934908365408378	-2.0624972873114684
-1.0287823178867086	-1.6904866396846163	-2.0217505606856583
-0.905895180359524	-1.7831979934172468	-1.959442176047341
-0.7892230887051032	-1.8687393348095918	-1.8775777339451891
-0.6797783139478536	-1.943967912172194	-1.77897301507031
-0.5781673070653545	-2.005645003384204	-1.6669919641171038
-0.4846580325527452	-2.0506742228010504	-1.5452601154837162
-0.39924678463062147	-2.0763588330645306	-1.4173942388544907
-0.32172139441381026	-2.080674352828794	-1.286778787007698
-0.25171559018829587	-2.0624972873114684	-1.1564058793944003
-0.18875551000542015	-2.0217505606856583	-1.0287823178867086
-0.13229836025820477	-1.959442176047341	-0.905895180359524
-0.08176207346338782	-1.8775777339451891	-0.7892230887051032
-0.03654938469674617	-1.77897301507031	-0.6797783139478536
0.003934736832184364	-1.6669919641171038	-0.5781673070653545
0.04027050532793914	-1.5452601154837162	-0.4846580325527452
0.07301403362938091	-1.4173942388544907	-0.39924678463062147
0.1026922387832321	-1.286778787007698	-0.32172139441381026
0.12979919747724109	-1.1564058793944003	-0.25171559018829587
0.15479521630325205	-1.0287823178867086	-0.18875551000542015
0.17810693266260055	-0.905895180359524	-0.13229836025820477
0.20012838075589712	-0.7892230887051032	-0.08176207346338782
0.22122337343624904	-0.6797783139478536	-0.03654938469674617
0.24172743766223814	-0.5781673070653545	0.003934736832184364
0.261951190061666	-0.4846580325527452	0.04027050532793914
0.28218263890374157	-0.39924678463062147	0.07301403362938091
0.3026906752113914	-0.32172139441381026	0.1026922387832321
0.3237273888718155	-0.25171559018829587	0.12979919747724109
0.34553119593152676	-0.18875551000542015	0.15479521630325205
0.3683288163323666	-0.13229836025820477	0.17810693266260055
0.3923378290772422	-0.08176207346338782	0.20012838075589712
0.41776792210374064	-0.03654938469674617	0.22122337343624904
0.44482273467855477	0.003934736832184364	0.24172743766223814
0.47370000892585856	0.04027050532793914	0.261951190061666
0.504592394496008	0.07301403362938091	0.28218263890374157
0.5376863022137885	0.1026922387832321	0.3026906752113914
0.5731608052518297	0.12979919747724109	0.3237273888718155
0.6111853125910021	0.15479521630325205	0.34553119593152676
0.6519153024205064	0.17810693266260055	0.3683288163323666
0.6954881233084826	0.20012838075589712	0.3923378290772422
0.7420160737175496	0.22122337343624904	0.41776792210374064
0.7915768837559215	0.24172743766223814	0.44482273467855477
0.8442052871864503	0.261951190061666	0.47370000892585856
0.8998783168305021	0.28218263890374157	0.504592394496008
0.958500793990603	0.3026906752113914	0.5376863022137885
1.0198900058539186	0.3237273888718155	0.5731608052518297
1.0837534821642092	0.34553119593152676	0.6111853125910021
1.1496729080618313	0.3683288163323666	0.6519153024205064
1.2170828179785036	0.3923378290772422	0.6954881233084826
1.2852532125541478	0.41776792210374064	0.7420160737175496
1.3532783385689804	0.44482273467855477	0.7915768837559215
1.4200700475720154	0.47370000892585856	0.8442052871864503
1.4843670656931285	0.504592394496008	0.8998783168305021
1.5447502491342893	0.5376863022137885	0.958500793990603
1.599689081663686	0.5731608052518297	1.0198900058539186
1.6475895809889267	0.6111853125910021	1.0837534821642092
1.686878162945904	0.6519153024205064	1.1496729080618313
1.716085025831896	0.6954881233084826	1.2170828179785036
1.7339453369545406	0.7420160737175496	1.2852532125541478
1.7394924282720112	0.7915768837559215	1.3532783385689804
1.7321398377474315	0.8442052871864503	1.4200700475720154
1.7117388118158456	0.8998783168305021	1.4843670656931285
1.678601267801768	0.958500793990603	1.5447502491342893
1.6334889217407327	1.0198900058539186	1.599689081663686
1.5775622694520357	1.0837534821642092	1.6475895809889267
1.5123052115669178	1.1496729080618313	1.686878162945904
1.439425823079225	1.2170828179785036	1.716085025831896
1.3607524068653376	1.2852532125541478	1.7339453369545406
1.2781326893089733	1.3532783385689804	1.7394924282720112
1.1933440181818726	1.4200700475720154	1.7321398377474315
1.108024400080001	1.4843670656931285	1.7117388118158456
1.0236223713326964	1.5447502491342893	1.678601267801768
0.9413684332861577	1.599689081663686	1.6334889217407327
0.8622642502889227	1.6475895809889267	1.5775622694520357
0.7870865928332373	1.686878162945904	1.5123052115669178
0.7164016568800783	1.716085025831896	1.439425823079225
0.6505866123729754	1.7339453369545406	1.3607524068653376
0.5898551426641453	1.7394924282720112	1.2781326893089733
0.5342834906056937	1.7321398377474315	1.1933440181818726
0.4838372466800208	1.7117388118158456	1.108024400080001
0.43839504876433316	1.678601267801768	1.0236223713326964
0.39777091587604807	1.6334889217407327	0.9413684332861577
0.36173308268462473	1.5775622694520357	0.8622642502889227
0.330020230665544	1.5123052115669178	0.7870865928332373
0.3023549943539975	1.439425823079225	0.7164016568800783
0.27845458245858895	1.3607524068653376	0.6505866123729754
0.2580397057267935	1.2781326893089733	0.5898551426641453
0.24084066624203457	1.1933440181818726	0.5342834906056937
0.22660280981350533	1.108024400080001	0.4838372466800208
